ISO-10303-21;
HEADER;
FILE_DESCRIPTION (( 'STEP AP203' ),
    '1' );
FILE_NAME ('chassis_top_Default_sldprt.STEP',
    '2026-08-14T04:29:42',
    ( '' ),
    ( '' ),
    'SwSTEP 2.0',
    'SolidWorks 2023',
    '' );
FILE_SCHEMA (( 'CONFIG_CONTROL_DESIGN' ));
ENDSEC;

DATA;
#1 = DIRECTION ( 'NONE',  ( -0.000000000000000000, -0.7071067811865489050, 0.7071067811865460184 ) ) ;
#2 = VERTEX_POINT ( 'NONE', #1178 ) ;
#3 = CARTESIAN_POINT ( 'NONE',  ( -60.58628633108306616, 43.73399504917267677, 180.7031731313643093 ) ) ;
#4 = ORIENTED_EDGE ( 'NONE', *, *, #814, .F. ) ;
#5 = CARTESIAN_POINT ( 'NONE',  ( 111.4970470022502411, 27.74122839655510120, 164.7104064787466484 ) ) ;
#6 = DIRECTION ( 'NONE',  ( -0.000000000000000000, -0.7071067811865489050, 0.7071067811865460184 ) ) ;
#7 = CARTESIAN_POINT ( 'NONE',  ( -58.68609571231911559, 34.64439366705938284, 164.5425039373854759 ) ) ;
#8 = CARTESIAN_POINT ( 'NONE',  ( -37.66961966441640186, 38.21893044069950207, 175.1881085228910990 ) ) ;
#9 = ORIENTED_EDGE ( 'NONE', *, *, #6049, .F. ) ;
#10 = CARTESIAN_POINT ( 'NONE',  ( -24.40374506009727895, 30.35383285838748790, 167.3230109405790245 ) ) ;
#11 = CARTESIAN_POINT ( 'NONE',  ( -9.133331413139300636, 49.52368700678755431, 179.4217972771137681 ) ) ;
#12 = CARTESIAN_POINT ( 'NONE',  ( 35.24704700225026244, 49.24905965764588700, 179.1471699279720440 ) ) ;
#13 = LINE ( 'NONE', #1171, #7011 ) ;
#14 = CARTESIAN_POINT ( 'NONE',  ( 306.0000000000000000, 32.29721312022951452, -79.07497674282032563 ) ) ;
#15 = PLANE ( 'NONE',  #1816 ) ;
#16 = CARTESIAN_POINT ( 'NONE',  ( -15.28111790843809814, 47.96018567033169688, 184.9293637525233578 ) ) ;
#17 = CARTESIAN_POINT ( 'NONE',  ( -53.09459463774819454, 33.74337470060591926, 170.7125527827974167 ) ) ;
#18 = CARTESIAN_POINT ( 'NONE',  ( -61.44395195550715272, 37.76374588384230435, 174.7329239660338658 ) ) ;
#19 = ORIENTED_EDGE ( 'NONE', *, *, #6874, .F. ) ;
#20 = EDGE_CURVE ( 'NONE', #2850, #2114, #6207, .T. ) ;
#21 = CARTESIAN_POINT ( 'NONE',  ( 301.0000000000000000, 38.13054645356284311, -167.1348725761536684 ) ) ;
#22 = CARTESIAN_POINT ( 'NONE',  ( 3.163713668916934285, 38.50435114664722391, 175.4735292288387711 ) ) ;
#23 = CARTESIAN_POINT ( 'NONE',  ( 301.0000000000000000, 50.63054645356283601, -193.5346121594869828 ) ) ;
#24 = CARTESIAN_POINT ( 'NONE',  ( 301.0000000000000000, 32.29721312022951452, -79.07497674282032563 ) ) ;
#25 = PRODUCT_RELATED_PRODUCT_CATEGORY ( 'detail', '', ( #3970 ) ) ;
#26 = CARTESIAN_POINT ( 'NONE',  ( 23.85263717893752400, 28.93030866373716492, 165.8994867459287264 ) ) ;
#27 = CARTESIAN_POINT ( 'NONE',  ( 305.9999999999998863, 37.91071327473926544, -100.9617054369579279 ) ) ;
#28 = ORIENTED_EDGE ( 'NONE', *, *, #504, .T. ) ;
#29 = DIRECTION ( 'NONE',  ( 1.000000000000000000, 0.000000000000000000, 0.000000000000000000 ) ) ;
#30 = ADVANCED_FACE ( 'NONE', ( #4400, #4954 ), #2331, .T. ) ;
#31 = ORIENTED_EDGE ( 'NONE', *, *, #5681, .F. ) ;
#32 = CARTESIAN_POINT ( 'NONE',  ( -57.94992765350267661, 27.44990756247732477, 164.4190856446688542 ) ) ;
#33 = ORIENTED_EDGE ( 'NONE', *, *, #2722, .T. ) ;
#34 = VECTOR ( 'NONE', #430, 1000.000000000000114 ) ;
#35 = CARTESIAN_POINT ( 'NONE',  ( -0.5198354156923330471, 50.89939781403773367, 180.7975080843639546 ) ) ;
#36 = LINE ( 'NONE', #3184, #2759 ) ;
#37 = CARTESIAN_POINT ( 'NONE',  ( 306.0000000000000000, 38.13054645356284311, -167.1348725761536684 ) ) ;
#38 = CARTESIAN_POINT ( 'NONE',  ( 21.99687372775854755, 28.10321149426361131, 165.0723895764550946 ) ) ;
#39 = CARTESIAN_POINT ( 'NONE',  ( -3.252003306356050949, 39.56446335075336407, 169.4625736210794855 ) ) ;
#40 = ADVANCED_FACE ( 'NONE', ( #4991 ), #3768, .T. ) ;
#41 = VECTOR ( 'NONE', #3593, 1000.000000000000000 ) ;
#42 = VECTOR ( 'NONE', #5671, 1000.000000000000000 ) ;
#43 = CARTESIAN_POINT ( 'NONE',  ( -55.65654760209260843, 40.69579181317119776, 177.6649698953627876 ) ) ;
#44 = ORIENTED_EDGE ( 'NONE', *, *, #6300, .F. ) ;
#45 = EDGE_CURVE ( 'NONE', #6379, #2966, #1015, .T. ) ;
#46 = VERTEX_POINT ( 'NONE', #7520 ) ;
#47 = CIRCLE ( 'NONE', #7620, 25.00000000000002132 ) ;
#48 = LINE ( 'NONE', #5, #3575 ) ;
#49 = VECTOR ( 'NONE', #867, 1000.000000000000000 ) ;
#50 = DIRECTION ( 'NONE',  ( 0.000000000000000000, -1.000000000000000000, 0.000000000000000000 ) ) ;
#51 = DIRECTION ( 'NONE',  ( 0.000000000000000000, 0.000000000000000000, -1.000000000000000000 ) ) ;
#52 = DIRECTION ( 'NONE',  ( 1.000000000000000000, -0.000000000000000000, -0.000000000000000000 ) ) ;
#53 = EDGE_CURVE ( 'NONE', #5423, #5541, #5033, .T. ) ;
#54 = EDGE_CURVE ( 'NONE', #2312, #5712, #5620, .T. ) ;
#55 = ORIENTED_EDGE ( 'NONE', *, *, #2809, .T. ) ;
#56 = VECTOR ( 'NONE', #7686, 1000.000000000000000 ) ;
#57 = CARTESIAN_POINT ( 'NONE',  ( 16.89418241891692318, 27.44660057106069928, 164.4157786532522323 ) ) ;
#58 = PLANE ( 'NONE',  #1909 ) ;
#59 = CARTESIAN_POINT ( 'NONE',  ( -28.42187895444281054, 46.42257459634902972, 176.3206848666751796 ) ) ;
#60 = CARTESIAN_POINT ( 'NONE',  ( 98.05954700225025533, 52.78459356357862475, 182.6827038339048102 ) ) ;
#61 = CARTESIAN_POINT ( 'NONE',  ( -46.84861522037673609, 37.83283441025117355, 167.7309446805773234 ) ) ;
#62 = DIRECTION ( 'NONE',  ( 0.000000000000000000, 0.000000000000000000, -1.000000000000000000 ) ) ;
#63 = CARTESIAN_POINT ( 'NONE',  ( 11.94769598594879056, 31.61708466333168488, 161.5151949336577957 ) ) ;
#64 = CARTESIAN_POINT ( 'NONE',  ( -30.57745796624695345, 49.08636325913747100, 178.9844735294636564 ) ) ;
#65 = VECTOR ( 'NONE', #7707, 1000.000000000000000 ) ;
#66 = CARTESIAN_POINT ( 'NONE',  ( 306.0000000000000000, 41.01879192095651661, -101.3975764758999105 ) ) ;
#67 = VERTEX_POINT ( 'NONE', #4356 ) ;
#68 = DIRECTION ( 'NONE',  ( 1.000000000000000000, 0.000000000000000000, 0.000000000000000000 ) ) ;
#69 = FACE_BOUND ( 'NONE', #5053, .T. ) ;
#70 = LINE ( 'NONE', #2711, #8369 ) ;
#71 = DIRECTION ( 'NONE',  ( -0.000000000000000000, -0.000000000000000000, 1.000000000000000000 ) ) ;
#72 = CARTESIAN_POINT ( 'NONE',  ( -32.79331758108306616, 27.44660057106069928, 164.4157786532522323 ) ) ;
#73 = CARTESIAN_POINT ( 'NONE',  ( -8.515973831083066159, 46.00815357720748722, 182.9773316593992263 ) ) ;
#74 = ORIENTED_EDGE ( 'NONE', *, *, #6142, .F. ) ;
#75 = PLANE ( 'NONE',  #7700 ) ;
#76 = EDGE_LOOP ( 'NONE', ( #4496, #260, #5294, #5463 ) ) ;
#77 = DIRECTION ( 'NONE',  ( 0.000000000000000000, 0.7071067811865489050, -0.7071067811865460184 ) ) ;
#78 = EDGE_LOOP ( 'NONE', ( #2867, #2611, #793, #7606 ) ) ;
#79 = CARTESIAN_POINT ( 'NONE',  ( 0.2539500686132619145, 46.68524694396698749, 183.6544250261585205 ) ) ;
#80 = ADVANCED_FACE ( 'NONE', ( #5577 ), #6329, .T. ) ;
#81 = CARTESIAN_POINT ( 'NONE',  ( 111.4970470022502411, 49.24905965764587989, 186.2182377398375195 ) ) ;
#82 = CARTESIAN_POINT ( 'NONE',  ( 301.0000000000000000, 31.04721312022951096, -111.3015392428203256 ) ) ;
#83 = DIRECTION ( 'NONE',  ( 0.000000000000000000, 0.000000000000000000, 1.000000000000000000 ) ) ;
#84 = DIRECTION ( 'NONE',  ( 0.000000000000000000, 0.7071067811865460184, 0.7071067811865489050 ) ) ;
#85 = LINE ( 'NONE', #4082, #7956 ) ;
#86 = ORIENTED_EDGE ( 'NONE', *, *, #1539, .T. ) ;
#87 = ORIENTED_EDGE ( 'NONE', *, *, #6060, .F. ) ;
#88 = EDGE_CURVE ( 'NONE', #139, #6071, #3128, .T. ) ;
#89 = CARTESIAN_POINT ( 'NONE',  ( 301.0000000000000000, 36.67872353689617881, -192.5059663261536400 ) ) ;
#90 = PLANE ( 'NONE',  #6535 ) ;
#91 = LINE ( 'NONE', #4087, #6405 ) ;
#92 = CARTESIAN_POINT ( 'NONE',  ( -3.154763424280664363, 43.69833664446019839, 173.5964469147863554 ) ) ;
#93 = VERTEX_POINT ( 'NONE', #7442 ) ;
#94 = DIRECTION ( 'NONE',  ( -0.3535703364204391685, 0.6614332986792900160, 0.6614332986792927915 ) ) ;
#95 = CARTESIAN_POINT ( 'NONE',  ( 0.000000000000000000, 0.000000000000000000, 136.9691780821914620 ) ) ;
#96 = DIRECTION ( 'NONE',  ( 1.000000000000000000, 0.000000000000000000, -0.000000000000000000 ) ) ;
#97 = DIRECTION ( 'NONE',  ( -0.000000000000000000, -1.000000000000000000, -0.000000000000000000 ) ) ;
#98 = CARTESIAN_POINT ( 'NONE',  ( -55.18219382448614141, 27.55833435526419706, 164.5275124374556981 ) ) ;
#99 = CARTESIAN_POINT ( 'NONE',  ( 17.42211935858050609, 30.98661275152783645, 167.9557908337195329 ) ) ;
#100 = EDGE_CURVE ( 'NONE', #5609, #4411, #2495, .T. ) ;
#101 = FACE_OUTER_BOUND ( 'NONE', #1658, .T. ) ;
#102 = CARTESIAN_POINT ( 'NONE',  ( -30.21781619669667762, 45.34786324561024884, 182.3170413278018032 ) ) ;
#103 = CARTESIAN_POINT ( 'NONE',  ( -66.57553482554013158, 41.77891583986855295, 178.7480939220602068 ) ) ;
#104 = ORIENTED_EDGE ( 'NONE', *, *, #4669, .T. ) ;
#105 = CARTESIAN_POINT ( 'NONE',  ( -15.25471774626137034, 29.01431642704281089, 165.9834945092342764 ) ) ;
#106 = CARTESIAN_POINT ( 'NONE',  ( 301.0000000000000000, 20.21387978689617881, -87.29763299282032563 ) ) ;
#107 = CARTESIAN_POINT ( 'NONE',  ( -13.49882254373829227, 41.74061694313942183, 171.6387272134655575 ) ) ;
#108 = VECTOR ( 'NONE', #710, 1000.000000000000000 ) ;
#109 = CARTESIAN_POINT ( 'NONE',  ( 13.79045690181123440, 36.73582929770518746, 166.6339395680313373 ) ) ;
#110 = CARTESIAN_POINT ( 'NONE',  ( 16.89418241891692318, 27.44660057106069928, 164.4157786532522323 ) ) ;
#111 = CARTESIAN_POINT ( 'NONE',  ( 306.0000000000000000, 40.21387978689617171, -111.4057059094869828 ) ) ;
#112 = VECTOR ( 'NONE', #939, 1000.000000000000114 ) ;
#113 = VERTEX_POINT ( 'NONE', #5658 ) ;
#114 = CARTESIAN_POINT ( 'NONE',  ( -51.17321006480681689, 28.53657716938733913, 165.5057552515789041 ) ) ;
#115 = ORIENTED_EDGE ( 'NONE', *, *, #4200, .F. ) ;
#116 = CARTESIAN_POINT ( 'NONE',  ( -37.37775580624064276, 41.60862804667090842, 178.5778061288625906 ) ) ;
#117 = VERTEX_POINT ( 'NONE', #8240 ) ;
#118 = VECTOR ( 'NONE', #2484, 1000.000000000000114 ) ;
#119 = CARTESIAN_POINT ( 'NONE',  ( -1.392349339363824878, 47.95024327886435600, 184.9194213610559530 ) ) ;
#120 = CARTESIAN_POINT ( 'NONE',  ( -19.75295299774973401, 42.03988505257993324, 171.9379953229060618 ) ) ;
#121 = DIRECTION ( 'NONE',  ( 0.000000000000000000, 0.9780213944520080860, 0.2085045610871614219 ) ) ;
#122 = CARTESIAN_POINT ( 'NONE',  ( -13.32892685660427290, 52.38726848783105083, 182.2853787581572362 ) ) ;
#123 = CARTESIAN_POINT ( 'NONE',  ( -62.49162551302641333, 41.67081675772493554, 171.5689270280510641 ) ) ;
#124 = AXIS2_PLACEMENT_3D ( 'NONE', #6769, #979, #2171 ) ;
#125 = ADVANCED_FACE ( 'NONE', ( #4276 ), #2963, .T. ) ;
#126 = FACE_OUTER_BOUND ( 'NONE', #5897, .T. ) ;
#127 = ORIENTED_EDGE ( 'NONE', *, *, #5132, .F. ) ;
#128 = ORIENTED_EDGE ( 'NONE', *, *, #2181, .T. ) ;
#129 = CARTESIAN_POINT ( 'NONE',  ( -23.04994685652249231, 44.45377951935319061, 181.4229576015448515 ) ) ;
#130 = AXIS2_PLACEMENT_3D ( 'NONE', #3004, #2497, #8241 ) ;
#131 = CARTESIAN_POINT ( 'NONE',  ( -32.73472383108308037, 30.98213447699340151, 167.9513125591850553 ) ) ;
#132 = CARTESIAN_POINT ( 'NONE',  ( -60.55505779301789460, 35.47506800851365938, 165.3731782788397311 ) ) ;
#133 = CARTESIAN_POINT ( 'NONE',  ( -3.377879814831949545, 45.18432482833944164, 175.0824350986655134 ) ) ;
#134 = ADVANCED_FACE ( 'NONE', ( #3648, #1819 ), #8280, .T. ) ;
#135 = CARTESIAN_POINT ( 'NONE',  ( -64.89645663587569402, 50.85797819220522342, 180.7560884625313520 ) ) ;
#136 = CARTESIAN_POINT ( 'NONE',  ( 28.58038033558359103, 45.71352575171314214, 182.6827038339047817 ) ) ;
#137 = CARTESIAN_POINT ( 'NONE',  ( -8.444359247749735786, 34.51766838292617479, 164.4157786532522607 ) ) ;
#138 = DIRECTION ( 'NONE',  ( 0.000000000000000000, -1.000000000000000000, -0.000000000000000000 ) ) ;
#139 = VERTEX_POINT ( 'NONE', #3045 ) ;
#140 = CARTESIAN_POINT ( 'NONE',  ( -32.73472383108308037, 34.51766838292617479, 164.4157786532522891 ) ) ;
#141 = LINE ( 'NONE', #7261, #1402 ) ;
#142 = LINE ( 'NONE', #786, #7890 ) ;
#143 = CARTESIAN_POINT ( 'NONE',  ( -52.51100249848653334, 52.30387297615160946, 182.2019832464778233 ) ) ;
#144 = CARTESIAN_POINT ( 'NONE',  ( -335.9999999999999432, 48.13302794031941545, 61.32442331500944732 ) ) ;
#145 = CARTESIAN_POINT ( 'NONE',  ( -64.44991887618559190, 39.16619217205639814, 176.1353702542479880 ) ) ;
#146 = ORIENTED_EDGE ( 'NONE', *, *, #1576, .F. ) ;
#147 = ADVANCED_FACE ( 'NONE', ( #1092, #3688 ), #6244, .T. ) ;
#148 = CARTESIAN_POINT ( 'NONE',  ( 301.0000000000000000, 0.000000000000000000, 0.000000000000000000 ) ) ;
#149 = EDGE_CURVE ( 'NONE', #3145, #4409, #3299, .T. ) ;
#150 = PLANE ( 'NONE',  #1505 ) ;
#151 = CARTESIAN_POINT ( 'NONE',  ( -49.05540955650506874, 46.41170651787990664, 183.3808846000715675 ) ) ;
#152 = ADVANCED_FACE ( 'NONE', ( #4439 ), #8370, .T. ) ;
#153 = CARTESIAN_POINT ( 'NONE',  ( -6.526382544488663839, 45.74444166628503439, 182.7136197484767308 ) ) ;
#154 = CARTESIAN_POINT ( 'NONE',  ( -19.59020058938581954, 39.50874550611257519, 169.4068557764387322 ) ) ;
#155 = CARTESIAN_POINT ( 'NONE',  ( -12.32868584379843213, 44.05634576032841210, 181.0255238425201583 ) ) ;
#156 = ORIENTED_EDGE ( 'NONE', *, *, #4621, .F. ) ;
#157 = ADVANCED_FACE ( 'NONE', ( #1354, #7185 ), #7012, .F. ) ;
#158 = B_SPLINE_CURVE_WITH_KNOTS ( 'NONE', 3,
 ( #6919, #4709, #3527, #5504, #1496, #2883, #4201, #6053, #6096, #2927, #6014, #6768, #978, #2169, #4080, #6641, #207, #6286, #5460 ),
 .UNSPECIFIED., .F., .F.,
 ( 4, 1, 1, 1, 1, 1, 1, 1, 1, 1, 1, 1, 1, 1, 1, 1, 4 ),
 ( 0.000000000000000000, 0.08315846755044305205, 0.1615014360265347448, 0.2359771911332315397, 0.3063462570513998950, 0.3733378569986204876, 0.4365342553694938066, 0.4974348390935939834, 0.5553876352808003736, 0.6114665870727202801, 0.6662665749783118763, 0.7202703948325049899, 0.7743751176638936640, 0.8288521454212798290, 0.8840313765225880083, 0.9406738928172728720, 1.000000000000000000 ),
 .UNSPECIFIED. ) ;
#159 = VERTEX_POINT ( 'NONE', #1309 ) ;
#160 = ADVANCED_FACE ( 'NONE', ( #4573 ), #2624, .T. ) ;
#161 = CARTESIAN_POINT ( 'NONE',  ( -57.56545299774973046, 53.07922138907299825, 182.9773316593991979 ) ) ;
#162 = ORIENTED_EDGE ( 'NONE', *, *, #8282, .F. ) ;
#163 = CARTESIAN_POINT ( 'NONE',  ( -9.090710387053080765, 34.53557371326874659, 164.4336839835949320 ) ) ;
#164 = LINE ( 'NONE', #120, #4387 ) ;
#165 = CARTESIAN_POINT ( 'NONE',  ( 301.0000000000001137, 43.88826812472368033, -110.1757644505280638 ) ) ;
#166 = CARTESIAN_POINT ( 'NONE',  ( 21.26906302678430905, 31.43719606683689705, 161.3353063371629901 ) ) ;
#167 = CARTESIAN_POINT ( 'NONE',  ( 301.0000000000000568, 21.23144241009866917, -111.1818621196448191 ) ) ;
#168 = CARTESIAN_POINT ( 'NONE',  ( 306.0000000000000000, 20.21387978689617881, -127.5515392428203114 ) ) ;
#169 = ORIENTED_EDGE ( 'NONE', *, *, #838, .F. ) ;
#170 = VECTOR ( 'NONE', #4607, 1000.000000000000000 ) ;
#171 = VERTEX_POINT ( 'NONE', #6503 ) ;
#172 = LINE ( 'NONE', #816, #3846 ) ;
#173 = CARTESIAN_POINT ( 'NONE',  ( -30.89892287241419311, 31.23616910929230528, 168.2053471914839236 ) ) ;
#174 = CARTESIAN_POINT ( 'NONE',  ( 26.91371366891692674, 49.24905965764587989, 186.2182377398375195 ) ) ;
#175 = VECTOR ( 'NONE', #828, 1000.000000000000000 ) ;
#176 = CARTESIAN_POINT ( 'NONE',  ( -3.097047688596853643, 42.88124280016181444, 172.7793530704879288 ) ) ;
#177 = CARTESIAN_POINT ( 'NONE',  ( -66.82884119296440417, 47.14548549042191894, 177.0435957607481043 ) ) ;
#178 = DIRECTION ( 'NONE',  ( 0.000000000000000000, -0.7071067811865462405, -0.7071067811865489050 ) ) ;
#179 =( NAMED_UNIT ( * ) SI_UNIT ( $, .STERADIAN. ) SOLID_ANGLE_UNIT ( ) );
#180 = CARTESIAN_POINT ( 'NONE',  ( -65.12127378201834915, 43.24740090827359040, 173.1455111785996905 ) ) ;
#181 = VERTEX_POINT ( 'NONE', #5787 ) ;
#182 = AXIS2_PLACEMENT_3D ( 'NONE', #4898, #3028, #7586 ) ;
#183 = CARTESIAN_POINT ( 'NONE',  ( -33.89147820449615978, 31.08850493881306321, 168.0576830210044648 ) ) ;
#184 = CARTESIAN_POINT ( 'NONE',  ( -46.86290219365923804, 33.38529240370993989, 170.3544704859015155 ) ) ;
#185 = CARTESIAN_POINT ( 'NONE',  ( 19.92903959055964691, 35.18936328697911620, 165.0874735573052021 ) ) ;
#186 = ADVANCED_FACE ( 'NONE', ( #3813 ), #1394, .T. ) ;
#187 = CARTESIAN_POINT ( 'NONE',  ( 306.0000000000000000, 20.21387978689617881, -121.3015392428203114 ) ) ;
#188 = CARTESIAN_POINT ( 'NONE',  ( -31.79940479570005607, 49.47695128208022197, 179.3750615524064074 ) ) ;
#189 = CARTESIAN_POINT ( 'NONE',  ( 306.0000000000000000, -74.72648989080823867, -328.3250455023379573 ) ) ;
#190 = VECTOR ( 'NONE', #4570, 1000.000000000000000 ) ;
#191 = ORIENTED_EDGE ( 'NONE', *, *, #6782, .T. ) ;
#192 = LINE ( 'NONE', #794, #5383 ) ;
#193 = CARTESIAN_POINT ( 'NONE',  ( -56.82318998386350017, 41.04097544381674822, 178.0101535260083381 ) ) ;
#194 = CARTESIAN_POINT ( 'NONE',  ( 306.0000000000000000, 24.79721312022951096, -106.4252371594869828 ) ) ;
#195 = CARTESIAN_POINT ( 'NONE',  ( 13.61524490170222812, 38.16803853572287863, 168.0661488060490001 ) ) ;
#196 = VECTOR ( 'NONE', #3253, 1000.000000000000000 ) ;
#197 = CARTESIAN_POINT ( 'NONE',  ( 306.0000000000000000, 36.67872353689617881, -192.5059663261536400 ) ) ;
#198 = CARTESIAN_POINT ( 'NONE',  ( 306.0000000000000000, 46.03426950889508618, -106.5477420520446401 ) ) ;
#199 = EDGE_CURVE ( 'NONE', #582, #5263, #5205, .T. ) ;
#200 = ORIENTED_EDGE ( 'NONE', *, *, #3401, .T. ) ;
#201 = ORIENTED_EDGE ( 'NONE', *, *, #4678, .F. ) ;
#202 = CARTESIAN_POINT ( 'NONE',  ( -66.21601105436711521, 30.47207596412602015, 167.4412540463176526 ) ) ;
#203 = ORIENTED_EDGE ( 'NONE', *, *, #4797, .T. ) ;
#204 = CARTESIAN_POINT ( 'NONE',  ( 3.155587264371511935, 42.47128935927826632, 172.3693996296044020 ) ) ;
#205 = DIRECTION ( 'NONE',  ( 0.000000000000000000, 0.7071067811865461294, 0.7071067811865489050 ) ) ;
#206 = EDGE_CURVE ( 'NONE', #3364, #2312, #6546, .T. ) ;
#207 = CARTESIAN_POINT ( 'NONE',  ( -57.78687916036846417, 30.98813074755433661, 167.9573088297459265 ) ) ;
#208 = CARTESIAN_POINT ( 'NONE',  ( 306.0000000000000568, 51.02426139315721088, -107.6191658043071442 ) ) ;
#209 = DIRECTION ( 'NONE',  ( -0.000000000000000000, -0.000000000000000000, 1.000000000000000000 ) ) ;
#210 = ORIENTED_EDGE ( 'NONE', *, *, #5693, .T. ) ;
#211 = CARTESIAN_POINT ( 'NONE',  ( -4.313079361304998471, 36.46938655255976869, 166.3674968228858120 ) ) ;
#212 = CARTESIAN_POINT ( 'NONE',  ( -62.24303482280678423, 37.89065289216857479, 167.7887631624946323 ) ) ;
#213 = DIRECTION ( 'NONE',  ( 1.000000000000000000, -0.000000000000000000, -0.000000000000000000 ) ) ;
#214 = B_SPLINE_SURFACE_WITH_KNOTS ( 'NONE', 3, 1, ( 
 ( #1325, #3955 ),
 ( #3396, #4036 ),
 ( #725, #684 ),
 ( #7702, #3315 ),
 ( #7871, #4627 ),
 ( #634, #2640 ),
 ( #3271, #1917 ),
 ( #7198, #5218 ),
 ( #4668, #1409 ),
 ( #6558, #1279 ),
 ( #7070, #5846 ) ),
 .UNSPECIFIED., .F., .F., .F.,
 ( 4, 1, 1, 1, 1, 1, 1, 1, 4 ),
 ( 2, 2 ),
 ( 0.000000000000000000, 0.1152746239717314519, 0.2270456908734991841, 0.3378818532483655601, 0.4524118533159216526, 0.5733138552247778463, 0.7033502583690108834, 0.8455014334111641272, 1.000000000000000000 ),
 ( 0.000000000000000000, 1.000000000000000000 ),
 .UNSPECIFIED. ) ;
#215 = CARTESIAN_POINT ( 'NONE',  ( 111.4970470022502411, 27.74122839655510120, 164.7104064787466484 ) ) ;
#216 = CARTESIAN_POINT ( 'NONE',  ( -43.89517145771820594, 39.68300940805006150, 176.6521874902416585 ) ) ;
#217 = FACE_OUTER_BOUND ( 'NONE', #4275, .T. ) ;
#218 = CARTESIAN_POINT ( 'NONE',  ( -58.62853716449716757, 36.91888509480569525, 173.8880631769973206 ) ) ;
#219 = EDGE_LOOP ( 'NONE', ( #4997, #7045, #6956, #834 ) ) ;
#220 = CARTESIAN_POINT ( 'NONE',  ( -37.66604819970334006, 37.92732591891284954, 174.8965040011042902 ) ) ;
#221 = CARTESIAN_POINT ( 'NONE',  ( -55.18219382448614141, 31.09386826119690284, 160.9919785315229888 ) ) ;
#222 = CARTESIAN_POINT ( 'NONE',  ( 96.49704700225025533, 44.51199665086881652, 181.4811747330604419 ) ) ;
#223 = CARTESIAN_POINT ( 'NONE',  ( -55.75672493148966424, 39.61230409036389233, 169.5104143606899640 ) ) ;
#224 = LINE ( 'NONE', #1391, #6011 ) ;
#225 = DIRECTION ( 'NONE',  ( 0.000000000000000000, 0.000000000000000000, -1.000000000000000000 ) ) ;
#226 = ORIENTED_EDGE ( 'NONE', *, *, #3332, .F. ) ;
#227 = CARTESIAN_POINT ( 'NONE',  ( -8.515973831083066159, 49.54368748314028181, 179.4417977534664317 ) ) ;
#228 = EDGE_CURVE ( 'NONE', #4572, #3619, #3344, .T. ) ;
#229 = B_SPLINE_CURVE_WITH_KNOTS ( 'NONE', 3,
 ( #2827, #1480, #6080, #1440, #5284, #963, #1523, #5325, #1608, #2197, #2748, #4653, #2071, #3554, #5960, #7859, #7227, #4775, #3508 ),
 .UNSPECIFIED., .F., .F.,
 ( 4, 1, 1, 1, 1, 1, 1, 1, 1, 1, 1, 1, 1, 1, 1, 1, 4 ),
 ( 0.000000000000000000, 0.08104713976955689458, 0.1557619313350906420, 0.2255623354956995674, 0.2890859378423596970, 0.3470283780899104942, 0.3987097260603154059, 0.4456524349991772271, 0.4864356076022459674, 0.5587521442961806972, 0.6247301818568702370, 0.6863004528094636125, 0.7451022287738341410, 0.8035439429327618788, 0.8645306730754063196, 0.9293544424995912046, 1.000000000000000000 ),
 .UNSPECIFIED. ) ;
#230 = CARTESIAN_POINT ( 'NONE',  ( 2.056773534233584666, 32.80695051037265841, 169.7761285925641914 ) ) ;
#231 = CARTESIAN_POINT ( 'NONE',  ( 306.0000000000000568, 29.59789919893696464, -111.2297185289126276 ) ) ;
#232 = CARTESIAN_POINT ( 'NONE',  ( 16.96305991833870053, 30.98862079837065764, 167.9577988805623079 ) ) ;
#233 = CARTESIAN_POINT ( 'NONE',  ( 306.0000000000000000, 50.63054645356283601, -199.2182059094869828 ) ) ;
#234 = CARTESIAN_POINT ( 'NONE',  ( 35.24704700225026244, 31.27676230248784606, 161.1748725728139391 ) ) ;
#235 = CARTESIAN_POINT ( 'NONE',  ( -12.01283402179470983, 48.05081681411036953, 177.9489270844365194 ) ) ;
#236 = EDGE_LOOP ( 'NONE', ( #3519, #1103, #4236, #6293, #4075, #6709, #5242, #1850 ) ) ;
#237 = VECTOR ( 'NONE', #7390, 1000.000000000000114 ) ;
#238 = ORIENTED_EDGE ( 'NONE', *, *, #199, .T. ) ;
#239 = EDGE_CURVE ( 'NONE', #1740, #4033, #1361, .T. ) ;
#240 = CARTESIAN_POINT ( 'NONE',  ( -59.78168721240245276, 48.90231018305514255, 178.8004204533813493 ) ) ;
#241 = EDGE_CURVE ( 'NONE', #4784, #7014, #1264, .T. ) ;
#242 = ORIENTED_EDGE ( 'NONE', *, *, #3788, .F. ) ;
#243 = CARTESIAN_POINT ( 'NONE',  ( 301.0000000000000000, 27.71387978689617526, -78.05935174282031142 ) ) ;
#244 = CARTESIAN_POINT ( 'NONE',  ( 41.49704700225026244, 49.24905965764588700, 179.1471699279720440 ) ) ;
#245 = AXIS2_PLACEMENT_3D ( 'NONE', #3699, #5551, #2973 ) ;
#246 = CARTESIAN_POINT ( 'NONE',  ( 300.9999999999999432, 19.83188543067214837, -104.5279346829488816 ) ) ;
#247 = PLANE ( 'NONE',  #4328 ) ;
#248 = VERTEX_POINT ( 'NONE', #7729 ) ;
#249 = VECTOR ( 'NONE', #8028, 1000.000000000000000 ) ;
#250 = CARTESIAN_POINT ( 'NONE',  ( -335.9999999999999432, -52.40044383621697932, 79.70254495192533284 ) ) ;
#251 = ADVANCED_FACE ( 'NONE', ( #7102 ), #6460, .T. ) ;
#252 = ORIENTED_EDGE ( 'NONE', *, *, #1115, .T. ) ;
#253 = CARTESIAN_POINT ( 'NONE',  ( -3.563051191461435341, 34.63406592629866054, 171.6032440084902078 ) ) ;
#254 = CARTESIAN_POINT ( 'NONE',  ( 306.0000000000000000, 47.27351010919175422, -274.3250455023379573 ) ) ;
#255 = DIRECTION ( 'NONE',  ( -1.000000000000000000, -0.000000000000000000, -0.000000000000000000 ) ) ;
#256 = VECTOR ( 'NONE', #7400, 1000.000000000000114 ) ;
#257 = CARTESIAN_POINT ( 'NONE',  ( 9.074407314764124877, 29.72386772461517523, 166.6930458068067935 ) ) ;
#258 = CARTESIAN_POINT ( 'NONE',  ( -36.38665382944757454, 49.15119050726352157, 186.1203685894551825 ) ) ;
#259 = CARTESIAN_POINT ( 'NONE',  ( 13.59899038463071896, 35.08539588401215070, 172.0545739662037477 ) ) ;
#260 = ORIENTED_EDGE ( 'NONE', *, *, #4312, .F. ) ;
#261 = EDGE_CURVE ( 'NONE', #5798, #2929, #4145, .T. ) ;
#262 = COORDINATED_UNIVERSAL_TIME_OFFSET ( 5, 30, .AHEAD. ) ;
#263 = CARTESIAN_POINT ( 'NONE',  ( -61.99368478829348561, 41.49501291769493605, 171.3931231880210930 ) ) ;
#264 = VERTEX_POINT ( 'NONE', #4819 ) ;
#265 = SECURITY_CLASSIFICATION ( '', '', #7379 ) ;
#266 = CARTESIAN_POINT ( 'NONE',  ( 281.0000000000000000, 0.000000000000000000, -348.0308219178082254 ) ) ;
#267 = CARTESIAN_POINT ( 'NONE',  ( 306.0000000000000000, 32.29721312022951452, -84.43304965948698282 ) ) ;
#268 = CARTESIAN_POINT ( 'NONE',  ( 2.047898403645175947, 44.18339215591276314, 181.1525702381043459 ) ) ;
#269 = CARTESIAN_POINT ( 'NONE',  ( 301.0000000000000568, 50.12650554156923022, -111.4111207555631324 ) ) ;
#270 = LINE ( 'NONE', #4182, #1824 ) ;
#271 = B_SPLINE_CURVE_WITH_KNOTS ( 'NONE', 3,
 ( #4181, #4141, #5993, #2907, #5484, #1476, #2822, #143, #2744, #5320, #6116, #5360, #7896, #787, #6661, #8060, #7938, #831, #6622 ),
 .UNSPECIFIED., .F., .F.,
 ( 4, 1, 1, 1, 1, 1, 1, 1, 1, 1, 1, 1, 1, 1, 1, 1, 4 ),
 ( 0.000000000000000000, 0.06941254106657468448, 0.1353414762920678305, 0.1991207205760013588, 0.2605883497725975384, 0.3201421186638009897, 0.3784162719999607516, 0.4361316809910258940, 0.4932419516963454931, 0.5510884096009999178, 0.6088423932581746856, 0.6683213223222764787, 0.7297110032428135717, 0.7930610477092870925, 0.8591856181874243381, 0.9281733381540206995, 1.000000000000000000 ),
 .UNSPECIFIED. ) ;
#272 = CARTESIAN_POINT ( 'NONE',  ( -35.35947838815312139, 45.25051946057498498, 182.2196975427666530 ) ) ;
#273 = EDGE_LOOP ( 'NONE', ( #3950, #2184, #6740, #6967, #1427, #7697 ) ) ;
#274 = DIRECTION ( 'NONE',  ( -0.000000000000000000, -0.7071067811865489050, 0.7071067811865460184 ) ) ;
#275 = CARTESIAN_POINT ( 'NONE',  ( -7.981445906165273385, 30.99082265457701624, 160.8889329249031448 ) ) ;
#276 = DIRECTION ( 'NONE',  ( 0.000000000000000000, 0.000000000000000000, -1.000000000000000000 ) ) ;
#277 = CARTESIAN_POINT ( 'NONE',  ( -3.377879814831949545, 41.64879092240669678, 178.6179690045982227 ) ) ;
#278 = DIRECTION ( 'NONE',  ( 1.000000000000000000, -0.000000000000000000, -0.000000000000000000 ) ) ;
#279 = CARTESIAN_POINT ( 'NONE',  ( -60.39832004321718273, 48.16549535868529119, 178.0636056290115050 ) ) ;
#280 = CARTESIAN_POINT ( 'NONE',  ( -54.02257558503060153, 52.73867274816111461, 182.6367830184873355 ) ) ;
#281 = ADVANCED_FACE ( 'NONE', ( #7267 ), #3426, .T. ) ;
#282 = ORIENTED_EDGE ( 'NONE', *, *, #1615, .F. ) ;
#283 = ORIENTED_EDGE ( 'NONE', *, *, #8386, .F. ) ;
#284 = CARTESIAN_POINT ( 'NONE',  ( 13.58038033558359103, 52.78459356357862475, 182.6827038339048102 ) ) ;
#285 = EDGE_LOOP ( 'NONE', ( #1902, #3417, #3311, #6098 ) ) ;
#286 = B_SPLINE_SURFACE_WITH_KNOTS ( 'NONE', 3, 1, ( 
 ( #1301, #3847 ),
 ( #2659, #6321 ),
 ( #1255, #522 ),
 ( #5107, #3120 ),
 ( #6411, #703 ),
 ( #2022, #5197 ),
 ( #610, #3891 ),
 ( #3202, #6364 ),
 ( #5778, #3160 ),
 ( #2574, #5236 ),
 ( #7809, #2486 ) ),
 .UNSPECIFIED., .F., .F., .F.,
 ( 4, 1, 1, 1, 1, 1, 1, 1, 4 ),
 ( 2, 2 ),
 ( 0.000000000000000000, 0.1561119339601439171, 0.2940733802529260643, 0.4201949345776979095, 0.5391157434192033193, 0.6541990201202758648, 0.7665110248274041860, 0.8806780188228205963, 1.000000000000000000 ),
 ( 0.000000000000000000, 1.000000000000000000 ),
 .UNSPECIFIED. ) ;
#287 = CARTESIAN_POINT ( 'NONE',  ( 301.0000000000000000, 32.29721312022951452, -79.07497674282032563 ) ) ;
#288 = CARTESIAN_POINT ( 'NONE',  ( 335.9999999999999432, 47.27351010919175422, -328.0411557974455263 ) ) ;
#289 = CARTESIAN_POINT ( 'NONE',  ( 7.330380335583599916, 36.02763598858489758, 172.9968140707765940 ) ) ;
#290 = LINE ( 'NONE', #6811, #6482 ) ;
#291 = ORIENTED_EDGE ( 'NONE', *, *, #1037, .T. ) ;
#292 = CARTESIAN_POINT ( 'NONE',  ( -30.53858307794780202, 52.97350023262764296, 182.8716105029538710 ) ) ;
#293 = VERTEX_POINT ( 'NONE', #227 ) ;
#294 = CARTESIAN_POINT ( 'NONE',  ( 21.06712458363038820, 34.97006958584349690, 171.9392476680351081 ) ) ;
#295 = CARTESIAN_POINT ( 'NONE',  ( -62.33983071623502781, 38.19243825553207472, 168.0905485258581677 ) ) ;
#296 = CARTESIAN_POINT ( 'NONE',  ( -306.0000000000000000, 48.13302794031941545, 115.3244233150094402 ) ) ;
#297 = CARTESIAN_POINT ( 'NONE',  ( -8.515973831083066159, 49.54368748314028181, 179.4417977534664317 ) ) ;
#298 = EDGE_CURVE ( 'NONE', #8200, #5639, #229, .T. ) ;
#299 = CARTESIAN_POINT ( 'NONE',  ( -43.76976575635539035, 39.60695658850160328, 169.5050668588277460 ) ) ;
#300 = LINE ( 'NONE', #2897, #7681 ) ;
#301 = ORIENTED_EDGE ( 'NONE', *, *, #3583, .F. ) ;
#302 = B_SPLINE_CURVE_WITH_KNOTS ( 'NONE', 3,
 ( #1299, #7135, #5865, #7807, #59, #609, #8318, #3201, #5235, #3245, #2697, #5106, #1853, #7679, #5152, #1895, #2021, #4605, #4431 ),
 .UNSPECIFIED., .F., .F.,
 ( 4, 1, 1, 1, 1, 1, 1, 1, 1, 1, 1, 1, 1, 1, 1, 1, 4 ),
 ( 0.000000000000000000, 0.09056628813638716025, 0.1757428893000713699, 0.2557985558460045827, 0.3309420366305654837, 0.4014257387234108077, 0.4672737648869791371, 0.5294195705963440357, 0.5876371537853513072, 0.6427879843386355985, 0.6954920432625301130, 0.7464586807951198999, 0.7958549702955738381, 0.8450813666375269761, 0.8949838653245235642, 0.9463750829748660554, 1.000000000000000000 ),
 .UNSPECIFIED. ) ;
#303 = CALENDAR_DATE ( 2026, 14, 8 ) ;
#304 = CARTESIAN_POINT ( 'NONE',  ( -66.82321926251826483, 43.11944304274869921, 180.0886211249403743 ) ) ;
#305 = ORIENTED_EDGE ( 'NONE', *, *, #6670, .T. ) ;
#306 = DIRECTION ( 'NONE',  ( 0.000000000000000000, -0.002326958494241732241, 0.9999972926284180774 ) ) ;
#307 = VECTOR ( 'NONE', #4230, 1000.000000000000000 ) ;
#308 = DIRECTION ( 'NONE',  ( 0.000000000000000000, -0.7071067811865489050, 0.7071067811865462405 ) ) ;
#309 = CARTESIAN_POINT ( 'NONE',  ( 3.155587264371511935, 38.93575545334552146, 175.9049335355371397 ) ) ;
#310 = DIRECTION ( 'NONE',  ( -0.000000000000000000, -0.7071067811865489050, 0.7071067811865460184 ) ) ;
#311 = FACE_OUTER_BOUND ( 'NONE', #6850, .T. ) ;
#312 = EDGE_CURVE ( 'NONE', #1957, #3171, #4024, .T. ) ;
#313 = CARTESIAN_POINT ( 'NONE',  ( -16.89578285272866154, 50.24848898614016690, 180.1465992564662884 ) ) ;
#314 = ORIENTED_EDGE ( 'NONE', *, *, #4095, .F. ) ;
#315 = VECTOR ( 'NONE', #3283, 1000.000000000000114 ) ;
#316 = CARTESIAN_POINT ( 'NONE',  ( -13.35074729680772698, 36.05195762315176466, 173.0211357053433403 ) ) ;
#317 = VECTOR ( 'NONE', #6839, 1000.000000000000000 ) ;
#318 = CARTESIAN_POINT ( 'NONE',  ( 2.056773534233584666, 36.34248441630536774, 166.2405946866314821 ) ) ;
#319 = LINE ( 'NONE', #4069, #249 ) ;
#320 = CARTESIAN_POINT ( 'NONE',  ( 301.0000000000000000, 21.38535836984637228, -100.0936894189878359 ) ) ;
#321 = B_SPLINE_CURVE_WITH_KNOTS ( 'NONE', 3,
 ( #1626, #6054, #208, #4284, #6138, #2257, #4752, #2300, #2884, #936, #8083, #4881, #7492, #1710, #4202, #3615, #2212, #6176, #4793 ),
 .UNSPECIFIED., .F., .F.,
 ( 4, 1, 1, 1, 1, 1, 1, 1, 1, 1, 1, 1, 1, 1, 1, 1, 4 ),
 ( 0.000000000000000000, 0.06888622926303156202, 0.1343939231902420428, 0.1969682099330414826, 0.2573857542600965775, 0.3158696283858021814, 0.3728374701341621855, 0.4292100923639458054, 0.4854786210832591209, 0.5423195472782961213, 0.6000680401638830430, 0.6598636101454365965, 0.7218457968767981736, 0.7860962798930558604, 0.8537579444553781149, 0.9250552416452589855, 1.000000000000000000 ),
 .UNSPECIFIED. ) ;
#322 = CARTESIAN_POINT ( 'NONE',  ( -19.36849941258859076, 38.35164923190563968, 168.2497595022317967 ) ) ;
#323 = CARTESIAN_POINT ( 'NONE',  ( -39.64542675702590913, 32.66278714639346958, 162.5608974167196266 ) ) ;
#324 = CARTESIAN_POINT ( 'NONE',  ( -49.05540955650506874, 49.94724042381265861, 179.8453506941388582 ) ) ;
#325 = AXIS2_PLACEMENT_3D ( 'NONE', #4361, #1622, #2415 ) ;
#326 = ORIENTED_EDGE ( 'NONE', *, *, #6920, .F. ) ;
#327 = ORIENTED_EDGE ( 'NONE', *, *, #5365, .F. ) ;
#328 = CARTESIAN_POINT ( 'NONE',  ( 26.76010540254954151, 37.11363282030752941, 167.0117430906336722 ) ) ;
#329 = ORIENTED_EDGE ( 'NONE', *, *, #228, .F. ) ;
#330 = AXIS2_PLACEMENT_3D ( 'NONE', #5260, #2600, #4590 ) ;
#331 = CARTESIAN_POINT ( 'NONE',  ( -9.703741874110018983, 34.62973111708067364, 164.5278413874067382 ) ) ;
#332 = CARTESIAN_POINT ( 'NONE',  ( -3.254934950204970701, 44.46574699033384803, 174.3638572606600690 ) ) ;
#333 = CARTESIAN_POINT ( 'NONE',  ( 301.0000000000001705, 20.03347484078972940, -103.3117380294721528 ) ) ;
#334 = LINE ( 'NONE', #371, #2978 ) ;
#335 = ORIENTED_EDGE ( 'NONE', *, *, #6733, .F. ) ;
#336 = CARTESIAN_POINT ( 'NONE',  ( 21.08038033558359814, 52.78459356357862475, 182.6827038339048102 ) ) ;
#337 = ORIENTED_EDGE ( 'NONE', *, *, #404, .F. ) ;
#338 = CARTESIAN_POINT ( 'NONE',  ( 21.07830560290569011, 35.94324498310198379, 172.9124230652936092 ) ) ;
#339 = CARTESIAN_POINT ( 'NONE',  ( -30.52272537926056373, 34.92311316734595295, 164.8212234376720460 ) ) ;
#340 = LINE ( 'NONE', #856, #1563 ) ;
#341 = DIRECTION ( 'NONE',  ( 0.000000000000000000, -0.9130342604405264906, 0.4078828744404707773 ) ) ;
#342 = CARTESIAN_POINT ( 'NONE',  ( -36.44987163653146922, 47.58535738370621004, 177.4834676540323244 ) ) ;
#343 = CARTESIAN_POINT ( 'NONE',  ( -49.75351246894948076, 42.11099838458256528, 172.0091086549087436 ) ) ;
#344 = ORIENTED_EDGE ( 'NONE', *, *, #732, .T. ) ;
#345 = CARTESIAN_POINT ( 'NONE',  ( 301.0000000000000000, 40.21387978689617171, -111.4057059094869828 ) ) ;
#346 = EDGE_LOOP ( 'NONE', ( #2673, #326, #1755, #8248 ) ) ;
#347 = CARTESIAN_POINT ( 'NONE',  ( 306.0000000000000000, 51.04721312022950741, -106.5489350761536542 ) ) ;
#348 = DIRECTION ( 'NONE',  ( 0.000000000000000000, -1.000000000000000000, 0.000000000000000000 ) ) ;
#349 = CARTESIAN_POINT ( 'NONE',  ( -335.9999999999999432, -52.40044383621697932, 99.70254495192531863 ) ) ;
#350 = CARTESIAN_POINT ( 'NONE',  ( -32.73472383108307326, 49.54368748314027471, 179.4417977534664317 ) ) ;
#351 = CARTESIAN_POINT ( 'NONE',  ( -53.26161870305781321, 34.39869109439543848, 171.3678691765870781 ) ) ;
#352 = CARTESIAN_POINT ( 'NONE',  ( 306.0000000000000000, 20.21387978689617881, -184.1075288261536684 ) ) ;
#353 = ORIENTED_EDGE ( 'NONE', *, *, #3851, .T. ) ;
#354 = B_SPLINE_SURFACE_WITH_KNOTS ( 'NONE', 3, 1, ( 
 ( #6758, #7353 ),
 ( #2919, #3605 ),
 ( #6167, #7395 ),
 ( #1573, #4781 ),
 ( #2641, #5219 ),
 ( #6126, #923 ),
 ( #2247, #968 ),
 ( #323, #4150 ),
 ( #4867, #6715 ),
 ( #1370, #3515 ),
 ( #5449, #7438 ),
 ( #5494, #4588 ),
 ( #7160, #2680 ),
 ( #5258, #7833 ),
 ( #361, #7517 ),
 ( #4353, #2959 ),
 ( #2489, #8195 ),
 ( #2407, #7559 ),
 ( #401, #4987 ) ),
 .UNSPECIFIED., .F., .F., .F.,
 ( 4, 1, 1, 1, 1, 1, 1, 1, 1, 1, 1, 1, 1, 1, 1, 1, 4 ),
 ( 2, 2 ),
 ( 0.000000000000000000, 0.06341748969066157704, 0.1229771554011626772, 0.1799914861793053822, 0.2350078237621693877, 0.2891194931146680580, 0.3432008864383019886, 0.3984548695647665006, 0.4556508461473899874, 0.5149924125287722587, 0.5758577169426566389, 0.6389479486968402400, 0.7047462520064801117, 0.7734295833737797610, 0.8453106854998265751, 0.9206389444483533691, 1.000000000000000000 ),
 ( 0.000000000000000000, 1.000000000000000000 ),
 .UNSPECIFIED. ) ;
#355 = DIRECTION ( 'NONE',  ( 0.000000000000000000, 0.000000000000000000, -1.000000000000000000 ) ) ;
#356 = CARTESIAN_POINT ( 'NONE',  ( -0.4827161456304013276, 33.16170639068096904, 163.0598166610070905 ) ) ;
#357 = CARTESIAN_POINT ( 'NONE',  ( 21.08038033558359814, 49.24905965764587989, 186.2182377398375195 ) ) ;
#358 = ADVANCED_FACE ( 'NONE', ( #3385 ), #7346, .F. ) ;
#359 = FACE_OUTER_BOUND ( 'NONE', #7763, .T. ) ;
#360 = CARTESIAN_POINT ( 'NONE',  ( 301.0000000000000000, 45.01729915266824378, -103.4135007699979809 ) ) ;
#361 = CARTESIAN_POINT ( 'NONE',  ( -43.55536978052784747, 38.51843082382095673, 168.4165410941470498 ) ) ;
#362 = CARTESIAN_POINT ( 'NONE',  ( -52.51100249848653334, 48.76833907021880776, 185.7375171524105895 ) ) ;
#363 = ORIENTED_EDGE ( 'NONE', *, *, #1362, .F. ) ;
#364 = VERTEX_POINT ( 'NONE', #2709 ) ;
#365 = CARTESIAN_POINT ( 'NONE',  ( -68.08628633108305905, 33.84554865601709395, 170.8147267382086625 ) ) ;
#366 = EDGE_LOOP ( 'NONE', ( #3790, #314, #1273, #6251 ) ) ;
#367 = CARTESIAN_POINT ( 'NONE',  ( 300.9999999999999432, 36.78102076113616903, -94.65932781648555761 ) ) ;
#368 = CARTESIAN_POINT ( 'NONE',  ( -3.760705558856034969, 46.47293556760641309, 176.3710458379325416 ) ) ;
#369 = AXIS2_PLACEMENT_3D ( 'NONE', #5833, #4067, #6751 ) ;
#370 = ORIENTED_EDGE ( 'NONE', *, *, #3695, .T. ) ;
#371 = CARTESIAN_POINT ( 'NONE',  ( 301.0000000000000000, 25.21387978689617526, -149.2182059094869828 ) ) ;
#372 = EDGE_LOOP ( 'NONE', ( #6214, #74, #6567, #7923 ) ) ;
#373 = FACE_OUTER_BOUND ( 'NONE', #6287, .T. ) ;
#374 = ORIENTED_EDGE ( 'NONE', *, *, #5983, .T. ) ;
#375 = CARTESIAN_POINT ( 'NONE',  ( -47.21160661292388028, 35.67408094982294386, 165.5721912201490795 ) ) ;
#376 = CARTESIAN_POINT ( 'NONE',  ( -22.71503005145105547, 36.68444638623619625, 166.5825566565622751 ) ) ;
#377 = CARTESIAN_POINT ( 'NONE',  ( -66.83628633108305905, 46.93346909165089187, 176.8315793619770488 ) ) ;
#378 = CARTESIAN_POINT ( 'NONE',  ( 301.0000000000000000, 31.85827821820323535, -101.0701806620793235 ) ) ;
#379 = EDGE_CURVE ( 'NONE', #6826, #1555, #192, .T. ) ;
#380 = VECTOR ( 'NONE', #5274, 1000.000000000000000 ) ;
#381 = AXIS2_PLACEMENT_3D ( 'NONE', #4003, #2685, #6562 ) ;
#382 = LINE ( 'NONE', #1678, #2580 ) ;
#383 = CARTESIAN_POINT ( 'NONE',  ( -33.95166115341844915, 53.05278197332919632, 182.9508922436553462 ) ) ;
#384 = ORIENTED_EDGE ( 'NONE', *, *, #4200, .T. ) ;
#385 = CALENDAR_DATE ( 2026, 14, 8 ) ;
#386 = CARTESIAN_POINT ( 'NONE',  ( 301.0000000000000000, 41.93561305985374332, -110.9603002612586522 ) ) ;
#387 = ORIENTED_EDGE ( 'NONE', *, *, #8375, .T. ) ;
#388 = LINE ( 'NONE', #7425, #4783 ) ;
#389 = CARTESIAN_POINT ( 'NONE',  ( 3.000333836793713349, 40.99099104722957065, 177.9601691294212173 ) ) ;
#390 = CARTESIAN_POINT ( 'NONE',  ( 335.9999999999999432, -73.76327744973373512, 115.6831564879060750 ) ) ;
#391 = CARTESIAN_POINT ( 'NONE',  ( -54.38266968282567859, 35.49927476902863077, 172.4684528512202917 ) ) ;
#392 = LINE ( 'NONE', #352, #2103 ) ;
#393 = EDGE_CURVE ( 'NONE', #2929, #627, #1566, .T. ) ;
#394 = ORIENTED_EDGE ( 'NONE', *, *, #1827, .F. ) ;
#395 = CARTESIAN_POINT ( 'NONE',  ( -10.26956898585401845, 31.24798130273137176, 168.2171593849229509 ) ) ;
#396 = VECTOR ( 'NONE', #4076, 1000.000000000000114 ) ;
#397 = CARTESIAN_POINT ( 'NONE',  ( -43.75734436262619198, 44.44078489078192717, 174.3388951611080415 ) ) ;
#398 = DIRECTION ( 'NONE',  ( -1.000000000000000000, 0.000000000000000000, 0.000000000000000000 ) ) ;
#399 = CARTESIAN_POINT ( 'NONE',  ( 301.0000000000001137, 22.95324823812467230, -98.32614032263030879 ) ) ;
#400 = FACE_OUTER_BOUND ( 'NONE', #3054, .T. ) ;
#401 = CARTESIAN_POINT ( 'NONE',  ( -43.91961966441640186, 41.94781385711291932, 171.8459241274390763 ) ) ;
#402 = CARTESIAN_POINT ( 'NONE',  ( -47.66961966441640186, 47.51351762309296589, 177.4116278934191087 ) ) ;
#403 = VECTOR ( 'NONE', #745, 1000.000000000000000 ) ;
#404 = EDGE_CURVE ( 'NONE', #3696, #6470, #5403, .T. ) ;
#405 = EDGE_CURVE ( 'NONE', #3383, #1251, #6628, .T. ) ;
#406 = VERTEX_POINT ( 'NONE', #7984 ) ;
#407 = ORIENTED_EDGE ( 'NONE', *, *, #7630, .T. ) ;
#408 = ADVANCED_FACE ( 'NONE', ( #5364 ), #7942, .T. ) ;
#409 = DIRECTION ( 'NONE',  ( 0.000000000000000000, -0.2152851571067860015, 0.9765512281132548988 ) ) ;
#410 = ORIENTED_EDGE ( 'NONE', *, *, #1549, .F. ) ;
#411 = CARTESIAN_POINT ( 'NONE',  ( 305.9999999999995453, 35.02507770356284311, -94.63487257615366843 ) ) ;
#412 = DIRECTION ( 'NONE',  ( 0.000000000000000000, -0.9090818411859541426, -0.4166175776728049951 ) ) ;
#413 = EDGE_CURVE ( 'NONE', #6524, #8339, #7310, .T. ) ;
#414 = EDGE_CURVE ( 'NONE', #2635, #4747, #917, .T. ) ;
#415 = ORIENTED_EDGE ( 'NONE', *, *, #7981, .F. ) ;
#416 = FACE_OUTER_BOUND ( 'NONE', #346, .T. ) ;
#417 = ORIENTED_EDGE ( 'NONE', *, *, #3001, .F. ) ;
#418 = DIRECTION ( 'NONE',  ( 0.2333729524753239137, -0.6875816551701138257, -0.6875816551701166013 ) ) ;
#419 = ORIENTED_EDGE ( 'NONE', *, *, #3483, .T. ) ;
#420 = EDGE_LOOP ( 'NONE', ( #5415, #6762, #4462, #7562 ) ) ;
#421 = B_SPLINE_CURVE_WITH_KNOTS ( 'NONE', 3,
 ( #5885, #3992, #5213, #7783, #3951, #2000, #1448, #5923, #6471, #6511, #4582, #114, #4032, #2080, #719, #5292, #3309, #7153, #5252 ),
 .UNSPECIFIED., .F., .F.,
 ( 4, 1, 1, 1, 1, 1, 1, 1, 1, 1, 1, 1, 1, 1, 1, 1, 4 ),
 ( 0.000000000000000000, 0.05795458527692611689, 0.1143926538725679870, 0.1698566063314058960, 0.2254402674547479890, 0.2814067601780929628, 0.3385296255796853004, 0.3969866589058890782, 0.4575614070530504840, 0.5190712181008043657, 0.5808183010316654293, 0.6437383234980647018, 0.7084600693138175531, 0.7760465424554882086, 0.8466382043721620843, 0.9212745436731244464, 1.000000000000000000 ),
 .UNSPECIFIED. ) ;
#422 = LINE ( 'NONE', #5509, #1263 ) ;
#423 = CARTESIAN_POINT ( 'NONE',  ( -19.75295299774973401, 42.03988505257993324, 171.9379953229060618 ) ) ;
#424 = CARTESIAN_POINT ( 'NONE',  ( 335.9999999999999432, -73.76329267777781240, 61.68315648790823502 ) ) ;
#425 = CARTESIAN_POINT ( 'NONE',  ( 300.9999999999999432, 34.19098369443111096, -100.8940454517578331 ) ) ;
#426 = CARTESIAN_POINT ( 'NONE',  ( -47.06741285169353972, 39.09765084466779683, 168.9957611149939112 ) ) ;
#427 = ORIENTED_EDGE ( 'NONE', *, *, #6347, .T. ) ;
#428 = CARTESIAN_POINT ( 'NONE',  ( 306.0000000000002274, 40.21387978689617171, -111.4057059094869828 ) ) ;
#429 = VERTEX_POINT ( 'NONE', #1650 ) ;
#430 = DIRECTION ( 'NONE',  ( -0.000000000000000000, -0.7071067811865489050, 0.7071067811865460184 ) ) ;
#431 = CARTESIAN_POINT ( 'NONE',  ( -23.88124820660270942, 49.43543680852202726, 179.3335470788481985 ) ) ;
#432 = DIRECTION ( 'NONE',  ( -0.000000000000000000, -0.7071067811865489050, 0.7071067811865460184 ) ) ;
#433 = FACE_OUTER_BOUND ( 'NONE', #7870, .T. ) ;
#434 = CARTESIAN_POINT ( 'NONE',  ( -34.90828500591509709, 45.52547183225909322, 182.4946499144507186 ) ) ;
#435 = ORIENTED_EDGE ( 'NONE', *, *, #7273, .F. ) ;
#436 = CARTESIAN_POINT ( 'NONE',  ( 91.08038033558358393, 31.27676230248784606, 161.1748725728139391 ) ) ;
#437 = CARTESIAN_POINT ( 'NONE',  ( -43.91132010543729791, 42.37919494792180330, 172.2773052182479603 ) ) ;
#438 = DIRECTION ( 'NONE',  ( 0.000000000000000000, 0.2385665787694233597, -0.9711261439659899519 ) ) ;
#439 = VECTOR ( 'NONE', #2286, 1000.000000000000000 ) ;
#440 = CARTESIAN_POINT ( 'NONE',  ( 306.0000000000000568, 22.95324823812467230, -98.32614032263030879 ) ) ;
#441 = CARTESIAN_POINT ( 'NONE',  ( 301.0000000000000000, 46.04721312022950741, -106.2689871594869828 ) ) ;
#442 = CARTESIAN_POINT ( 'NONE',  ( -43.91961966441640186, 38.41227995118016736, 175.3814580333717856 ) ) ;
#443 = FACE_BOUND ( 'NONE', #4662, .T. ) ;
#444 = CARTESIAN_POINT ( 'NONE',  ( -47.66961966441640186, 43.97798371716016419, 180.9471617993518748 ) ) ;
#445 = VECTOR ( 'NONE', #2726, 1000.000000000000000 ) ;
#446 = EDGE_LOOP ( 'NONE', ( #5192, #3325, #6393, #2590 ) ) ;
#447 = CARTESIAN_POINT ( 'NONE',  ( 335.9999999999998295, 0.000000000000000000, 0.000000000000000000 ) ) ;
#448 = CARTESIAN_POINT ( 'NONE',  ( 16.89418241891692318, 30.98213447699344769, 160.8802447473195230 ) ) ;
#449 = ORIENTED_EDGE ( 'NONE', *, *, #3618, .F. ) ;
#450 = EDGE_CURVE ( 'NONE', #5549, #2740, #8104, .T. ) ;
#451 = AXIS2_PLACEMENT_3D ( 'NONE', #3810, #2452, #5654 ) ;
#452 = CARTESIAN_POINT ( 'NONE',  ( 305.9999999999994884, 43.00756178499811710, -95.75007751298967662 ) ) ;
#453 = VECTOR ( 'NONE', #1445, 999.9999999999998863 ) ;
#454 = CARTESIAN_POINT ( 'NONE',  ( -32.79331758108306616, 27.44660057106069928, 164.4157786532522323 ) ) ;
#455 = ORIENTED_EDGE ( 'NONE', *, *, #2951, .F. ) ;
#456 = CARTESIAN_POINT ( 'NONE',  ( -3.766946916088933506, 34.01294274768803660, 170.9821208298795625 ) ) ;
#457 = CIRCLE ( 'NONE', #330, 25.00000000000002132 ) ;
#458 = ORIENTED_EDGE ( 'NONE', *, *, #1410, .F. ) ;
#459 = CARTESIAN_POINT ( 'NONE',  ( -10.78664380938163703, 35.00162521917845737, 164.8997354895044793 ) ) ;
#460 = VERTEX_POINT ( 'NONE', #3758 ) ;
#461 = ADVANCED_FACE ( 'NONE', ( #5528 ), #4388, .T. ) ;
#462 = VECTOR ( 'NONE', #52, 1000.000000000000000 ) ;
#463 = DIRECTION ( 'NONE',  ( 0.000000000000000000, -1.000000000000000000, 0.000000000000000000 ) ) ;
#464 = FACE_OUTER_BOUND ( 'NONE', #7333, .T. ) ;
#465 = CARTESIAN_POINT ( 'NONE',  ( 306.0000000000000000, 40.21387978689617171, -111.4057059094869828 ) ) ;
#466 = CARTESIAN_POINT ( 'NONE',  ( -32.73472383108308037, 34.51766838292617479, 164.4157786532522891 ) ) ;
#467 = CARTESIAN_POINT ( 'NONE',  ( -38.49804227149878244, 51.95841639604362427, 181.8565266663697173 ) ) ;
#468 = ORIENTED_EDGE ( 'NONE', *, *, #6991, .F. ) ;
#469 = CARTESIAN_POINT ( 'NONE',  ( 300.9999999999999432, 36.78102076113616903, -94.65932781648555761 ) ) ;
#470 = ORIENTED_EDGE ( 'NONE', *, *, #7643, .F. ) ;
#471 = EDGE_CURVE ( 'NONE', #3270, #2412, #8142, .T. ) ;
#472 = CARTESIAN_POINT ( 'NONE',  ( -54.23321855192055807, 44.83857846615423171, 181.8077565483458216 ) ) ;
#473 = CARTESIAN_POINT ( 'NONE',  ( 306.0000000000000568, 41.59011684896118055, -95.34082341399009408 ) ) ;
#474 = DIRECTION ( 'NONE',  ( -1.000000000000000000, -0.000000000000000000, -0.000000000000000000 ) ) ;
#475 = CARTESIAN_POINT ( 'NONE',  ( -61.41084486154422706, 36.33107865907591361, 166.2291889294020564 ) ) ;
#476 = CARTESIAN_POINT ( 'NONE',  ( -37.37824266245299754, 35.06833582391099924, 172.0375139061026175 ) ) ;
#477 = ORIENTED_EDGE ( 'NONE', *, *, #2803, .T. ) ;
#478 = CARTESIAN_POINT ( 'NONE',  ( 111.4970470022502411, 31.27676230248784606, 161.1748725728139391 ) ) ;
#479 = CARTESIAN_POINT ( 'NONE',  ( 305.9999999999999432, 30.21389026105794073, -95.03289015614933533 ) ) ;
#480 = CARTESIAN_POINT ( 'NONE',  ( -30.52272537926056373, 34.92311316734595295, 164.8212234376720460 ) ) ;
#481 = CARTESIAN_POINT ( 'NONE',  ( 306.0000000000000000, 36.04721312022950741, -105.8848725761536542 ) ) ;
#482 = CARTESIAN_POINT ( 'NONE',  ( 0.000000000000000000, 0.000000000000000000, 0.000000000000000000 ) ) ;
#483 = CARTESIAN_POINT ( 'NONE',  ( -31.79940479570005607, 45.94141737614747711, 182.9105954583391167 ) ) ;
#484 = CARTESIAN_POINT ( 'NONE',  ( 306.0000000000000000, 24.80299000100406559, -106.2009528035903969 ) ) ;
#485 = CARTESIAN_POINT ( 'NONE',  ( 335.9999999999999432, 47.27351010919175422, -274.3250455023379573 ) ) ;
#486 = CARTESIAN_POINT ( 'NONE',  ( -53.76355186628950378, 47.80410319817868015, 177.7022134685047945 ) ) ;
#487 = ORIENTED_EDGE ( 'NONE', *, *, #1191, .T. ) ;
#488 = EDGE_CURVE ( 'NONE', #1542, #1405, #6391, .T. ) ;
#489 = EDGE_LOOP ( 'NONE', ( #3589, #7184, #3700, #4910 ) ) ;
#490 = PLANE ( 'NONE',  #130 ) ;
#491 = ORIENTED_EDGE ( 'NONE', *, *, #7798, .T. ) ;
#492 = CARTESIAN_POINT ( 'NONE',  ( -23.04854630485348110, 32.36335599100650740, 169.3325340731981328 ) ) ;
#493 = CARTESIAN_POINT ( 'NONE',  ( 301.0000000000000000, 36.67872353689617881, -192.5059663261536400 ) ) ;
#494 = VERTEX_POINT ( 'NONE', #3720 ) ;
#495 = DIRECTION ( 'NONE',  ( -0.000000000000000000, -0.000000000000000000, 1.000000000000000000 ) ) ;
#496 = EDGE_CURVE ( 'NONE', #2966, #4203, #1045, .T. ) ;
#497 = ORIENTED_EDGE ( 'NONE', *, *, #3438, .T. ) ;
#498 = ORIENTED_EDGE ( 'NONE', *, *, #6525, .F. ) ;
#499 = DIRECTION ( 'NONE',  ( 0.000000000000000000, -0.9999972926284180774, -0.002326958494241732241 ) ) ;
#500 = CARTESIAN_POINT ( 'NONE',  ( 301.0000000000000000, 50.63054645356283601, -170.0515392428203256 ) ) ;
#501 = CARTESIAN_POINT ( 'NONE',  ( 301.0000000000000568, 25.17527991311654034, -108.5604120867930078 ) ) ;
#502 = CARTESIAN_POINT ( 'NONE',  ( 85.66371366891692674, 27.74122839655510120, 164.7104064787466484 ) ) ;
#503 = CARTESIAN_POINT ( 'NONE',  ( 26.91371366891692674, 39.79334788318517724, 169.6914581535112916 ) ) ;
#504 = EDGE_CURVE ( 'NONE', #7193, #6177, #1081, .T. ) ;
#505 = AXIS2_PLACEMENT_3D ( 'NONE', #447, #8327, #664 ) ;
#506 = LINE ( 'NONE', #2471, #7003 ) ;
#507 = ORIENTED_EDGE ( 'NONE', *, *, #5333, .T. ) ;
#508 = FACE_OUTER_BOUND ( 'NONE', #3859, .T. ) ;
#509 = ORIENTED_EDGE ( 'NONE', *, *, #8099, .T. ) ;
#510 = CARTESIAN_POINT ( 'NONE',  ( -66.82884119296440417, 47.14548549042191894, 177.0435957607481043 ) ) ;
#511 = CARTESIAN_POINT ( 'NONE',  ( 305.9999999999999432, 48.61637747632465079, -99.19123214635725105 ) ) ;
#512 = CARTESIAN_POINT ( 'NONE',  ( 91.08038033558358393, 31.27676230248784606, 161.1748725728139391 ) ) ;
#513 = CARTESIAN_POINT ( 'NONE',  ( 301.0000000000000000, 28.18211112548367581, -101.9276827632568825 ) ) ;
#514 = VECTOR ( 'NONE', #5137, 1000.000000000000000 ) ;
#515 = CARTESIAN_POINT ( 'NONE',  ( -37.60097398455083351, 36.54208443959990404, 173.5112625217915365 ) ) ;
#516 = EDGE_CURVE ( 'NONE', #2780, #1542, #7550, .T. ) ;
#517 = ORIENTED_EDGE ( 'NONE', *, *, #5539, .T. ) ;
#518 = CARTESIAN_POINT ( 'NONE',  ( -22.45058189064841869, 37.52992440311387412, 167.4280346734400382 ) ) ;
#519 = CARTESIAN_POINT ( 'NONE',  ( -306.0000000000000000, -74.71787448395015474, -328.4730072434720682 ) ) ;
#520 = CARTESIAN_POINT ( 'NONE',  ( -5.742229726197304984, 31.14320016552056813, 161.0413104358466398 ) ) ;
#521 = VECTOR ( 'NONE', #7572, 1000.000000000000114 ) ;
#522 = CARTESIAN_POINT ( 'NONE',  ( -56.35643145289587608, 31.00219904375837388, 167.9713771259499424 ) ) ;
#523 = CARTESIAN_POINT ( 'NONE',  ( 301.0000000000000000, 41.01879192095651661, -101.3975764758999105 ) ) ;
#524 = CARTESIAN_POINT ( 'NONE',  ( 306.0000000000000568, 29.59789919893696464, -111.2297185289126276 ) ) ;
#525 = CARTESIAN_POINT ( 'NONE',  ( -19.75295299774973401, 38.50435114664718839, 175.4735292288387996 ) ) ;
#526 = CARTESIAN_POINT ( 'NONE',  ( -335.9999999999999432, 48.13302794031941545, 115.3244233150094402 ) ) ;
#527 = CARTESIAN_POINT ( 'NONE',  ( 10.26566664441628873, 28.80893127542247356, 165.7781093576139426 ) ) ;
#528 = VECTOR ( 'NONE', #3439, 1000.000000000000000 ) ;
#529 = ORIENTED_EDGE ( 'NONE', *, *, #7630, .F. ) ;
#530 = CARTESIAN_POINT ( 'NONE',  ( 301.0000000000000000, 20.21387978689617881, -121.3015392428203256 ) ) ;
#531 = DIRECTION ( 'NONE',  ( -1.000000000000000000, 0.000000000000000000, 0.000000000000000000 ) ) ;
#532 = ORIENTED_EDGE ( 'NONE', *, *, #2736, .T. ) ;
#533 = CARTESIAN_POINT ( 'NONE',  ( -23.43726198539398808, 31.63478701992454489, 168.6039651021161490 ) ) ;
#534 = VECTOR ( 'NONE', #1938, 1000.000000000000000 ) ;
#535 = EDGE_CURVE ( 'NONE', #4359, #2826, #4860, .T. ) ;
#536 = CARTESIAN_POINT ( 'NONE',  ( 301.0000000000000000, 41.01879192095651661, -101.3975764758999105 ) ) ;
#537 = VERTEX_POINT ( 'NONE', #5647 ) ;
#538 = FACE_OUTER_BOUND ( 'NONE', #2174, .T. ) ;
#539 = ORIENTED_EDGE ( 'NONE', *, *, #7590, .T. ) ;
#540 = CARTESIAN_POINT ( 'NONE',  ( -17.56193275722565872, 31.00188980375356351, 167.9710678859450752 ) ) ;
#541 = EDGE_LOOP ( 'NONE', ( #4246, #5095, #2122, #7866, #5432, #8103, #3566, #4744, #509, #3052, #3610, #6384, #7174 ) ) ;
#542 = DIRECTION ( 'NONE',  ( 1.000000000000000000, 0.000000000000000000, -0.000000000000000000 ) ) ;
#543 = ADVANCED_FACE ( 'NONE', ( #1005 ), #6235, .T. ) ;
#544 = DIRECTION ( 'NONE',  ( 0.000000000000000000, 0.000000000000000000, -1.000000000000000000 ) ) ;
#545 = CARTESIAN_POINT ( 'NONE',  ( -28.02118216441640186, 38.93708576534209698, 168.8351960356682184 ) ) ;
#546 = CARTESIAN_POINT ( 'NONE',  ( 25.23126897944836955, 33.48455030451374625, 163.3826605748398038 ) ) ;
#547 = CARTESIAN_POINT ( 'NONE',  ( -37.60097398455083351, 40.07761834553264890, 169.9757286158587988 ) ) ;
#548 = CARTESIAN_POINT ( 'NONE',  ( -58.90858926745168134, 41.76585047850436894, 178.7350285606958664 ) ) ;
#549 = ORIENTED_EDGE ( 'NONE', *, *, #6596, .F. ) ;
#550 = CARTESIAN_POINT ( 'NONE',  ( 300.9999999999999432, 45.82310240177048399, -107.8821034835958272 ) ) ;
#551 = ORIENTED_EDGE ( 'NONE', *, *, #1503, .T. ) ;
#552 = EDGE_CURVE ( 'NONE', #4240, #907, #2952, .T. ) ;
#553 = CARTESIAN_POINT ( 'NONE',  ( -63.63664174525955275, 48.18826427732959417, 185.1574423595211556 ) ) ;
#554 = CARTESIAN_POINT ( 'NONE',  ( 306.0000000000001137, 38.47673643353520845, -94.79857834445539311 ) ) ;
#555 = CARTESIAN_POINT ( 'NONE',  ( -67.49909475437998196, 32.35424408252308126, 169.3234221647146569 ) ) ;
#556 = CARTESIAN_POINT ( 'NONE',  ( 305.9999999999998863, 35.45476520356284311, -100.8848725761536542 ) ) ;
#557 = ADVANCED_FACE ( 'NONE', ( #1766 ), #2323, .F. ) ;
#558 = LINE ( 'NONE', #648, #6816 ) ;
#559 = EDGE_LOOP ( 'NONE', ( #7212, #5853, #7485, #3048 ) ) ;
#560 = CARTESIAN_POINT ( 'NONE',  ( -31.70494138846977705, 30.99577049788452499, 160.8938807682106358 ) ) ;
#561 = CARTESIAN_POINT ( 'NONE',  ( -43.22508634476368883, 46.66023665830868339, 176.5583469286348191 ) ) ;
#562 = PLANE ( 'NONE',  #3654 ) ;
#563 = CARTESIAN_POINT ( 'NONE',  ( 306.0000000000000000, 21.89107809117118464, -111.8881202126515575 ) ) ;
#564 = CARTESIAN_POINT ( 'NONE',  ( -47.38375157091996215, 39.80656858531187225, 169.7046788556380079 ) ) ;
#565 = CARTESIAN_POINT ( 'NONE',  ( 306.0000000000000000, 30.30601770638835646, -111.2918335750198793 ) ) ;
#566 = EDGE_CURVE ( 'NONE', #6210, #5832, #6276, .T. ) ;
#567 = CARTESIAN_POINT ( 'NONE',  ( -19.05349629653115784, 43.22899929078256775, 180.1981773729741292 ) ) ;
#568 = DIRECTION ( 'NONE',  ( 0.000000000000000000, 0.000000000000000000, -1.000000000000000000 ) ) ;
#569 = CARTESIAN_POINT ( 'NONE',  ( -58.62853716449716757, 36.91888509480571656, 173.8880631769972922 ) ) ;
#570 = ORIENTED_EDGE ( 'NONE', *, *, #1913, .T. ) ;
#571 = VECTOR ( 'NONE', #5827, 1000.000000000000000 ) ;
#572 = CARTESIAN_POINT ( 'NONE',  ( -18.14631576937661706, 31.83472460989675312, 168.8039026920883430 ) ) ;
#573 = FACE_BOUND ( 'NONE', #1157, .T. ) ;
#574 = ORIENTED_EDGE ( 'NONE', *, *, #891, .T. ) ;
#575 = FACE_OUTER_BOUND ( 'NONE', #372, .T. ) ;
#576 = CARTESIAN_POINT ( 'NONE',  ( 26.91371366891692674, 36.25781397725243238, 173.2269920594440293 ) ) ;
#577 = ADVANCED_FACE ( 'NONE', ( #1693 ), #4268, .T. ) ;
#578 = CARTESIAN_POINT ( 'NONE',  ( 305.9999999999998863, 40.06633134577442235, -101.2109154895502883 ) ) ;
#579 = VECTOR ( 'NONE', #8387, 1000.000000000000000 ) ;
#580 = VERTEX_POINT ( 'NONE', #57 ) ;
#581 = DIRECTION ( 'NONE',  ( 0.000000000000000000, -0.000000000000000000, -1.000000000000000000 ) ) ;
#582 = VERTEX_POINT ( 'NONE', #5735 ) ;
#583 = CARTESIAN_POINT ( 'NONE',  ( -18.65224836636462769, 36.28084401793719849, 166.1789542882634123 ) ) ;
#584 = VECTOR ( 'NONE', #2988, 1000.000000000000000 ) ;
#585 = AXIS2_PLACEMENT_3D ( 'NONE', #5714, #306, #499 ) ;
#586 = ORIENTED_EDGE ( 'NONE', *, *, #5934, .F. ) ;
#587 = CARTESIAN_POINT ( 'NONE',  ( -60.03260650397404419, 45.92614444053089073, 175.8242547108569909 ) ) ;
#588 = LINE ( 'NONE', #5760, #5324 ) ;
#589 = CARTESIAN_POINT ( 'NONE',  ( 301.0000000000000000, 31.04721312022951096, -111.3015392428203256 ) ) ;
#590 = CARTESIAN_POINT ( 'NONE',  ( 26.56693898027186762, 32.47724719357439227, 169.4464252757659324 ) ) ;
#591 = AXIS2_PLACEMENT_3D ( 'NONE', #8061, #2192, #5439 ) ;
#592 = CARTESIAN_POINT ( 'NONE',  ( -8.211591173546965550, 34.52415714787348833, 164.4222674181996240 ) ) ;
#593 = EDGE_CURVE ( 'NONE', #3218, #4602, #3243, .T. ) ;
#594 = CARTESIAN_POINT ( 'NONE',  ( -60.57422555029451416, 47.10136289640120566, 176.9994731667273413 ) ) ;
#595 = EDGE_LOOP ( 'NONE', ( #5039, #4077, #1286, #4901 ) ) ;
#596 = CARTESIAN_POINT ( 'NONE',  ( 301.0000000000000000, 41.26856728689617881, -189.4265392428203256 ) ) ;
#597 = ORIENTED_EDGE ( 'NONE', *, *, #7436, .F. ) ;
#598 = VECTOR ( 'NONE', #1118, 1000.000000000000114 ) ;
#599 = ADVANCED_FACE ( 'NONE', ( #5822 ), #8065, .T. ) ;
#600 = CARTESIAN_POINT ( 'NONE',  ( -61.33530702293121806, 49.11492190729035201, 186.0840999894819277 ) ) ;
#601 = CARTESIAN_POINT ( 'NONE',  ( -29.56584100153086325, 52.81912533653566300, 182.7172356068618626 ) ) ;
#602 = DIRECTION ( 'NONE',  ( 0.000000000000000000, -1.000000000000000000, 0.000000000000000000 ) ) ;
#603 = CARTESIAN_POINT ( 'NONE',  ( 305.9999999999999432, 30.81646140700958725, -101.2154491452680816 ) ) ;
#604 = CARTESIAN_POINT ( 'NONE',  ( -9.784657568440675135, 49.51644529877452783, 186.4856233809661319 ) ) ;
#605 = ORIENTED_EDGE ( 'NONE', *, *, #4452, .T. ) ;
#606 = EDGE_CURVE ( 'NONE', #1607, #632, #7133, .T. ) ;
#607 = DIRECTION ( 'NONE',  ( -0.000000000000000000, 1.000000000000000000, -0.000000000000000000 ) ) ;
#608 = CARTESIAN_POINT ( 'NONE',  ( -11.64994594973799735, 48.45099858499515477, 178.3491088553213046 ) ) ;
#609 = CARTESIAN_POINT ( 'NONE',  ( -28.60237039289240712, 46.88420966533989542, 176.7823199356660382 ) ) ;
#610 = CARTESIAN_POINT ( 'NONE',  ( -53.66819983761008217, 35.66032499290370339, 165.5584352632297964 ) ) ;
#611 = CARTESIAN_POINT ( 'NONE',  ( -52.93654674774973046, 46.30278140270193887, 176.2008916730280816 ) ) ;
#612 = CARTESIAN_POINT ( 'NONE',  ( 306.0000000000000568, 26.35729035811510812, -110.0963443200974865 ) ) ;
#613 = CARTESIAN_POINT ( 'NONE',  ( 7.474384418725601442, 36.94817084711090871, 166.8462811174370586 ) ) ;
#614 = CARTESIAN_POINT ( 'NONE',  ( -55.22542373591832643, 39.41247268218636179, 169.3105829525125330 ) ) ;
#615 = DIRECTION ( 'NONE',  ( 0.000000000000000000, 0.9931034482758616111, 0.1172413793103483926 ) ) ;
#616 = ORIENTED_EDGE ( 'NONE', *, *, #3159, .F. ) ;
#617 = CARTESIAN_POINT ( 'NONE',  ( -19.36849941258859076, 34.81611532597289482, 171.7852934081645344 ) ) ;
#618 = ADVANCED_FACE ( 'NONE', ( #7635 ), #4474, .F. ) ;
#619 = CARTESIAN_POINT ( 'NONE',  ( 85.66371366891692674, 31.27676230248784606, 161.1748725728139391 ) ) ;
#620 = B_SPLINE_CURVE_WITH_KNOTS ( 'NONE', 3,
 ( #442, #4434, #216, #2182, #949, #1593, #4013, #860, #5389, #2814, #6612, #5353, #2223, #8009, #258, #4684, #5984, #821, #2139 ),
 .UNSPECIFIED., .F., .F.,
 ( 4, 1, 1, 1, 1, 1, 1, 1, 1, 1, 1, 1, 1, 1, 1, 1, 4 ),
 ( 0.000000000000000000, 0.08354513117514386633, 0.1625557328271385049, 0.2372914089452630715, 0.3077071733264912790, 0.3742967137431865710, 0.4373328869094285087, 0.4978121525029931549, 0.5560341809668870594, 0.6121082938584401223, 0.6663330828909219683, 0.7195954610825444631, 0.7724616205444416739, 0.8260546906300043624, 0.8815802353559637483, 0.9392940242974037179, 1.000000000000000000 ),
 .UNSPECIFIED. ) ;
#621 = CARTESIAN_POINT ( 'NONE',  ( -57.24623186817002107, 49.53908744888133953, 186.5082655310729933 ) ) ;
#622 = ORIENTED_EDGE ( 'NONE', *, *, #3776, .T. ) ;
#623 = LINE ( 'NONE', #5879, #4599 ) ;
#624 = DIRECTION ( 'NONE',  ( 0.000000000000000000, 0.000000000000000000, -1.000000000000000000 ) ) ;
#625 = B_SPLINE_CURVE_WITH_KNOTS ( 'NONE', 3,
 ( #5272, #2695, #7848, #259, #2060, #4641, #903, #7214, #7296, #781, #1551, #4133, #2224, #1430, #2104, #2738, #5312, #7886, #4685 ),
 .UNSPECIFIED., .F., .F.,
 ( 4, 1, 1, 1, 1, 1, 1, 1, 1, 1, 1, 1, 1, 1, 1, 1, 4 ),
 ( 0.000000000000000000, 0.08104713976955689458, 0.1557619313350906420, 0.2255623354956995674, 0.2890859378423596970, 0.3470283780899104942, 0.3987097260603154059, 0.4456524349991772271, 0.4864356076022459674, 0.5587521442961806972, 0.6247301818568702370, 0.6863004528094636125, 0.7451022287738341410, 0.8035439429327618788, 0.8645306730754063196, 0.9293544424995912046, 1.000000000000000000 ),
 .UNSPECIFIED. ) ;
#626 = CARTESIAN_POINT ( 'NONE',  ( -7.142613743155335371, 45.89654564016498028, 182.8657237223565630 ) ) ;
#627 = VERTEX_POINT ( 'NONE', #7719 ) ;
#628 = CARTESIAN_POINT ( 'NONE',  ( -306.0000000000000000, 48.13302794031941545, 115.3244233150094402 ) ) ;
#629 = ORIENTED_EDGE ( 'NONE', *, *, #6496, .T. ) ;
#630 = EDGE_CURVE ( 'NONE', #6565, #6109, #3155, .T. ) ;
#631 = CARTESIAN_POINT ( 'NONE',  ( -11.02378355619045713, 27.60280033372799480, 164.5719784159195456 ) ) ;
#632 = VERTEX_POINT ( 'NONE', #7805 ) ;
#633 = ORIENTED_EDGE ( 'NONE', *, *, #2077, .F. ) ;
#634 = CARTESIAN_POINT ( 'NONE',  ( 301.0000000000000000, 20.70250618045085034, -110.3404218051051515 ) ) ;
#635 = CARTESIAN_POINT ( 'NONE',  ( 301.0000000000000000, 50.63054645356283601, -132.9682059094869828 ) ) ;
#636 = CARTESIAN_POINT ( 'NONE',  ( 300.9999999999999432, 30.79532325680062854, -111.2982408423026328 ) ) ;
#637 = LINE ( 'NONE', #4501, #2237 ) ;
#638 = B_SPLINE_SURFACE_WITH_KNOTS ( 'NONE', 3, 1, ( 
 ( #6067, #4171 ),
 ( #2102, #4495 ),
 ( #8381, #1915 ),
 ( #4255, #631 ),
 ( #4213, #2508 ),
 ( #990, #7066 ),
 ( #1274, #6382 ),
 ( #3136, #3868 ),
 ( #8249, #4845 ),
 ( #6977, #4891 ),
 ( #6185, #540 ),
 ( #2980, #8338 ),
 ( #583, #2310 ),
 ( #7416, #1032 ),
 ( #6432, #7460 ),
 ( #3624, #1186 ),
 ( #5711, #4451 ),
 ( #3778, #5757 ),
 ( #7023, #1233 ) ),
 .UNSPECIFIED., .F., .F., .F.,
 ( 4, 1, 1, 1, 1, 1, 1, 1, 1, 1, 1, 1, 1, 1, 1, 1, 4 ),
 ( 2, 2 ),
 ( 0.000000000000000000, 0.06106928187956478515, 0.1188022400854139293, 0.1742319522641090634, 0.2277718904615758100, 0.2803709364222077838, 0.3331581607500624376, 0.3866136993324840732, 0.4417784392788373649, 0.4992200654321184983, 0.5588338851580624267, 0.6217687260763248291, 0.6886336793158603919, 0.7591870209591506935, 0.8345934359180328110, 0.9148766057244703820, 1.000000000000000000 ),
 ( 0.000000000000000000, 1.000000000000000000 ),
 .UNSPECIFIED. ) ;
#639 = LINE ( 'NONE', #3062, #752 ) ;
#640 = CARTESIAN_POINT ( 'NONE',  ( -58.49364346652649971, 41.59053907825072116, 178.5597171604423465 ) ) ;
#641 = EDGE_LOOP ( 'NONE', ( #679, #7114, #8084, #7973 ) ) ;
#642 = CARTESIAN_POINT ( 'NONE',  ( -5.742229726197304984, 27.60766625958782328, 164.5768443417793492 ) ) ;
#643 = EDGE_LOOP ( 'NONE', ( #1980, #3707, #1784, #1234 ) ) ;
#644 = CARTESIAN_POINT ( 'NONE',  ( -62.15041024204666087, 52.39404391101981417, 182.2921541813460067 ) ) ;
#645 = EDGE_CURVE ( 'NONE', #6008, #5455, #2019, .T. ) ;
#646 = DIRECTION ( 'NONE',  ( 0.000000000000000000, -1.000000000000000000, 0.000000000000000000 ) ) ;
#647 = FACE_OUTER_BOUND ( 'NONE', #1564, .T. ) ;
#648 = CARTESIAN_POINT ( 'NONE',  ( -306.0000000000000000, 47.28212551604982394, -274.4730072434720682 ) ) ;
#649 = AXIS2_PLACEMENT_3D ( 'NONE', #21, #5746, #7056 ) ;
#650 = ORIENTED_EDGE ( 'NONE', *, *, #261, .T. ) ;
#651 = CARTESIAN_POINT ( 'NONE',  ( -30.65478843751511562, 31.08553772087907063, 160.9836479912051175 ) ) ;
#652 = LINE ( 'NONE', #7047, #7982 ) ;
#653 = CARTESIAN_POINT ( 'NONE',  ( 301.0000000000000000, 25.21387978689617526, -149.2182059094869828 ) ) ;
#654 = DIRECTION ( 'NONE',  ( 0.000000000000000000, 0.7071067811865464625, 0.7071067811865486830 ) ) ;
#655 = VECTOR ( 'NONE', #2777, 1000.000000000000000 ) ;
#656 = CARTESIAN_POINT ( 'NONE',  ( 106.0803803355835839, 49.24905965764587989, 186.2182377398375195 ) ) ;
#657 = CARTESIAN_POINT ( 'NONE',  ( 17.87790947628569072, 30.99506548077042467, 167.9642435629621104 ) ) ;
#658 = CARTESIAN_POINT ( 'NONE',  ( -9.784657568440675135, 49.51644529877452072, 186.4856233809661319 ) ) ;
#659 = DIRECTION ( 'NONE',  ( 0.000000000000000000, -1.000000000000000000, -0.000000000000000000 ) ) ;
#660 = EDGE_CURVE ( 'NONE', #627, #4497, #7046, .T. ) ;
#661 = DIRECTION ( 'NONE',  ( 0.000000000000000000, 0.7071067811865489050, -0.7071067811865460184 ) ) ;
#662 = VERTEX_POINT ( 'NONE', #7932 ) ;
#663 = VECTOR ( 'NONE', #6254, 1000.000000000000000 ) ;
#664 = DIRECTION ( 'NONE',  ( 0.000000000000000000, 0.000000000000000000, -1.000000000000000000 ) ) ;
#665 = DIRECTION ( 'NONE',  ( 1.000000000000000000, -0.000000000000000000, 0.000000000000000000 ) ) ;
#666 = CARTESIAN_POINT ( 'NONE',  ( -43.89152324005807060, 37.22162927990005699, 174.1908073620916468 ) ) ;
#667 = ORIENTED_EDGE ( 'NONE', *, *, #1987, .F. ) ;
#668 = CARTESIAN_POINT ( 'NONE',  ( 301.0000000000000000, 49.71346952796571372, -112.2172933204696648 ) ) ;
#669 = CARTESIAN_POINT ( 'NONE',  ( -31.70494138846977705, 27.46023659195177657, 164.4294146741433451 ) ) ;
#670 = CARTESIAN_POINT ( 'NONE',  ( 301.0000000000000000, 37.91071327473926544, -100.9617054369579279 ) ) ;
#671 = ADVANCED_FACE ( 'NONE', ( #4806 ), #5905, .T. ) ;
#672 = CIRCLE ( 'NONE', #6807, 25.00000000000002132 ) ;
#673 = B_SPLINE_CURVE_WITH_KNOTS ( 'NONE', 3,
 ( #3701, #6817, #8209, #1028, #375, #3016, #7411, #2975, #2933, #5553, #1631, #7371, #1588, #4886, #3577, #6144, #8126, #4331, #4166 ),
 .UNSPECIFIED., .F., .F.,
 ( 4, 1, 1, 1, 1, 1, 1, 1, 1, 1, 1, 1, 1, 1, 1, 1, 4 ),
 ( 0.000000000000000000, 0.05795458527692611689, 0.1143926538725679870, 0.1698566063314058960, 0.2254402674547479890, 0.2814067601780929628, 0.3385296255796853004, 0.3969866589058890782, 0.4575614070530504840, 0.5190712181008043657, 0.5808183010316654293, 0.6437383234980647018, 0.7084600693138175531, 0.7760465424554882086, 0.8466382043721620843, 0.9212745436731244464, 1.000000000000000000 ),
 .UNSPECIFIED. ) ;
#674 = AXIS2_PLACEMENT_3D ( 'NONE', #3656, #2417, #6890 ) ;
#675 = PERSON ( 'UNSPECIFIED', 'UNSPECIFIED', 'UNSPECIFIED', ('UNSPECIFIED'), ('UNSPECIFIED'), ('UNSPECIFIED') ) ;
#676 = EDGE_CURVE ( 'NONE', #5832, #264, #4053, .T. ) ;
#677 = ORIENTED_EDGE ( 'NONE', *, *, #3629, .F. ) ;
#678 = DIRECTION ( 'NONE',  ( 0.000000000000000000, 0.000000000000000000, -1.000000000000000000 ) ) ;
#679 = ORIENTED_EDGE ( 'NONE', *, *, #6516, .F. ) ;
#680 = PLANE ( 'NONE',  #6212 ) ;
#681 = ORIENTED_EDGE ( 'NONE', *, *, #7699, .T. ) ;
#682 = VECTOR ( 'NONE', #3386, 1000.000000000000000 ) ;
#683 = ORIENTED_EDGE ( 'NONE', *, *, #7699, .F. ) ;
#684 = CARTESIAN_POINT ( 'NONE',  ( 305.9999999999998863, 22.65833323354138074, -112.4844062214557709 ) ) ;
#685 = EDGE_CURVE ( 'NONE', #4763, #1022, #6613, .T. ) ;
#686 = FACE_OUTER_BOUND ( 'NONE', #6216, .T. ) ;
#687 = EDGE_CURVE ( 'NONE', #5576, #2094, #4014, .T. ) ;
#688 = DIRECTION ( 'NONE',  ( 0.000000000000000000, 0.7071067811865489050, -0.7071067811865461294 ) ) ;
#689 = CARTESIAN_POINT ( 'NONE',  ( 301.0000000000000000, 36.04721312022950741, -117.1348725761536542 ) ) ;
#690 = CARTESIAN_POINT ( 'NONE',  ( 301.0000000000000000, 20.70250618045085034, -110.3404218051051515 ) ) ;
#691 = CARTESIAN_POINT ( 'NONE',  ( -55.65654760209260843, 44.23132571910391420, 174.1294359894300783 ) ) ;
#692 = ORIENTED_EDGE ( 'NONE', *, *, #414, .F. ) ;
#693 = CARTESIAN_POINT ( 'NONE',  ( 306.0000000000001137, 43.32478102449042012, -110.4473637801770138 ) ) ;
#694 = EDGE_LOOP ( 'NONE', ( #6553, #335, #6702, #3213 ) ) ;
#695 = CARTESIAN_POINT ( 'NONE',  ( -57.56545299774973046, 49.54368748314031023, 186.5128655653318788 ) ) ;
#696 = DIRECTION ( 'NONE',  ( -0.000000000000000000, -0.000000000000000000, 1.000000000000000000 ) ) ;
#697 = CARTESIAN_POINT ( 'NONE',  ( -59.50373816972083318, 31.34861475994425817, 168.3177928421357876 ) ) ;
#698 = CARTESIAN_POINT ( 'NONE',  ( -54.23321855192055807, 44.83857846615423881, 181.8077565483458216 ) ) ;
#699 = VERTEX_POINT ( 'NONE', #6532 ) ;
#700 = DIRECTION ( 'NONE',  ( -0.000000000000000000, -0.7071067811865489050, 0.7071067811865460184 ) ) ;
#701 = CARTESIAN_POINT ( 'NONE',  ( -12.60860691023514413, 47.07879385589116339, 176.9769041262173346 ) ) ;
#702 = CARTESIAN_POINT ( 'NONE',  ( 306.0000000000000000, 20.21387978689617881, -193.3913829928203256 ) ) ;
#703 = CARTESIAN_POINT ( 'NONE',  ( -54.73516011748881027, 31.37885416477497458, 168.3480322469665396 ) ) ;
#704 = DIRECTION ( 'NONE',  ( 0.000000000000000000, -1.000000000000000000, 0.000000000000000000 ) ) ;
#705 = CARTESIAN_POINT ( 'NONE',  ( 21.06712458363038820, 38.50560349177624175, 168.4037137621023987 ) ) ;
#706 = CARTESIAN_POINT ( 'NONE',  ( -53.26161870305781321, 37.93422500032818334, 167.8323352706543687 ) ) ;
#707 = CARTESIAN_POINT ( 'NONE',  ( -28.26617887242004912, 45.92466533135573314, 175.8227756016819399 ) ) ;
#708 = CARTESIAN_POINT ( 'NONE',  ( 7.330380335583599916, 36.02763598858489758, 172.9968140707765940 ) ) ;
#709 = ORIENTED_EDGE ( 'NONE', *, *, #4049, .F. ) ;
#710 = DIRECTION ( 'NONE',  ( 1.000000000000000000, -0.000000000000000000, -0.000000000000000000 ) ) ;
#711 = EDGE_CURVE ( 'NONE', #3171, #2666, #5985, .T. ) ;
#712 = DIRECTION ( 'NONE',  ( 1.000000000000000000, -0.000000000000000000, -0.000000000000000000 ) ) ;
#713 = CARTESIAN_POINT ( 'NONE',  ( -43.91009281814903886, 38.00855790602747675, 174.9777359882191092 ) ) ;
#714 = CARTESIAN_POINT ( 'NONE',  ( 301.0000000000000000, 47.31041633425206072, -114.8749181547729847 ) ) ;
#715 = B_SPLINE_SURFACE_WITH_KNOTS ( 'NONE', 3, 1, ( 
 ( #5238, #829 ),
 ( #3250, #99 ),
 ( #2065, #657 ),
 ( #3420, #5870 ),
 ( #6620, #5828 ),
 ( #7937, #5199 ),
 ( #185, #5992 ),
 ( #7138, #4647 ),
 ( #5910, #2784 ),
 ( #2661, #7770 ),
 ( #2702, #7811 ),
 ( #1347, #2146 ),
 ( #6498, #2025 ),
 ( #4731, #3936 ),
 ( #4608, #7303 ),
 ( #705, #5278 ),
 ( #3292, #7221 ),
 ( #7180, #7853 ),
 ( #1389, #5953 ) ),
 .UNSPECIFIED., .F., .F., .F.,
 ( 4, 1, 1, 1, 1, 1, 1, 1, 1, 1, 1, 1, 1, 1, 1, 1, 4 ),
 ( 2, 2 ),
 ( 0.000000000000000000, 0.07553387061068131403, 0.1425699456343859362, 0.2023112861831830589, 0.2574340725137624353, 0.3113243648336414537, 0.3665099357849692097, 0.4239944314211401277, 0.4863451212002821156, 0.5227662187937737182, 0.5663439455486899421, 0.6183462786292668323, 0.6783882743167065632, 0.7464598091591838624, 0.8226388639522632662, 0.9075864050478643641, 1.000000000000000000 ),
 ( 0.000000000000000000, 1.000000000000000000 ),
 .UNSPECIFIED. ) ;
#716 = CARTESIAN_POINT ( 'NONE',  ( -32.42402592229235836, 27.45122734331863157, 164.4204054255101823 ) ) ;
#717 = CARTESIAN_POINT ( 'NONE',  ( -53.66819983761008217, 35.66032499290370339, 165.5584352632297964 ) ) ;
#718 = ORIENTED_EDGE ( 'NONE', *, *, #7436, .T. ) ;
#719 = CARTESIAN_POINT ( 'NONE',  ( -54.06771244231916285, 27.70754792122853161, 164.6767260034201570 ) ) ;
#720 = ORIENTED_EDGE ( 'NONE', *, *, #4678, .T. ) ;
#721 = CARTESIAN_POINT ( 'NONE',  ( -58.62528198337204088, 30.99190734094770150, 160.8900176112737768 ) ) ;
#722 = EDGE_CURVE ( 'NONE', #2740, #1587, #3456, .T. ) ;
#723 = EDGE_LOOP ( 'NONE', ( #683, #5363, #6718, #4066 ) ) ;
#724 = AXIS2_PLACEMENT_3D ( 'NONE', #4061, #2396, #1116 ) ;
#725 = CARTESIAN_POINT ( 'NONE',  ( 300.9999999999998863, 22.65833323354138074, -112.4844062214557709 ) ) ;
#726 = CARTESIAN_POINT ( 'NONE',  ( 306.0000000000000000, -73.76329267777781240, 61.68315648790823502 ) ) ;
#727 = CARTESIAN_POINT ( 'NONE',  ( 301.0000000000000000, 51.04721312022950741, -106.5489350761536542 ) ) ;
#728 = CARTESIAN_POINT ( 'NONE',  ( 18.78542185272588583, 31.04822898228741224, 160.9463392526134555 ) ) ;
#729 = CARTESIAN_POINT ( 'NONE',  ( 306.0000000000000000, 19.79721312022951096, -117.1348725761536542 ) ) ;
#730 = VECTOR ( 'NONE', #474, 1000.000000000000000 ) ;
#731 = AXIS2_PLACEMENT_3D ( 'NONE', #1655, #4229, #6239 ) ;
#732 = EDGE_CURVE ( 'NONE', #2003, #3364, #5354, .T. ) ;
#733 = CARTESIAN_POINT ( 'NONE',  ( -67.49909475437998196, 35.88977798845582612, 165.7878882587819476 ) ) ;
#734 = EDGE_LOOP ( 'NONE', ( #6555, #226, #3834, #2353 ) ) ;
#735 = EDGE_CURVE ( 'NONE', #7797, #4990, #6574, .T. ) ;
#736 = ORIENTED_EDGE ( 'NONE', *, *, #405, .F. ) ;
#737 = VECTOR ( 'NONE', #4670, 1000.000000000000000 ) ;
#738 = CARTESIAN_POINT ( 'NONE',  ( -6.512252211654024237, 31.24093209948581773, 168.2101101816772939 ) ) ;
#739 = CARTESIAN_POINT ( 'NONE',  ( -57.94992765350267661, 27.44990756247731412, 164.4190856446688542 ) ) ;
#740 = FACE_OUTER_BOUND ( 'NONE', #3614, .T. ) ;
#741 = LINE ( 'NONE', #3369, #462 ) ;
#742 = VERTEX_POINT ( 'NONE', #6025 ) ;
#743 = VECTOR ( 'NONE', #7814, 1000.000000000000114 ) ;
#744 = DIRECTION ( 'NONE',  ( 1.000000000000000000, -0.000000000000000000, 0.000000000000000000 ) ) ;
#745 = DIRECTION ( 'NONE',  ( -1.000000000000000000, 0.000000000000000000, 0.000000000000000000 ) ) ;
#746 = FACE_OUTER_BOUND ( 'NONE', #8289, .T. ) ;
#747 = LINE ( 'NONE', #7892, #2221 ) ;
#748 = CARTESIAN_POINT ( 'NONE',  ( -50.58358355036165221, 39.00640280827312267, 175.9755808904646130 ) ) ;
#749 = LINE ( 'NONE', #3976, #7345 ) ;
#750 = DIRECTION ( 'NONE',  ( -0.000000000000000000, -0.7071067811865489050, 0.7071067811865460184 ) ) ;
#751 = CARTESIAN_POINT ( 'NONE',  ( -28.26617887242004912, 42.38913142542301671, 179.3583095076146492 ) ) ;
#752 = VECTOR ( 'NONE', #4417, 1000.000000000000114 ) ;
#753 = CARTESIAN_POINT ( 'NONE',  ( 306.0000000000000000, 31.04721312022951096, -105.8848725761536116 ) ) ;
#754 = ORIENTED_EDGE ( 'NONE', *, *, #7925, .F. ) ;
#755 = DIRECTION ( 'NONE',  ( -0.000000000000000000, 0.000000000000000000, 1.000000000000000000 ) ) ;
#756 = CARTESIAN_POINT ( 'NONE',  ( 48.16371366891693384, 49.24905965764587989, 186.2182377398375195 ) ) ;
#757 = CARTESIAN_POINT ( 'NONE',  ( -13.06029499488809620, 38.19992906533860122, 168.0980393356646800 ) ) ;
#758 = CARTESIAN_POINT ( 'NONE',  ( 58.58038033558360524, 27.74122839655507988, 164.7104064787466768 ) ) ;
#759 = LINE ( 'NONE', #6377, #1133 ) ;
#760 = CARTESIAN_POINT ( 'NONE',  ( -8.515973831083066159, 49.54368748314027471, 179.4417977534664317 ) ) ;
#761 = ORIENTED_EDGE ( 'NONE', *, *, #4049, .T. ) ;
#762 = CARTESIAN_POINT ( 'NONE',  ( 106.0803803355835839, 37.67571038744421230, 167.5738206577703124 ) ) ;
#763 = EDGE_LOOP ( 'NONE', ( #1352, #3323, #3910, #8203 ) ) ;
#764 = CARTESIAN_POINT ( 'NONE',  ( -37.65909294991750755, 42.67866023970410083, 172.5767705100302578 ) ) ;
#765 = ORIENTED_EDGE ( 'NONE', *, *, #3677, .T. ) ;
#766 = CARTESIAN_POINT ( 'NONE',  ( -5.778997824016840923, 49.38236082456640474, 186.3515389067579235 ) ) ;
#767 = CARTESIAN_POINT ( 'NONE',  ( -22.25295299774973756, 45.38667300780532088, 175.2847832781314708 ) ) ;
#768 = CARTESIAN_POINT ( 'NONE',  ( 300.9999999999999432, 44.36149025942089708, -109.8882574321654317 ) ) ;
#769 = CARTESIAN_POINT ( 'NONE',  ( -19.05349629653115784, 46.76453319671531261, 176.6626434670414199 ) ) ;
#770 = ADVANCED_FACE ( 'NONE', ( #217 ), #861, .F. ) ;
#771 = CARTESIAN_POINT ( 'NONE',  ( -3.563051191461435341, 38.16959983223134856, 168.0677101025575269 ) ) ;
#772 = CARTESIAN_POINT ( 'NONE',  ( -57.94992765350267661, 30.98544146841005897, 160.8835517387361449 ) ) ;
#773 = VERTEX_POINT ( 'NONE', #5390 ) ;
#774 = ORIENTED_EDGE ( 'NONE', *, *, #4913, .F. ) ;
#775 = CARTESIAN_POINT ( 'NONE',  ( 301.0000000000000000, 38.13054645356284311, -167.1348725761536684 ) ) ;
#776 = CARTESIAN_POINT ( 'NONE',  ( -62.38967174774973046, 38.34783011435331446, 168.2459403846794146 ) ) ;
#777 = CARTESIAN_POINT ( 'NONE',  ( -59.10326694573539186, 34.75282913796768014, 164.6509394082937945 ) ) ;
#778 = EDGE_CURVE ( 'NONE', #885, #5423, #2140, .T. ) ;
#779 = FACE_OUTER_BOUND ( 'NONE', #5043, .T. ) ;
#780 = CARTESIAN_POINT ( 'NONE',  ( -41.20415361528951337, 33.98524749699043923, 163.8833577673165394 ) ) ;
#781 = CARTESIAN_POINT ( 'NONE',  ( 13.87206347525436989, 32.85652324052318107, 169.8257013227147638 ) ) ;
#782 = DIRECTION ( 'NONE',  ( -0.000000000000000000, -0.7071067811865489050, 0.7071067811865460184 ) ) ;
#783 = FACE_OUTER_BOUND ( 'NONE', #6267, .T. ) ;
#784 = LINE ( 'NONE', #5316, #6936 ) ;
#785 = DIRECTION ( 'NONE',  ( 0.000000000000000000, -0.9999998751799666907, 0.0004996399214373361186 ) ) ;
#786 = CARTESIAN_POINT ( 'NONE',  ( 26.91371366891692674, 52.78459356357862475, 182.6827038339048102 ) ) ;
#787 = CARTESIAN_POINT ( 'NONE',  ( -49.05540955650506874, 49.94724042381265861, 179.8453506941388582 ) ) ;
#788 = CARTESIAN_POINT ( 'NONE',  ( -28.60237039289240712, 46.88420966533989542, 176.7823199356660382 ) ) ;
#789 = EDGE_CURVE ( 'NONE', #1232, #5394, #625, .T. ) ;
#790 = AXIS2_PLACEMENT_3D ( 'NONE', #3636, #3033, #355 ) ;
#791 = EDGE_CURVE ( 'NONE', #1916, #1607, #1140, .T. ) ;
#792 = CARTESIAN_POINT ( 'NONE',  ( -65.71228570677645564, 40.33993633401230028, 177.3091144162039541 ) ) ;
#793 = ORIENTED_EDGE ( 'NONE', *, *, #6961, .T. ) ;
#794 = CARTESIAN_POINT ( 'NONE',  ( 306.0000000000000000, 20.21387978689617881, -170.0515392428203256 ) ) ;
#795 = CARTESIAN_POINT ( 'NONE',  ( 301.0000000000000000, 50.63054645356283601, -85.53331007615365422 ) ) ;
#796 = CARTESIAN_POINT ( 'NONE',  ( -47.66961966441640186, 43.97798371716022103, 180.9471617993518180 ) ) ;
#797 = VECTOR ( 'NONE', #5946, 1000.000000000000114 ) ;
#798 = CARTESIAN_POINT ( 'NONE',  ( -3.097047688596853643, 39.34570889422906248, 176.3148869764206381 ) ) ;
#799 = DIRECTION ( 'NONE',  ( -0.000000000000000000, -0.7071067811865489050, 0.7071067811865460184 ) ) ;
#800 = CARTESIAN_POINT ( 'NONE',  ( 305.9999999999998863, 45.13950878126412647, -109.1737851898855070 ) ) ;
#801 = AXIS2_PLACEMENT_3D ( 'NONE', #4578, #1357, #3945 ) ;
#802 = ORIENTED_EDGE ( 'NONE', *, *, #1312, .F. ) ;
#803 = ORIENTED_EDGE ( 'NONE', *, *, #7307, .F. ) ;
#804 = CARTESIAN_POINT ( 'NONE',  ( -61.43054672469931177, 27.83622725202624082, 164.8054053342177667 ) ) ;
#805 = VERTEX_POINT ( 'NONE', #1754 ) ;
#806 = CARTESIAN_POINT ( 'NONE',  ( 0.2539500686132619145, 50.22078084989968971, 180.1188911202258396 ) ) ;
#807 = FACE_OUTER_BOUND ( 'NONE', #5204, .T. ) ;
#808 = DIRECTION ( 'NONE',  ( 0.000000000000000000, -0.7071067811865462405, -0.7071067811865489050 ) ) ;
#809 = CARTESIAN_POINT ( 'NONE',  ( -19.75295299774973401, 42.03988505257993324, 171.9379953229060618 ) ) ;
#810 = CC_DESIGN_PERSON_AND_ORGANIZATION_ASSIGNMENT ( #4724, #993, ( #3970 ) ) ;
#811 = CARTESIAN_POINT ( 'NONE',  ( 301.0000000000000568, 20.00247433461891688, -108.2903885439798302 ) ) ;
#812 = DIRECTION ( 'NONE',  ( 0.000000000000000000, -0.9307357584891948754, -0.3656924224940177326 ) ) ;
#813 = ORIENTED_EDGE ( 'NONE', *, *, #3321, .T. ) ;
#814 = EDGE_CURVE ( 'NONE', #5755, #4614, #1070, .T. ) ;
#815 = ORIENTED_EDGE ( 'NONE', *, *, #3639, .F. ) ;
#816 = CARTESIAN_POINT ( 'NONE',  ( 7.330380335583599916, 52.78459356357862475, 182.6827038339048102 ) ) ;
#817 = AXIS2_PLACEMENT_3D ( 'NONE', #7186, #5788, #5961 ) ;
#818 = CARTESIAN_POINT ( 'NONE',  ( -60.55505779301789460, 35.47506800851365938, 165.3731782788397311 ) ) ;
#819 = CARTESIAN_POINT ( 'NONE',  ( 35.24704700225026244, 31.27676230248784606, 161.1748725728139391 ) ) ;
#820 = LINE ( 'NONE', #2813, #5608 ) ;
#821 = CARTESIAN_POINT ( 'NONE',  ( -33.08688929467073336, 49.53472712642866327, 186.5039052086203242 ) ) ;
#822 = CARTESIAN_POINT ( 'NONE',  ( 48.16371366891693384, 52.78459356357862475, 182.6827038339048102 ) ) ;
#823 = APPROVAL_DATE_TIME ( #1470, #2683 ) ;
#824 = CARTESIAN_POINT ( 'NONE',  ( -60.15730806406256903, 40.89497741373109818, 170.7930876840571841 ) ) ;
#825 = ORIENTED_EDGE ( 'NONE', *, *, #53, .T. ) ;
#826 = ADVANCED_FACE ( 'NONE', ( #3667 ), #4293, .T. ) ;
#827 = CARTESIAN_POINT ( 'NONE',  ( -36.12583532892202953, 32.37261085026962348, 169.3417889324609860 ) ) ;
#828 = DIRECTION ( 'NONE',  ( 1.000000000000000000, -0.000000000000000000, -0.000000000000000000 ) ) ;
#829 = CARTESIAN_POINT ( 'NONE',  ( 17.18064075225025888, 30.98213447699334822, 167.9513125591850837 ) ) ;
#830 = ADVANCED_FACE ( 'NONE', ( #7502 ), #900, .T. ) ;
#831 = CARTESIAN_POINT ( 'NONE',  ( -47.75800066534964827, 47.73868035561034162, 177.6367906259364702 ) ) ;
#832 = CARTESIAN_POINT ( 'NONE',  ( -29.29920946702422668, 48.04702858337022775, 177.9451388536963634 ) ) ;
#833 = CARTESIAN_POINT ( 'NONE',  ( 306.0000000000000000, 36.70996273442095514, -100.8930461196805624 ) ) ;
#834 = ORIENTED_EDGE ( 'NONE', *, *, #7761, .T. ) ;
#835 = CARTESIAN_POINT ( 'NONE',  ( 35.24704700225026244, 49.24905965764588700, 179.1471699279720440 ) ) ;
#836 = LINE ( 'NONE', #1652, #3395 ) ;
#837 = CARTESIAN_POINT ( 'NONE',  ( -51.17508475014427916, 48.15844431093812972, 185.1276223931298262 ) ) ;
#838 = EDGE_CURVE ( 'NONE', #4367, #4993, #300, .T. ) ;
#839 = CARTESIAN_POINT ( 'NONE',  ( -4.015345496477078058, 43.50567308336752603, 180.4748511655591585 ) ) ;
#840 = CARTESIAN_POINT ( 'NONE',  ( 306.0000000000000000, 50.63054645356283601, -132.9682059094869828 ) ) ;
#841 = CARTESIAN_POINT ( 'NONE',  ( -53.11948619650902259, 36.61690418830440308, 166.5150144586305032 ) ) ;
#842 = ORIENTED_EDGE ( 'NONE', *, *, #2613, .F. ) ;
#843 = ORIENTED_EDGE ( 'NONE', *, *, #8325, .T. ) ;
#844 = LINE ( 'NONE', #4584, #528 ) ;
#845 = VERTEX_POINT ( 'NONE', #5475 ) ;
#846 = CARTESIAN_POINT ( 'NONE',  ( -12.85881625740820766, 37.58022034624423924, 167.4783306165703607 ) ) ;
#847 = CARTESIAN_POINT ( 'NONE',  ( 306.0000000000000000, 19.79721312022951096, -117.1348725761536542 ) ) ;
#848 = CARTESIAN_POINT ( 'NONE',  ( -53.66819983761008217, 32.12479108697095853, 169.0939691691625342 ) ) ;
#849 = CARTESIAN_POINT ( 'NONE',  ( -65.71228570677645564, 43.87547023994504514, 173.7735805102712163 ) ) ;
#850 = CARTESIAN_POINT ( 'NONE',  ( 306.0000000000000000, 80.00000000000000000, 206.9691780821917462 ) ) ;
#851 = VERTEX_POINT ( 'NONE', #2267 ) ;
#852 = VECTOR ( 'NONE', #348, 1000.000000000000000 ) ;
#853 = EDGE_LOOP ( 'NONE', ( #983, #6948, #427, #6472 ) ) ;
#854 = CARTESIAN_POINT ( 'NONE',  ( -3.766946916088933506, 34.01294274768808634, 170.9821208298795057 ) ) ;
#855 = CARTESIAN_POINT ( 'NONE',  ( -59.10326694573539186, 34.75282913796768014, 164.6509394082937945 ) ) ;
#856 = CARTESIAN_POINT ( 'NONE',  ( 306.0000000000000000, 50.63054645356283601, -199.2182059094869828 ) ) ;
#857 = VECTOR ( 'NONE', #5470, 1000.000000000000114 ) ;
#858 = DIRECTION ( 'NONE',  ( 1.000000000000000000, 0.000000000000000000, -0.000000000000000000 ) ) ;
#859 = EDGE_CURVE ( 'NONE', #2379, #1720, #4214, .T. ) ;
#860 = CARTESIAN_POINT ( 'NONE',  ( -42.32117845005953427, 45.03597765947668563, 182.0051557416683465 ) ) ;
#861 = PLANE ( 'NONE',  #4720 ) ;
#862 = APPROVAL_ROLE ( '' ) ;
#863 = CARTESIAN_POINT ( 'NONE',  ( 306.0000000000000000, 36.04721312022950741, -105.8848725761536542 ) ) ;
#864 = ORIENTED_EDGE ( 'NONE', *, *, #3799, .T. ) ;
#865 = AXIS2_PLACEMENT_3D ( 'NONE', #2802, #1411, #5299 ) ;
#866 = CARTESIAN_POINT ( 'NONE',  ( -37.66961966441640186, 41.75446434663224693, 171.6525746169583613 ) ) ;
#867 = DIRECTION ( 'NONE',  ( 1.000000000000000000, 0.000000000000000000, 0.000000000000000000 ) ) ;
#868 = PLANE ( 'NONE',  #4251 ) ;
#869 = CARTESIAN_POINT ( 'NONE',  ( 301.0000000000000000, 49.71346952796571372, -112.2172933204696648 ) ) ;
#870 = CARTESIAN_POINT ( 'NONE',  ( -28.42187895444281054, 42.88704069041631328, 179.8562187726078889 ) ) ;
#871 = CARTESIAN_POINT ( 'NONE',  ( 335.9999999999999432, -52.40044383621697932, 99.70254495192531863 ) ) ;
#872 = ADVANCED_FACE ( 'NONE', ( #3831 ), #2515, .T. ) ;
#873 = AXIS2_PLACEMENT_3D ( 'NONE', #1466, #5982, #858 ) ;
#874 = EDGE_LOOP ( 'NONE', ( #5758, #3980, #605, #925 ) ) ;
#875 = CARTESIAN_POINT ( 'NONE',  ( 7.330380335583599916, 52.78459356357862475, 182.6827038339048102 ) ) ;
#876 = CARTESIAN_POINT ( 'NONE',  ( -2.311216237749631919, 32.08022473194483837, 161.9783350022709101 ) ) ;
#877 = CARTESIAN_POINT ( 'NONE',  ( 305.9999999999999432, 28.93509050802865801, -111.1447159529536890 ) ) ;
#878 = CARTESIAN_POINT ( 'NONE',  ( 15.42102453176614851, 34.77503591741982802, 164.6731461877458855 ) ) ;
#879 = VECTOR ( 'NONE', #615, 1000.000000000000114 ) ;
#880 = DIRECTION ( 'NONE',  ( -0.000000000000000000, -0.7071067811865489050, 0.7071067811865460184 ) ) ;
#881 = CARTESIAN_POINT ( 'NONE',  ( -59.34147704293611980, 49.19118399469076763, 179.0892942650169459 ) ) ;
#882 = CARTESIAN_POINT ( 'NONE',  ( -9.133331413139300636, 45.98815310085476682, 182.9573311830465627 ) ) ;
#883 = EDGE_CURVE ( 'NONE', #6557, #1419, #1156, .T. ) ;
#884 = ORIENTED_EDGE ( 'NONE', *, *, #3101, .F. ) ;
#885 = VERTEX_POINT ( 'NONE', #3144 ) ;
#886 = CARTESIAN_POINT ( 'NONE',  ( -60.39832004321718273, 48.16549535868529119, 178.0636056290115050 ) ) ;
#887 = ORIENTED_EDGE ( 'NONE', *, *, #4568, .F. ) ;
#888 = CARTESIAN_POINT ( 'NONE',  ( -13.43987094048863362, 40.35709565792136999, 170.2552059282475057 ) ) ;
#889 = CARTESIAN_POINT ( 'NONE',  ( -22.32035231113711404, 45.69714172747220005, 175.5952519977983570 ) ) ;
#890 = CYLINDRICAL_SURFACE ( 'NONE', #8170, 25.00000000000002132 ) ;
#891 = EDGE_CURVE ( 'NONE', #171, #2758, #1882, .T. ) ;
#892 = CARTESIAN_POINT ( 'NONE',  ( 301.0000000000000000, 50.63054645356283601, -121.3015392428203256 ) ) ;
#893 = ORIENTED_EDGE ( 'NONE', *, *, #5002, .F. ) ;
#894 = DIRECTION ( 'NONE',  ( 0.2394661215810580668, -0.6865333118701969495, -0.6865333118701996140 ) ) ;
#895 = B_SPLINE_CURVE_WITH_KNOTS ( 'NONE', 3,
 ( #1113, #4340, #6904, #3711, #472, #5768, #4556, #7628, #3236, #5816, #3793 ),
 .UNSPECIFIED., .F., .F.,
 ( 4, 1, 1, 1, 1, 1, 1, 1, 4 ),
 ( 0.000000000000000000, 0.1752808661683652180, 0.3268566712195344337, 0.4566612186565049969, 0.5668972303746157015, 0.6675643697767911222, 0.7708795911880118590, 0.8800479994124067451, 1.000000000000000000 ),
 .UNSPECIFIED. ) ;
#896 = ORIENTED_EDGE ( 'NONE', *, *, #6347, .F. ) ;
#897 = CARTESIAN_POINT ( 'NONE',  ( -8.211591173546965550, 34.52415714787348833, 164.4222674181996240 ) ) ;
#898 = CARTESIAN_POINT ( 'NONE',  ( -58.24623858975276391, 34.57306870149361799, 164.4711789718197394 ) ) ;
#899 = CARTESIAN_POINT ( 'NONE',  ( -47.66961966441640186, 43.97798371716022103, 180.9471617993518180 ) ) ;
#900 = B_SPLINE_SURFACE_WITH_KNOTS ( 'NONE', 3, 1, ( 
 ( #1719, #5598 ),
 ( #8176, #1594 ),
 ( #2350, #4969 ),
 ( #5515, #2390 ),
 ( #1680, #4336 ),
 ( #6900, #1637 ),
 ( #8093, #3540 ),
 ( #7461, #4892 ),
 ( #8053, #4172 ),
 ( #6264, #6149 ),
 ( #6823, #5557 ),
 ( #4256, #1109 ),
 ( #467, #5636 ),
 ( #4933, #8215 ),
 ( #6186, #6739 ),
 ( #2940, #2311 ),
 ( #383, #7417 ),
 ( #950, #2429 ),
 ( #6108, #2981 ) ),
 .UNSPECIFIED., .F., .F., .F.,
 ( 4, 1, 1, 1, 1, 1, 1, 1, 1, 1, 1, 1, 1, 1, 1, 1, 4 ),
 ( 2, 2 ),
 ( 0.000000000000000000, 0.08354513117514386633, 0.1625557328271385049, 0.2372914089452630715, 0.3077071733264912790, 0.3742967137431865710, 0.4373328869094285087, 0.4978121525029931549, 0.5560341809668870594, 0.6121082938584401223, 0.6663330828909219683, 0.7195954610825444631, 0.7724616205444416739, 0.8260546906300043624, 0.8815802353559637483, 0.9392940242974037179, 1.000000000000000000 ),
 ( 0.000000000000000000, 1.000000000000000000 ),
 .UNSPECIFIED. ) ;
#901 = CARTESIAN_POINT ( 'NONE',  ( 301.0000000000000000, 27.47162621961450668, -102.2524477204880213 ) ) ;
#902 = CARTESIAN_POINT ( 'NONE',  ( 306.0000000000000000, 0.000000000000000000, 136.9691780821914620 ) ) ;
#903 = CARTESIAN_POINT ( 'NONE',  ( 13.68797871310178316, 33.84065479970244184, 170.8098328818940104 ) ) ;
#904 = VERTEX_POINT ( 'NONE', #6987 ) ;
#905 = COORDINATED_UNIVERSAL_TIME_OFFSET ( 5, 30, .AHEAD. ) ;
#906 = LINE ( 'NONE', #4175, #1753 ) ;
#907 = VERTEX_POINT ( 'NONE', #3188 ) ;
#908 = CARTESIAN_POINT ( 'NONE',  ( -37.66604819970334006, 41.46285982484550203, 171.3609700951716377 ) ) ;
#909 = EDGE_CURVE ( 'NONE', #4240, #6179, #2646, .T. ) ;
#910 = CARTESIAN_POINT ( 'NONE',  ( -54.06771244231916285, 31.24308182716127646, 161.1411920974874192 ) ) ;
#911 = DIRECTION ( 'NONE',  ( -0.000000000000000000, -0.7071067811865489050, 0.7071067811865460184 ) ) ;
#912 = CARTESIAN_POINT ( 'NONE',  ( -54.38266968282567859, 39.03480867496137563, 168.9329189452875539 ) ) ;
#913 = CARTESIAN_POINT ( 'NONE',  ( 20.94016574310475676, 37.12295972187654769, 167.0210699922026834 ) ) ;
#914 = CARTESIAN_POINT ( 'NONE',  ( 305.9999999999999432, 41.88997838658689687, -101.6237316316986465 ) ) ;
#915 = PRODUCT_DEFINITION ( 'UNKNOWN', '', #2848, #2986 ) ;
#916 = ORIENTED_EDGE ( 'NONE', *, *, #1493, .T. ) ;
#917 = LINE ( 'NONE', #2869, #237 ) ;
#918 = CARTESIAN_POINT ( 'NONE',  ( 305.9999999999998863, 20.34962989166588443, -102.1668270475618669 ) ) ;
#919 = CARTESIAN_POINT ( 'NONE',  ( 305.9999999999999432, 25.98929931853202291, -109.7663666299346517 ) ) ;
#920 = PLANE ( 'NONE',  #938 ) ;
#921 = EDGE_CURVE ( 'NONE', #2381, #1017, #506, .T. ) ;
#922 = LINE ( 'NONE', #7988, #4122 ) ;
#923 = CARTESIAN_POINT ( 'NONE',  ( -37.71543318075013218, 28.17724732142260180, 165.1464254036141313 ) ) ;
#924 = LINE ( 'NONE', #2248, #5203 ) ;
#925 = ORIENTED_EDGE ( 'NONE', *, *, #7080, .T. ) ;
#926 = B_SPLINE_CURVE_WITH_KNOTS ( 'NONE', 3,
 ( #8098, #2318, #1687, #554, #3070, #473, #6313, #5641, #8350, #3794, #6270, #511, #8220, #3150, #5143, #3193, #8263, #5099, #2476 ),
 .UNSPECIFIED., .F., .F.,
 ( 4, 1, 1, 1, 1, 1, 1, 1, 1, 1, 1, 1, 1, 1, 1, 1, 4 ),
 ( 0.000000000000000000, 0.07881071124438387976, 0.1538136617640049053, 0.2252599767730434077, 0.2931587887397555381, 0.3581305895072937062, 0.4205584685789197641, 0.4806150661803166857, 0.5390500984180484068, 0.5958696710282167519, 0.6507658062815362410, 0.7051132502087817944, 0.7597156697204959785, 0.8155666309038623885, 0.8738734779362231642, 0.9349531644877057124, 1.000000000000000000 ),
 .UNSPECIFIED. ) ;
#927 = VECTOR ( 'NONE', #6870, 1000.000000000000000 ) ;
#928 = VERTEX_POINT ( 'NONE', #3877 ) ;
#929 = CARTESIAN_POINT ( 'NONE',  ( 301.0000000000000000, 50.63054645356283601, -151.7182059094869828 ) ) ;
#930 = ORIENTED_EDGE ( 'NONE', *, *, #1975, .F. ) ;
#931 = CARTESIAN_POINT ( 'NONE',  ( -3.408350784690740820, 52.38594197136873731, 182.2840522416949796 ) ) ;
#932 = CARTESIAN_POINT ( 'NONE',  ( -22.25295299774973756, 38.41688351095354648, 168.3149937812796679 ) ) ;
#933 = VECTOR ( 'NONE', #2767, 1000.000000000000114 ) ;
#934 = EDGE_CURVE ( 'NONE', #1119, #1022, #3747, .T. ) ;
#935 = LINE ( 'NONE', #1625, #5209 ) ;
#936 = CARTESIAN_POINT ( 'NONE',  ( 306.0000000000000568, 48.66798638612777239, -113.6651313653071043 ) ) ;
#937 = VERTEX_POINT ( 'NONE', #7580 ) ;
#938 = AXIS2_PLACEMENT_3D ( 'NONE', #1570, #1611, #5288 ) ;
#939 = DIRECTION ( 'NONE',  ( 0.000000000000000000, 0.8983483594854817511, -0.4392837636536816581 ) ) ;
#940 = ORIENTED_EDGE ( 'NONE', *, *, #1260, .F. ) ;
#941 = EDGE_CURVE ( 'NONE', #8200, #1232, #6392, .T. ) ;
#942 = ADVANCED_FACE ( 'NONE', ( #4418 ), #3408, .T. ) ;
#943 = B_SPLINE_CURVE_WITH_KNOTS ( 'NONE', 3,
 ( #1792, #592, #4372, #5302, #7876, #2090, #4674, #3961, #5935, #6521, #3445, #2008, #771, #7245, #39, #5261, #7920, #3276, #8391 ),
 .UNSPECIFIED., .F., .F.,
 ( 4, 1, 1, 1, 1, 1, 1, 1, 1, 1, 1, 1, 1, 1, 1, 1, 4 ),
 ( 0.000000000000000000, 0.05249602090068822974, 0.1013673201907882987, 0.1487571369293913814, 0.1954540529938507132, 0.2421714951762523049, 0.2903214437575148965, 0.3416586935712675466, 0.3961793526616594896, 0.4548175549058890987, 0.5179892241357743066, 0.5854363329328483578, 0.6581255992520433917, 0.7356726998143772178, 0.8182477291090868299, 0.9064805023116703220, 1.000000000000000000 ),
 .UNSPECIFIED. ) ;
#944 = CARTESIAN_POINT ( 'NONE',  ( 21.02977454047825390, 34.45309759578223918, 171.4222756779738290 ) ) ;
#945 = CARTESIAN_POINT ( 'NONE',  ( -66.81416208659558720, 44.02797086363307955, 180.9971489458247618 ) ) ;
#946 = DIRECTION ( 'NONE',  ( 0.000000000000000000, -1.000000000000000000, 0.000000000000000000 ) ) ;
#947 = VECTOR ( 'NONE', #7610, 1000.000000000000000 ) ;
#948 = CARTESIAN_POINT ( 'NONE',  ( 301.0000000000000000, 24.79721312022951096, -106.4252371594869828 ) ) ;
#949 = CARTESIAN_POINT ( 'NONE',  ( -43.53034655108145756, 42.05187892562605612, 179.0210570078176886 ) ) ;
#950 = CARTESIAN_POINT ( 'NONE',  ( -33.08688929467073336, 53.07026103236140813, 182.9683713026875864 ) ) ;
#951 = ORIENTED_EDGE ( 'NONE', *, *, #6863, .T. ) ;
#952 = CALENDAR_DATE ( 2026, 14, 8 ) ;
#953 = CARTESIAN_POINT ( 'NONE',  ( -59.42267055915377227, 40.68032596196213291, 170.5784362322882828 ) ) ;
#954 = ORIENTED_EDGE ( 'NONE', *, *, #1314, .F. ) ;
#955 = VECTOR ( 'NONE', #3814, 1000.000000000000000 ) ;
#956 = CARTESIAN_POINT ( 'NONE',  ( -28.02118216441640186, 35.40155185940935212, 172.3707299416009278 ) ) ;
#957 = LINE ( 'NONE', #7302, #175 ) ;
#958 = DIRECTION ( 'NONE',  ( 0.000000000000000000, 1.000000000000000000, 0.000000000000000000 ) ) ;
#959 = CARTESIAN_POINT ( 'NONE',  ( 300.9999999999999432, 41.86416809104718340, -117.0590838847194846 ) ) ;
#960 = CARTESIAN_POINT ( 'NONE',  ( 21.06712458363038820, 38.50560349177624175, 168.4037137621023987 ) ) ;
#961 = CARTESIAN_POINT ( 'NONE',  ( -18.15969159825037238, 45.13004167414555212, 182.0992197563371917 ) ) ;
#962 = EDGE_LOOP ( 'NONE', ( #3870, #6007, #5103, #5767 ) ) ;
#963 = CARTESIAN_POINT ( 'NONE',  ( 13.64959397747703740, 37.75221677871101633, 167.6503270490371165 ) ) ;
#964 = CARTESIAN_POINT ( 'NONE',  ( -58.00072254447559317, 41.42113083415362240, 178.3903089163451909 ) ) ;
#965 = CARTESIAN_POINT ( 'NONE',  ( 305.9999999999999432, 30.79532325680062854, -111.2982408423026328 ) ) ;
#966 = CARTESIAN_POINT ( 'NONE',  ( 305.9999999999999432, 19.79721312022951096, -105.7937267428203256 ) ) ;
#967 = CARTESIAN_POINT ( 'NONE',  ( -19.04551159364672941, 37.27731311017178939, 167.1754233804978185 ) ) ;
#968 = CARTESIAN_POINT ( 'NONE',  ( -38.72664803170169279, 28.60482771770804078, 165.5740057998995667 ) ) ;
#969 = CARTESIAN_POINT ( 'NONE',  ( -51.17508475014427916, 51.69397821687087458, 181.5920884871970884 ) ) ;
#970 = ORIENTED_EDGE ( 'NONE', *, *, #921, .F. ) ;
#971 = EDGE_CURVE ( 'NONE', #8267, #3969, #6328, .T. ) ;
#972 = EDGE_LOOP ( 'NONE', ( #5184, #7626, #5253, #2375, #6429, #7197, #1003, #2011, #5925, #3223 ) ) ;
#973 = CARTESIAN_POINT ( 'NONE',  ( -58.23632701431758107, 45.98626608678145544, 182.9554441689730027 ) ) ;
#974 = ORIENTED_EDGE ( 'NONE', *, *, #1493, .F. ) ;
#975 = B_SPLINE_SURFACE_WITH_KNOTS ( 'NONE', 3, 1, ( 
 ( #6312, #4422 ),
 ( #510, #3108 ),
 ( #2475, #7757 ),
 ( #5857, #1291 ),
 ( #7038, #5054 ),
 ( #5726, #7082 ),
 ( #3923, #5142 ),
 ( #1845, #2519 ),
 ( #1929, #6992 ),
 ( #1245, #3836 ),
 ( #1886, #553 ),
 ( #4508, #4466 ),
 ( #644, #1976 ),
 ( #6398, #600 ),
 ( #1203, #3882 ),
 ( #7126, #6354 ),
 ( #6444, #7168 ),
 ( #3149, #2650 ),
 ( #1335, #695 ) ),
 .UNSPECIFIED., .F., .F., .F.,
 ( 4, 1, 1, 1, 1, 1, 1, 1, 1, 1, 1, 1, 1, 1, 1, 1, 4 ),
 ( 2, 2 ),
 ( 0.000000000000000000, 0.06314838098243527598, 0.1245056554606072535, 0.1842702622704816273, 0.2429763802598449429, 0.3016664755938514575, 0.3605485550332765410, 0.4206201141014526690, 0.4824050888546099758, 0.5445929822138092513, 0.6065063660444830473, 0.6679181167773053929, 0.7303508651174961397, 0.7941135107809960125, 0.8600166734080392228, 0.9286295196055968093, 1.000000000000000000 ),
 ( 0.000000000000000000, 1.000000000000000000 ),
 .UNSPECIFIED. ) ;
#976 = CARTESIAN_POINT ( 'NONE',  ( -12.61914723325894805, 33.47590740637979678, 170.4450854885713511 ) ) ;
#977 = LINE ( 'NONE', #5544, #5462 ) ;
#978 = CARTESIAN_POINT ( 'NONE',  ( -59.50373816972083318, 31.34861475994425106, 168.3177928421357876 ) ) ;
#979 = DIRECTION ( 'NONE',  ( 0.000000000000000000, -0.0004996399214373360102, -0.9999998751799666907 ) ) ;
#980 = EDGE_CURVE ( 'NONE', #3709, #5915, #6690, .T. ) ;
#981 = EDGE_LOOP ( 'NONE', ( #8242, #3922, #5125, #2268 ) ) ;
#982 = PLANE ( 'NONE',  #3096 ) ;
#983 = ORIENTED_EDGE ( 'NONE', *, *, #8166, .F. ) ;
#984 = CARTESIAN_POINT ( 'NONE',  ( 20.52677084003666863, 32.29994503582567944, 169.2691231180172622 ) ) ;
#985 = CARTESIAN_POINT ( 'NONE',  ( -27.85876590797440500, 31.69685633632413868, 161.5949666066502459 ) ) ;
#986 = CARTESIAN_POINT ( 'NONE',  ( 335.9999999999999432, -52.40044383621697932, 89.70254495192531863 ) ) ;
#987 = DIRECTION ( 'NONE',  ( 1.000000000000000000, -0.000000000000000000, -0.000000000000000000 ) ) ;
#988 = VECTOR ( 'NONE', #2783, 1000.000000000000000 ) ;
#989 = EDGE_CURVE ( 'NONE', #6523, #4165, #2363, .T. ) ;
#990 = CARTESIAN_POINT ( 'NONE',  ( -13.29789698191521907, 31.67007557078479252, 161.5681858411108465 ) ) ;
#991 = CARTESIAN_POINT ( 'NONE',  ( -46.83628633108306616, 37.56982851265717471, 167.4679387829833104 ) ) ;
#992 = ORIENTED_EDGE ( 'NONE', *, *, #504, .F. ) ;
#993 = PERSON_AND_ORGANIZATION_ROLE ( 'design_owner' ) ;
#994 = DIRECTION ( 'NONE',  ( -0.000000000000000000, 0.9999972926284180774, 0.002326958494241675428 ) ) ;
#995 = ORIENTED_EDGE ( 'NONE', *, *, #7131, .F. ) ;
#996 = CARTESIAN_POINT ( 'NONE',  ( 301.0000000000000000, 20.21387978689617881, -132.9682059094869828 ) ) ;
#997 = VECTOR ( 'NONE', #3123, 1000.000000000000000 ) ;
#998 = LINE ( 'NONE', #2317, #5451 ) ;
#999 = LINE ( 'NONE', #4220, #7075 ) ;
#1000 = CARTESIAN_POINT ( 'NONE',  ( 301.0000000000000000, 35.45476520356284311, -100.8848725761536542 ) ) ;
#1001 = CARTESIAN_POINT ( 'NONE',  ( 17.18064075225026244, 34.51766838292617479, 164.4157786532522891 ) ) ;
#1002 = CARTESIAN_POINT ( 'NONE',  ( -32.73472383108307326, 46.00815357720752985, 182.9773316593991694 ) ) ;
#1003 = ORIENTED_EDGE ( 'NONE', *, *, #6929, .F. ) ;
#1004 = VECTOR ( 'NONE', #4557, 1000.000000000000000 ) ;
#1005 = FACE_OUTER_BOUND ( 'NONE', #1189, .T. ) ;
#1006 = AXIS2_PLACEMENT_3D ( 'NONE', #4985, #6165, #8193 ) ;
#1007 = CARTESIAN_POINT ( 'NONE',  ( 0.2887933724838134264, 30.30097241020019183, 167.2701504923916787 ) ) ;
#1008 = CARTESIAN_POINT ( 'NONE',  ( 58.58038033558360524, 31.27676230248784606, 161.1748725728139391 ) ) ;
#1009 = DIRECTION ( 'NONE',  ( 0.000000000000000000, 0.000000000000000000, -1.000000000000000000 ) ) ;
#1010 = CARTESIAN_POINT ( 'NONE',  ( 111.4970470022502411, 52.78459356357862475, 182.6827038339048102 ) ) ;
#1011 = CARTESIAN_POINT ( 'NONE',  ( -60.58628633108306616, 47.26952895510542163, 177.1676392254315715 ) ) ;
#1012 = FACE_OUTER_BOUND ( 'NONE', #3564, .T. ) ;
#1013 = VECTOR ( 'NONE', #6634, 1000.000000000000114 ) ;
#1014 = ORIENTED_EDGE ( 'NONE', *, *, #5963, .T. ) ;
#1015 = LINE ( 'NONE', #3731, #6591 ) ;
#1016 = CARTESIAN_POINT ( 'NONE',  ( -22.25295299774973756, 34.88134960502080162, 171.8505276872124057 ) ) ;
#1017 = VERTEX_POINT ( 'NONE', #7246 ) ;
#1018 = CIRCLE ( 'NONE', #3866, 9.999999999999994671 ) ;
#1019 = CARTESIAN_POINT ( 'NONE',  ( -11.66909379247886136, 35.62478914526788287, 165.5228994155939404 ) ) ;
#1020 = EDGE_CURVE ( 'NONE', #5421, #4045, #4043, .T. ) ;
#1021 = CARTESIAN_POINT ( 'NONE',  ( 306.0000000000000000, 20.21387978689617881, -76.25596632615365422 ) ) ;
#1022 = VERTEX_POINT ( 'NONE', #3962 ) ;
#1023 = CARTESIAN_POINT ( 'NONE',  ( 301.0000000000000000, 31.27507770356284666, -189.0489350761536684 ) ) ;
#1024 = EDGE_LOOP ( 'NONE', ( #6091, #5356, #3105, #667, #8075, #3191, #5790, #31 ) ) ;
#1025 = CARTESIAN_POINT ( 'NONE',  ( 13.58038033558359103, 36.09208582541182864, 173.0612639076034327 ) ) ;
#1026 = ORIENTED_EDGE ( 'NONE', *, *, #2989, .T. ) ;
#1027 = ADVANCED_FACE ( 'NONE', ( #7838 ), #1417, .F. ) ;
#1028 = CARTESIAN_POINT ( 'NONE',  ( -46.99744554719467970, 36.28703089353123090, 166.1851411638573666 ) ) ;
#1029 = CARTESIAN_POINT ( 'NONE',  ( -32.42402592229235836, 30.98676124925137643, 160.8848715195774446 ) ) ;
#1030 = DIRECTION ( 'NONE',  ( 0.000000000000000000, 0.000000000000000000, -1.000000000000000000 ) ) ;
#1031 = CARTESIAN_POINT ( 'NONE',  ( 301.0000000000000000, 26.83971542900961538, -102.6157245694931532 ) ) ;
#1032 = CARTESIAN_POINT ( 'NONE',  ( -19.04551159364672941, 33.74177920423907295, 170.7109572864305278 ) ) ;
#1033 = CARTESIAN_POINT ( 'NONE',  ( -47.83859316399774286, 40.46589191757679060, 170.3640021879029689 ) ) ;
#1034 = ORIENTED_EDGE ( 'NONE', *, *, #5591, .F. ) ;
#1035 = CARTESIAN_POINT ( 'NONE',  ( 301.0000000000000000, 41.10507251571742415, -111.1897307221009470 ) ) ;
#1036 = ORIENTED_EDGE ( 'NONE', *, *, #3360, .F. ) ;
#1037 = EDGE_CURVE ( 'NONE', #2740, #2, #85, .T. ) ;
#1038 = CARTESIAN_POINT ( 'NONE',  ( 306.0000000000000000, 31.27507770356284666, -189.0489350761536684 ) ) ;
#1039 = CARTESIAN_POINT ( 'NONE',  ( -57.61102591441640186, 46.00815357720752985, 182.9773316593991694 ) ) ;
#1040 = EDGE_CURVE ( 'NONE', #7249, #7573, #4123, .T. ) ;
#1041 = CARTESIAN_POINT ( 'NONE',  ( -58.82153721087773590, 45.86176196983310405, 182.8309400520247152 ) ) ;
#1042 = DIRECTION ( 'NONE',  ( 1.000000000000000000, -0.000000000000000000, -0.000000000000000000 ) ) ;
#1043 = CARTESIAN_POINT ( 'NONE',  ( -15.28111790843809814, 47.96018567033170399, 184.9293637525233578 ) ) ;
#1044 = ORIENTED_EDGE ( 'NONE', *, *, #7044, .F. ) ;
#1045 = LINE ( 'NONE', #2280, #3091 ) ;
#1046 = DIRECTION ( 'NONE',  ( 0.000000000000000000, 0.9711261439659898409, 0.2385665787694233320 ) ) ;
#1047 = CARTESIAN_POINT ( 'NONE',  ( 2.468717331469225229, 37.33216280445881807, 167.2302730747849466 ) ) ;
#1048 = CARTESIAN_POINT ( 'NONE',  ( 301.0000000000000000, 24.99242313270193350, -96.86482339267168129 ) ) ;
#1049 = EDGE_CURVE ( 'NONE', #5832, #6770, #7795, .T. ) ;
#1050 = DIRECTION ( 'NONE',  ( 0.000000000000000000, 1.000000000000000000, 0.000000000000000000 ) ) ;
#1051 = ADVANCED_FACE ( 'NONE', ( #126 ), #4712, .T. ) ;
#1052 = DIRECTION ( 'NONE',  ( 0.000000000000000000, 1.000000000000000000, -0.000000000000000000 ) ) ;
#1053 = CARTESIAN_POINT ( 'NONE',  ( -49.05540955650506874, 46.41170651787985690, 183.3808846000716244 ) ) ;
#1054 = VERTEX_POINT ( 'NONE', #2093 ) ;
#1055 = DIRECTION ( 'NONE',  ( 0.000000000000000000, 0.000000000000000000, 1.000000000000000000 ) ) ;
#1056 = CARTESIAN_POINT ( 'NONE',  ( -60.13986875306507329, 45.02267333196099486, 181.9918514141525350 ) ) ;
#1057 = ORIENTED_EDGE ( 'NONE', *, *, #6507, .T. ) ;
#1058 = CARTESIAN_POINT ( 'NONE',  ( -22.45058189064841869, 33.99439049718112926, 170.9635685793727475 ) ) ;
#1059 = DIRECTION ( 'NONE',  ( -0.000000000000000000, -0.7071067811865489050, 0.7071067811865460184 ) ) ;
#1060 = ORIENTED_EDGE ( 'NONE', *, *, #8314, .F. ) ;
#1061 = CARTESIAN_POINT ( 'NONE',  ( 306.0000000000000000, 50.63054645356283601, -179.2182059094870112 ) ) ;
#1062 = ORIENTED_EDGE ( 'NONE', *, *, #1168, .F. ) ;
#1063 = DIRECTION ( 'NONE',  ( 0.000000000000000000, 0.9157183343378701990, -0.4018207711872003873 ) ) ;
#1064 = ORIENTED_EDGE ( 'NONE', *, *, #552, .F. ) ;
#1065 = CARTESIAN_POINT ( 'NONE',  ( 106.0803803355835839, 52.78459356357862475, 182.6827038339048102 ) ) ;
#1066 = CARTESIAN_POINT ( 'NONE',  ( -23.88402536803964438, 34.49780174098697927, 164.3959120113131576 ) ) ;
#1067 = CARTESIAN_POINT ( 'NONE',  ( 26.68263349389420469, 36.54158835280215811, 166.4396986231282369 ) ) ;
#1068 = LINE ( 'NONE', #5556, #3734 ) ;
#1069 = VECTOR ( 'NONE', #1147, 1000.000000000000000 ) ;
#1070 = LINE ( 'NONE', #3625, #5931 ) ;
#1071 = ORIENTED_EDGE ( 'NONE', *, *, #8272, .T. ) ;
#1072 = PLANE ( 'NONE',  #1487 ) ;
#1073 = ORIENTED_EDGE ( 'NONE', *, *, #2764, .F. ) ;
#1074 = DIRECTION ( 'NONE',  ( 1.000000000000000000, -0.000000000000000000, -0.000000000000000000 ) ) ;
#1075 = CARTESIAN_POINT ( 'NONE',  ( -26.24989651518480116, 51.61381314675997345, 181.5119234170861375 ) ) ;
#1076 = CARTESIAN_POINT ( 'NONE',  ( -60.39832004321718273, 44.62996145275254634, 181.5991395349442143 ) ) ;
#1077 = DIRECTION ( 'NONE',  ( -0.000000000000000000, 0.000000000000000000, 1.000000000000000000 ) ) ;
#1078 = CARTESIAN_POINT ( 'NONE',  ( 301.0000000000000000, 20.21387978689617881, -76.25596632615365422 ) ) ;
#1079 = ORIENTED_EDGE ( 'NONE', *, *, #6052, .T. ) ;
#1080 = EDGE_CURVE ( 'NONE', #67, #1054, #1459, .T. ) ;
#1081 = LINE ( 'NONE', #5022, #4443 ) ;
#1082 = VECTOR ( 'NONE', #2845, 1000.000000000000000 ) ;
#1083 = CARTESIAN_POINT ( 'NONE',  ( 306.0000000000000000, 24.99242313270193350, -96.86482339267168129 ) ) ;
#1084 = CARTESIAN_POINT ( 'NONE',  ( 306.0000000000000000, 48.23670732222217339, 61.96704619280065174 ) ) ;
#1085 = CARTESIAN_POINT ( 'NONE',  ( 301.0000000000000000, 27.42711151986272000, -95.76511368351471276 ) ) ;
#1086 = B_SPLINE_CURVE_WITH_KNOTS ( 'NONE', 3,
 ( #5156, #2619, #7181, #1899, #5871, #63, #6415, #8322, #5741, #3163, #2067, #1348, #2532, #4481, #7684, #1258, #2577, #3852, #613, #4648, #3937, #5200, #3340 ),
 .UNSPECIFIED., .F., .F.,
 ( 4, 1, 1, 1, 1, 1, 1, 1, 1, 1, 1, 1, 1, 1, 1, 1, 1, 1, 1, 1, 4 ),
 ( 0.000000000000000000, 0.07888785017893126805, 0.1533733674516387369, 0.2242144871181419863, 0.2922909791144003844, 0.3252739147533834640, 0.3580740960299406694, 0.3901022578879385638, 0.4223459357402434833, 0.4548338797240625286, 0.4878069090899165294, 0.5211934712567821704, 0.5558136423039180540, 0.5930752557032874517, 0.6351481822251883180, 0.6823209935073291099, 0.7347371519422590813, 0.7926230978110619940, 0.8560582869270827455, 0.9251635571178755679, 1.000000000000000000 ),
 .UNSPECIFIED. ) ;
#1087 = DIRECTION ( 'NONE',  ( 0.000000000000000000, -0.000000000000000000, 1.000000000000000000 ) ) ;
#1088 = CARTESIAN_POINT ( 'NONE',  ( 306.0000000000000000, 26.29292081955613014, -103.0271979080478673 ) ) ;
#1089 = DIRECTION ( 'NONE',  ( 0.000000000000000000, 0.000000000000000000, -1.000000000000000000 ) ) ;
#1090 = ORGANIZATION ( 'UNSPECIFIED', 'UNSPECIFIED', '' ) ;
#1091 = EDGE_LOOP ( 'NONE', ( #2260, #7634, #5959, #893, #1702 ) ) ;
#1092 = FACE_OUTER_BOUND ( 'NONE', #3628, .T. ) ;
#1093 = EDGE_CURVE ( 'NONE', #8121, #6109, #3487, .T. ) ;
#1094 = CARTESIAN_POINT ( 'NONE',  ( 306.0000000000000000, 0.000000000000000000, 206.9691780821917462 ) ) ;
#1095 = ORIENTED_EDGE ( 'NONE', *, *, #630, .T. ) ;
#1096 = FACE_OUTER_BOUND ( 'NONE', #5839, .T. ) ;
#1097 = CARTESIAN_POINT ( 'NONE',  ( -5.018326394067506691, 44.89912011876889153, 181.8682982009605666 ) ) ;
#1098 = EDGE_LOOP ( 'NONE', ( #720, #6894, #6616, #7879 ) ) ;
#1099 = DIRECTION ( 'NONE',  ( 1.000000000000000000, -0.000000000000000000, -0.000000000000000000 ) ) ;
#1100 = ORIENTED_EDGE ( 'NONE', *, *, #7032, .F. ) ;
#1101 = EDGE_CURVE ( 'NONE', #1616, #8267, #5937, .T. ) ;
#1102 = LINE ( 'NONE', #4205, #2830 ) ;
#1103 = ORIENTED_EDGE ( 'NONE', *, *, #6621, .F. ) ;
#1104 = CARTESIAN_POINT ( 'NONE',  ( 21.07432375429410953, 35.54273048533794821, 172.5119085675295310 ) ) ;
#1105 = CARTESIAN_POINT ( 'NONE',  ( -306.0000000000000000, 1.387778780781445676E-14, 115.3244233150094402 ) ) ;
#1106 = CARTESIAN_POINT ( 'NONE',  ( 25.87998662737550148, 30.70593758005415452, 167.6751156622455312 ) ) ;
#1107 = B_SPLINE_SURFACE_WITH_KNOTS ( 'NONE', 3, 1, ( 
 ( #5512, #6821 ),
 ( #6695, #2895 ),
 ( #4292, #3623 ),
 ( #6105, #3493 ),
 ( #6184, #4844 ),
 ( #3582, #4169 ),
 ( #2264, #5472 ),
 ( #8090, #6064 ),
 ( #2979, #7414 ),
 ( #2348, #4931 ),
 ( #7500, #1718 ),
 ( #1592, #257 ),
 ( #2854, #5428 ),
 ( #8007, #6439 ),
 ( #6389, #4968 ),
 ( #7074, #1921 ),
 ( #5718, #4335 ),
 ( #8301, #5811 ),
 ( #7534, #1284 ),
 ( #2514, #5763 ),
 ( #3786, #5676 ),
 ( #5634, #6349 ),
 ( #2388, #8256 ) ),
 .UNSPECIFIED., .F., .F., .F.,
 ( 4, 1, 1, 1, 1, 1, 1, 1, 1, 1, 1, 1, 1, 1, 1, 1, 1, 1, 1, 1, 4 ),
 ( 2, 2 ),
 ( 0.000000000000000000, 0.07888785017893126805, 0.1533733674516387369, 0.2242144871181419863, 0.2922909791144003844, 0.3252739147533834640, 0.3580740960299406694, 0.3901022578879385638, 0.4223459357402434833, 0.4548338797240625286, 0.4878069090899165294, 0.5211934712567821704, 0.5558136423039180540, 0.5930752557032874517, 0.6351481822251883180, 0.6823209935073291099, 0.7347371519422590813, 0.7926230978110619940, 0.8560582869270827455, 0.9251635571178755679, 1.000000000000000000 ),
 ( 0.000000000000000000, 1.000000000000000000 ),
 .UNSPECIFIED. ) ;
#1108 = CARTESIAN_POINT ( 'NONE',  ( -36.12583532892202953, 35.90814475620227597, 165.8062550265283619 ) ) ;
#1109 = CARTESIAN_POINT ( 'NONE',  ( -39.43724575685918410, 47.92529975838781553, 184.8944778405795262 ) ) ;
#1110 = ORIENTED_EDGE ( 'NONE', *, *, #4491, .F. ) ;
#1111 = CARTESIAN_POINT ( 'NONE',  ( 306.0000000000000000, 0.000000000000000000, 206.9691780821917462 ) ) ;
#1112 = ORIENTED_EDGE ( 'NONE', *, *, #6358, .F. ) ;
#1113 = CARTESIAN_POINT ( 'NONE',  ( -52.93654674774973046, 42.76724749676918691, 179.7364255789607910 ) ) ;
#1114 = DIRECTION ( 'NONE',  ( -0.000000000000000000, -0.7071067811865489050, 0.7071067811865460184 ) ) ;
#1115 = EDGE_CURVE ( 'NONE', #2603, #4763, #6018, .T. ) ;
#1116 = DIRECTION ( 'NONE',  ( 0.000000000000000000, 0.7071067811865459074, 0.7071067811865491270 ) ) ;
#1117 = CARTESIAN_POINT ( 'NONE',  ( -61.64919489722979051, 36.67658004545086925, 166.5746903157769623 ) ) ;
#1118 = DIRECTION ( 'NONE',  ( 0.000000000000000000, 0.7071067811865459074, 0.7071067811865491270 ) ) ;
#1119 = VERTEX_POINT ( 'NONE', #7961 ) ;
#1120 = CARTESIAN_POINT ( 'NONE',  ( -13.50295299774973579, 38.49514402710048699, 175.4643221092920840 ) ) ;
#1121 = CARTESIAN_POINT ( 'NONE',  ( 306.0000000000000000, 20.21387978689617881, -87.29763299282032563 ) ) ;
#1122 = CARTESIAN_POINT ( 'NONE',  ( -28.31203667449843309, 37.86389859842408612, 167.7620088687501720 ) ) ;
#1123 = VECTOR ( 'NONE', #7456, 1000.000000000000227 ) ;
#1124 = CARTESIAN_POINT ( 'NONE',  ( 305.9999999999998295, 22.10163912792451768, -99.16791667378662112 ) ) ;
#1125 = CARTESIAN_POINT ( 'NONE',  ( 335.9999999999999432, -52.40044383621697932, 79.70254495192533284 ) ) ;
#1126 = LINE ( 'NONE', #7724, #8105 ) ;
#1127 = EDGE_CURVE ( 'NONE', #6045, #3996, #3647, .T. ) ;
#1128 = CARTESIAN_POINT ( 'NONE',  ( 306.0000000000000000, 35.02500148989151540, -100.8879919200087585 ) ) ;
#1129 = CARTESIAN_POINT ( 'NONE',  ( -335.9999999999999432, 48.13302794031941545, 115.3244233150094402 ) ) ;
#1130 = ADVANCED_FACE ( 'NONE', ( #4004 ), #2259, .T. ) ;
#1131 = CARTESIAN_POINT ( 'NONE',  ( -53.06804686328089105, 46.58250430142034304, 176.4806145717465142 ) ) ;
#1132 = VECTOR ( 'NONE', #2048, 1000.000000000000000 ) ;
#1133 = VECTOR ( 'NONE', #7693, 1000.000000000000000 ) ;
#1134 = ORIENTED_EDGE ( 'NONE', *, *, #2989, .F. ) ;
#1135 = ORIENTED_EDGE ( 'NONE', *, *, #3948, .T. ) ;
#1136 = CARTESIAN_POINT ( 'NONE',  ( 17.85703500838996050, 30.99208530931656469, 160.8901955796427217 ) ) ;
#1137 = ORIENTED_EDGE ( 'NONE', *, *, #2116, .F. ) ;
#1138 = VECTOR ( 'NONE', #7322, 1000.000000000000000 ) ;
#1139 = CARTESIAN_POINT ( 'NONE',  ( 301.0000000000000568, 41.59011684896118055, -95.34082341399009408 ) ) ;
#1140 = B_SPLINE_CURVE_WITH_KNOTS ( 'NONE', 3,
 ( #3495, #4091, #2857, #5431, #8010, #3585, #343, #8132, #6780, #1033, #6859, #426, #7536, #6224, #991 ),
 .UNSPECIFIED., .F., .F.,
 ( 4, 1, 1, 1, 1, 1, 1, 1, 1, 1, 1, 1, 4 ),
 ( 0.000000000000000000, 0.1174667728004277489, 0.2220911888904261722, 0.3138342698107446926, 0.3938473175792562841, 0.4668369566114884406, 0.5397267551058773094, 0.6129654000265285507, 0.6878616652006325216, 0.7636054377059043885, 0.8402452639219253339, 0.9182857188141173577, 0.9999999999999998890 ),
 .UNSPECIFIED. ) ;
#1141 = LINE ( 'NONE', #4835, #2370 ) ;
#1142 = EDGE_CURVE ( 'NONE', #3881, #2379, #7593, .T. ) ;
#1143 = ORIENTED_EDGE ( 'NONE', *, *, #4601, .F. ) ;
#1144 = LINE ( 'NONE', #1830, #3664 ) ;
#1145 = VECTOR ( 'NONE', #4802, 1000.000000000000114 ) ;
#1146 = ORIENTED_EDGE ( 'NONE', *, *, #4396, .T. ) ;
#1147 = DIRECTION ( 'NONE',  ( 1.000000000000000000, -0.000000000000000000, -0.000000000000000000 ) ) ;
#1148 = ORIENTED_EDGE ( 'NONE', *, *, #5429, .T. ) ;
#1149 = CARTESIAN_POINT ( 'NONE',  ( -36.74668793348264728, 47.06823735251590080, 176.9663476228421075 ) ) ;
#1150 = VECTOR ( 'NONE', #3320, 1000.000000000000000 ) ;
#1151 = DIRECTION ( 'NONE',  ( -0.9362118966772989825, -0.2485028013120718360, -0.2485028013120728352 ) ) ;
#1152 = EDGE_CURVE ( 'NONE', #1776, #3678, #6218, .T. ) ;
#1153 = CARTESIAN_POINT ( 'NONE',  ( -28.66883867114392004, 33.40285143090513742, 170.3720295130968054 ) ) ;
#1154 = CARTESIAN_POINT ( 'NONE',  ( 24.36990850285939558, 32.78646364889794995, 162.6845739192240501 ) ) ;
#1155 = PLANE ( 'NONE',  #4132 ) ;
#1156 = LINE ( 'NONE', #5094, #4051 ) ;
#1157 = EDGE_LOOP ( 'NONE', ( #6423, #4970, #4224, #7743, #5552, #5074, #5412, #5815, #5800, #5625, #2301, #5347, #353, #2409, #5560 ) ) ;
#1158 = DIRECTION ( 'NONE',  ( 1.000000000000000000, -0.000000000000000000, -0.000000000000000000 ) ) ;
#1159 = ORIENTED_EDGE ( 'NONE', *, *, #7306, .F. ) ;
#1160 = CARTESIAN_POINT ( 'NONE',  ( -9.726469301156956959, 45.90139744389949783, 182.8705755260910735 ) ) ;
#1161 = CARTESIAN_POINT ( 'NONE',  ( -26.24989651518480116, 48.07827924082725701, 185.0474573230188184 ) ) ;
#1162 = CARTESIAN_POINT ( 'NONE',  ( -59.78168721240245276, 45.36677627712239769, 182.3359543593140870 ) ) ;
#1163 = CARTESIAN_POINT ( 'NONE',  ( 305.9999999999998863, 35.02500148989151540, -100.8879919200087585 ) ) ;
#1164 = B_SPLINE_CURVE_WITH_KNOTS ( 'NONE', 3,
 ( #4143, #5322, #6708, #5995, #5957, #2028, #2706, #2113, #7898, #1478, #4694, #914, #66, #7265, #4065, #6625, #833, #6034, #2665 ),
 .UNSPECIFIED., .F., .F.,
 ( 4, 1, 1, 1, 1, 1, 1, 1, 1, 1, 1, 1, 1, 1, 1, 1, 4 ),
 ( 0.000000000000000000, 0.04927615429502451433, 0.09644764200121436204, 0.1420438667843324232, 0.1876215160640750668, 0.2335666157269289667, 0.2815693718454783112, 0.3318395821697362469, 0.3862603830897459178, 0.4445949997588111713, 0.5075955869781597629, 0.5752425295218517309, 0.6484595343885413143, 0.7274819829374798985, 0.8124500795233927652, 0.9030890037962835404, 1.000000000000000000 ),
 .UNSPECIFIED. ) ;
#1165 = CARTESIAN_POINT ( 'NONE',  ( -8.915882992416815256, 53.06998734421322439, 182.9680976145394027 ) ) ;
#1166 = ORIENTED_EDGE ( 'NONE', *, *, #1717, .T. ) ;
#1167 = CARTESIAN_POINT ( 'NONE',  ( -13.06029499488809620, 34.66439515940585636, 171.6335732415973894 ) ) ;
#1168 = EDGE_CURVE ( 'NONE', #3964, #1957, #1586, .T. ) ;
#1169 = DIRECTION ( 'NONE',  ( 0.000000000000000000, 0.7071067811865464625, 0.7071067811865486830 ) ) ;
#1170 = CARTESIAN_POINT ( 'NONE',  ( 3.139377012508543618, 40.76608587548361129, 170.6641961458097683 ) ) ;
#1171 = CARTESIAN_POINT ( 'NONE',  ( 301.0000000000000000, 20.21387978689617881, -170.0515392428203256 ) ) ;
#1172 = DIRECTION ( 'NONE',  ( 0.000000000000000000, 0.000000000000000000, -1.000000000000000000 ) ) ;
#1173 = CARTESIAN_POINT ( 'NONE',  ( -28.81258453382977791, 43.77195422380761869, 180.7411323059992583 ) ) ;
#1174 = PLANE ( 'NONE',  #6128 ) ;
#1175 = CARTESIAN_POINT ( 'NONE',  ( -56.36906211190795801, 36.27449221060887652, 173.2436702928004308 ) ) ;
#1176 = CARTESIAN_POINT ( 'NONE',  ( 8.432501187579562796, 30.47293140113056964, 167.4421094833221275 ) ) ;
#1177 = ORIENTED_EDGE ( 'NONE', *, *, #20, .F. ) ;
#1178 = CARTESIAN_POINT ( 'NONE',  ( 105.4618907522502695, 27.74122839655510120, 164.7104064787466484 ) ) ;
#1179 = DIRECTION ( 'NONE',  ( 0.000000000000000000, 0.000000000000000000, -1.000000000000000000 ) ) ;
#1180 = ORIENTED_EDGE ( 'NONE', *, *, #7010, .T. ) ;
#1181 = CARTESIAN_POINT ( 'NONE',  ( 305.9999999999995453, 51.04721312022950741, -106.5489350761536542 ) ) ;
#1182 = CARTESIAN_POINT ( 'NONE',  ( 301.0000000000000000, 45.01729915266824378, -103.4135007699979809 ) ) ;
#1183 = EDGE_LOOP ( 'NONE', ( #802, #4257, #2924, #1079 ) ) ;
#1184 = CARTESIAN_POINT ( 'NONE',  ( -8.211591173546965550, 30.98862324194074702, 167.9578013241323617 ) ) ;
#1185 = ORIENTED_EDGE ( 'NONE', *, *, #4288, .F. ) ;
#1186 = CARTESIAN_POINT ( 'NONE',  ( -19.59020058938581954, 35.97321160017985164, 172.9423896823714415 ) ) ;
#1187 = ADVANCED_FACE ( 'NONE', ( #3532 ), #5507, .T. ) ;
#1188 = ORIENTED_EDGE ( 'NONE', *, *, #2800, .F. ) ;
#1189 = EDGE_LOOP ( 'NONE', ( #3135, #616, #1892, #864 ) ) ;
#1190 = CARTESIAN_POINT ( 'NONE',  ( -35.35947838815312139, 48.78605336650772983, 178.6841636368339152 ) ) ;
#1191 = EDGE_CURVE ( 'NONE', #429, #117, #1102, .T. ) ;
#1192 = CLOSED_SHELL ( 'NONE', ( #3542, #2343, #5794, #2481, #1027, #7946, #3899, #1528, #6166, #1793, #2906, #6006, #6296, #2042, #7749, #3596, #7375, #7388, #5036, #872, #7968, #186, #6930, #7710, #1461, #1334, #4887, #7192, #6981, #5513, #1815, #8069, #7913, #1130, #5526, #7915, #1517, #4064, #160, #2703, #6197, #7482, #671, #4038, #5806, #1578, #4932, #5536, #281, #2855, #2018, #4756, #1398, #6410, #5706, #6180, #6923, #7737, #2447, #8127, #7652, #6633, #5191, #3379, #2496, #5427, #5293, #4555, #4612, #599, #3826, #830, #4967, #3229, #5627, #7661, #2288, #8223, #5440, #4242, #6753, #7808, #942, #3034, #3090, #7787, #1249, #5770, #2141, #5545, #1671, #3331, #8064, #770, #5076, #4233, #1051, #1603, #7191, #5854, #5285, #3887, #4456, #7132, #5733, #4822, #2955, #4711, #461, #4721, #2265, #2698, #3148, #152, #5500, #7292, #8178, #5491, #4854, #2344, #8261, #543, #8237, #3956, #1565, #5720, #358, #80, #7096, #2334, #5319, #618, #7579, #1229, #6208, #1855, #4429, #2440, #2087, #2545, #1923, #4977, #1828, #5341, #5756, #1420, #125, #408, #577, #826, #1187, #2889, #1444, #251, #40, #7283, #3666, #5441, #4303, #4679, #6779, #157, #134, #2414, #7239, #7233, #1934, #5784, #2653, #147, #4281, #4406, #5226, #3800, #2846, #1997, #5843, #5025, #3522, #557, #5480, #4543, #30, #8175, #6764, #4830, #6035, #1673, #5913 ) ) ;
#1193 = PLANE ( 'NONE',  #4652 ) ;
#1194 = CARTESIAN_POINT ( 'NONE',  ( 301.0000000000000568, 25.00822249329111813, -108.0798456182299532 ) ) ;
#1195 = CARTESIAN_POINT ( 'NONE',  ( 26.83745083723729508, 37.72555048448119663, 167.6236607548073039 ) ) ;
#1196 = FACE_OUTER_BOUND ( 'NONE', #1870, .T. ) ;
#1197 = VECTOR ( 'NONE', #4185, 1000.000000000000000 ) ;
#1198 = CARTESIAN_POINT ( 'NONE',  ( -60.55100922373102179, 43.24211875941342242, 180.2112968416049625 ) ) ;
#1199 = ORIENTED_EDGE ( 'NONE', *, *, #3321, .F. ) ;
#1200 = EDGE_CURVE ( 'NONE', #1883, #3145, #4884, .T. ) ;
#1201 = CARTESIAN_POINT ( 'NONE',  ( 306.0000000000001705, 45.82310240177048399, -107.8821034835958272 ) ) ;
#1202 = ORIENTED_EDGE ( 'NONE', *, *, #4440, .F. ) ;
#1203 = CARTESIAN_POINT ( 'NONE',  ( -60.46274684152301404, 52.84236407163619731, 182.7404743419623969 ) ) ;
#1204 = CARTESIAN_POINT ( 'NONE',  ( 301.0000000000000000, 19.79721312022951096, -113.3392996594869970 ) ) ;
#1205 = CARTESIAN_POINT ( 'NONE',  ( -62.26417402843969739, 28.06254114478003814, 165.0317192269715747 ) ) ;
#1206 = CARTESIAN_POINT ( 'NONE',  ( 305.9999999999998863, 24.80299000100406559, -106.2009528035903969 ) ) ;
#1207 = AXIS2_PLACEMENT_3D ( 'NONE', #3287, #1851, #5863 ) ;
#1208 = LINE ( 'NONE', #5687, #5070 ) ;
#1209 = ORIENTED_EDGE ( 'NONE', *, *, #1200, .F. ) ;
#1210 = DIRECTION ( 'NONE',  ( 0.000000000000000000, -0.2569158300644294735, -0.9664337826578214274 ) ) ;
#1211 = CARTESIAN_POINT ( 'NONE',  ( 7.330380335583599916, 36.02763598858494021, 172.9968140707765372 ) ) ;
#1212 = FACE_OUTER_BOUND ( 'NONE', #694, .T. ) ;
#1213 = AXIS2_PLACEMENT_3D ( 'NONE', #4517, #1385, #3157 ) ;
#1214 = DIRECTION ( 'NONE',  ( -0.000000000000000000, -0.7071067811865489050, 0.7071067811865460184 ) ) ;
#1215 = DIRECTION ( 'NONE',  ( 0.000000000000000000, -2.820008162170615690E-07, -0.9999999999999603650 ) ) ;
#1216 = CARTESIAN_POINT ( 'NONE',  ( -30.21781619669667762, 45.34786324561021331, 182.3170413278018316 ) ) ;
#1217 = FACE_OUTER_BOUND ( 'NONE', #3780, .T. ) ;
#1218 = CARTESIAN_POINT ( 'NONE',  ( -53.08628633108306616, 33.61076710757625818, 170.5799451897677841 ) ) ;
#1219 = CARTESIAN_POINT ( 'NONE',  ( 301.0000000000000000, 32.29721312022951452, -84.43304965948698282 ) ) ;
#1220 = CIRCLE ( 'NONE', #7432, 10.00000000000000888 ) ;
#1221 = ORIENTED_EDGE ( 'NONE', *, *, #934, .T. ) ;
#1222 = CARTESIAN_POINT ( 'NONE',  ( 96.49704700225025533, 48.04753055680156137, 177.9456408271277041 ) ) ;
#1223 = CARTESIAN_POINT ( 'NONE',  ( 335.9999999999999432, 48.23670732222217339, 61.96704619280065174 ) ) ;
#1224 = ORIENTED_EDGE ( 'NONE', *, *, #4577, .F. ) ;
#1225 = CARTESIAN_POINT ( 'NONE',  ( 306.0000000000001137, 47.31041633425206072, -114.8749181547729847 ) ) ;
#1226 = CARTESIAN_POINT ( 'NONE',  ( 26.11717006389405071, 31.11009972585162231, 168.0792778080432299 ) ) ;
#1227 = CIRCLE ( 'NONE', #5958, 25.00000000000002132 ) ;
#1228 = CARTESIAN_POINT ( 'NONE',  ( 305.9999999999998863, 45.01729915266824378, -103.4135007699979809 ) ) ;
#1229 = ADVANCED_FACE ( 'NONE', ( #4798 ), #982, .T. ) ;
#1230 = ORIENTED_EDGE ( 'NONE', *, *, #4502, .F. ) ;
#1231 = CARTESIAN_POINT ( 'NONE',  ( -7.111781126596844693, 31.08935132560377212, 168.0585294077953336 ) ) ;
#1232 = VERTEX_POINT ( 'NONE', #1025 ) ;
#1233 = CARTESIAN_POINT ( 'NONE',  ( -19.75295299774973401, 38.50435114664721681, 175.4735292288387711 ) ) ;
#1234 = ORIENTED_EDGE ( 'NONE', *, *, #4178, .T. ) ;
#1235 = DIRECTION ( 'NONE',  ( 0.000000000000000000, 0.000000000000000000, 1.000000000000000000 ) ) ;
#1236 = DIRECTION ( 'NONE',  ( 1.000000000000000000, -0.000000000000000000, -0.000000000000000000 ) ) ;
#1237 = CARTESIAN_POINT ( 'NONE',  ( 301.0000000000000000, 28.32476767201993795, -111.0052857806417563 ) ) ;
#1238 = CARTESIAN_POINT ( 'NONE',  ( 26.87564192438925659, 34.84284501914549992, 171.8120231013369335 ) ) ;
#1239 = FACE_OUTER_BOUND ( 'NONE', #1681, .T. ) ;
#1240 = CARTESIAN_POINT ( 'NONE',  ( -60.03260650397404419, 42.39061053459817430, 179.3597886167897002 ) ) ;
#1241 = ORIENTED_EDGE ( 'NONE', *, *, #4512, .F. ) ;
#1242 = CARTESIAN_POINT ( 'NONE',  ( -7.066848558551443560, 27.47221627741512862, 164.4413943596067611 ) ) ;
#1243 = ORIENTED_EDGE ( 'NONE', *, *, #2521, .F. ) ;
#1244 = B_SPLINE_CURVE_WITH_KNOTS ( 'NONE', 3,
 ( #4222, #2991, #4772, #351, #7469, #6748, #1647, #391, #3504, #1689, #4264, #8021, #4142, #7342, #3595 ),
 .UNSPECIFIED., .F., .F.,
 ( 4, 1, 1, 1, 1, 1, 1, 1, 1, 1, 1, 1, 4 ),
 ( 0.000000000000000000, 0.08165259647068509596, 0.1638244950237422726, 0.2468420957727785192, 0.3350327490688830290, 0.3846220418720830425, 0.4423087160274381535, 0.5102989676562502686, 0.5875501513288813316, 0.6743333485776320524, 0.7725501577283161447, 0.8810307021354729651, 1.000000000000000000 ),
 .UNSPECIFIED. ) ;
#1245 = CARTESIAN_POINT ( 'NONE',  ( -64.29924963004191341, 51.31047828515104214, 181.2085885554772346 ) ) ;
#1246 = CARTESIAN_POINT ( 'NONE',  ( -23.88124820660270942, 45.89990290258931083, 182.8690809847808794 ) ) ;
#1247 = CARTESIAN_POINT ( 'NONE',  ( -306.0000000000000000, 48.13302794031941545, 61.32442331500944732 ) ) ;
#1248 = CARTESIAN_POINT ( 'NONE',  ( 305.9999999999999432, 28.97831516770252591, -101.6487133518651547 ) ) ;
#1249 = ADVANCED_FACE ( 'NONE', ( #373 ), #3617, .T. ) ;
#1250 = CARTESIAN_POINT ( 'NONE',  ( -8.450869664416403637, 30.98213447699344769, 160.8802447473195230 ) ) ;
#1251 = VERTEX_POINT ( 'NONE', #5587 ) ;
#1252 = CARTESIAN_POINT ( 'NONE',  ( -22.71503005145105547, 33.14891248030345139, 170.1180905624949844 ) ) ;
#1253 = CARTESIAN_POINT ( 'NONE',  ( 306.0000000000000000, 25.21387978689617526, -139.2182059094869828 ) ) ;
#1254 = CARTESIAN_POINT ( 'NONE',  ( -13.50295299774973579, 38.49514402710048699, 175.4643221092920840 ) ) ;
#1255 = CARTESIAN_POINT ( 'NONE',  ( -56.35643145289587608, 34.53773294969111163, 164.4358432200172331 ) ) ;
#1256 = DIRECTION ( 'NONE',  ( 0.000000000000000000, 0.9780213944520079750, 0.2085045610871614219 ) ) ;
#1257 = CARTESIAN_POINT ( 'NONE',  ( 306.0000000000000000, 24.79721312022951096, -106.4252371594869828 ) ) ;
#1258 = CARTESIAN_POINT ( 'NONE',  ( 7.944992309994751700, 34.96961594427916253, 164.8677262146052840 ) ) ;
#1259 = CARTESIAN_POINT ( 'NONE',  ( -54.07697172580115108, 35.31352756651823910, 172.2827056487097650 ) ) ;
#1260 = EDGE_CURVE ( 'NONE', #5466, #2603, #2382, .T. ) ;
#1261 = CARTESIAN_POINT ( 'NONE',  ( 9.836706228968507659, 29.08681822924774707, 166.0559963114393440 ) ) ;
#1262 = EDGE_LOOP ( 'NONE', ( #4799, #1199, #5841, #203 ) ) ;
#1263 = VECTOR ( 'NONE', #463, 1000.000000000000000 ) ;
#1264 = LINE ( 'NONE', #3857, #3773 ) ;
#1265 = CARTESIAN_POINT ( 'NONE',  ( 26.29708592164008252, 35.07106469613612632, 164.9691749664623046 ) ) ;
#1266 = EDGE_LOOP ( 'NONE', ( #1044, #6990, #1288, #813 ) ) ;
#1267 = CARTESIAN_POINT ( 'NONE',  ( 301.0000000000000568, 49.23182325825202099, -112.9710839730524015 ) ) ;
#1268 = PLANE ( 'NONE',  #7614 ) ;
#1269 = LINE ( 'NONE', #7651, #7899 ) ;
#1270 = AXIS2_PLACEMENT_3D ( 'NONE', #2987, #4939, #7506 ) ;
#1271 = ORIENTED_EDGE ( 'NONE', *, *, #7917, .T. ) ;
#1272 = DIRECTION ( 'NONE',  ( -0.000000000000000000, -0.7071067811865489050, 0.7071067811865460184 ) ) ;
#1273 = ORIENTED_EDGE ( 'NONE', *, *, #3008, .T. ) ;
#1274 = CARTESIAN_POINT ( 'NONE',  ( -14.31894870119693586, 32.06253448147023022, 161.9606447517963943 ) ) ;
#1275 = VERTEX_POINT ( 'NONE', #7528 ) ;
#1276 = AXIS2_PLACEMENT_3D ( 'NONE', #8210, #6818, #3621 ) ;
#1277 = EDGE_CURVE ( 'NONE', #904, #67, #7408, .T. ) ;
#1278 = ORIENTED_EDGE ( 'NONE', *, *, #379, .F. ) ;
#1279 = CARTESIAN_POINT ( 'NONE',  ( 306.0000000000000568, 19.80752441322442081, -106.2348908531762817 ) ) ;
#1280 = CARTESIAN_POINT ( 'NONE',  ( -37.66961966441640186, 41.75446434663224693, 171.6525746169583613 ) ) ;
#1281 = CARTESIAN_POINT ( 'NONE',  ( 301.0000000000000568, 27.75958707614083565, -110.8379870230677255 ) ) ;
#1282 = CARTESIAN_POINT ( 'NONE',  ( -19.72974583932348835, 43.32146399188166441, 173.2195742622077717 ) ) ;
#1283 = AXIS2_PLACEMENT_3D ( 'NONE', #6918, #3164, #7726 ) ;
#1284 = CARTESIAN_POINT ( 'NONE',  ( 7.474384418725601442, 33.41263694117813543, 170.3818150233697963 ) ) ;
#1285 = CARTESIAN_POINT ( 'NONE',  ( -60.36098182091014053, 42.78496349545957145, 179.7541415776512395 ) ) ;
#1286 = ORIENTED_EDGE ( 'NONE', *, *, #1314, .T. ) ;
#1287 = CARTESIAN_POINT ( 'NONE',  ( 3.155442567865962999, 38.07143540277468219, 175.0406134849663147 ) ) ;
#1288 = ORIENTED_EDGE ( 'NONE', *, *, #8307, .T. ) ;
#1289 = EDGE_CURVE ( 'NONE', #4112, #6225, #2849, .T. ) ;
#1290 = VECTOR ( 'NONE', #3551, 1000.000000000000000 ) ;
#1291 = CARTESIAN_POINT ( 'NONE',  ( -66.69620020792919490, 44.64228502095419771, 181.6114631031457520 ) ) ;
#1292 = CARTESIAN_POINT ( 'NONE',  ( -67.82242731949710901, 33.08133438273049620, 170.0505124649221216 ) ) ;
#1293 = CARTESIAN_POINT ( 'NONE',  ( 301.0000000000000000, 24.95278762390408644, -105.1311945503581455 ) ) ;
#1294 = B_SPLINE_CURVE_WITH_KNOTS ( 'NONE', 3,
 ( #6855, #2306, #2976, #376, #4249, #6896, #1066, #6940, #3060, #3744, #6775, #7532, #985, #6145, #4888, #8172, #4842, #1029, #2891 ),
 .UNSPECIFIED., .F., .F.,
 ( 4, 1, 1, 1, 1, 1, 1, 1, 1, 1, 1, 1, 1, 1, 1, 1, 4 ),
 ( 0.000000000000000000, 0.07808658483457553423, 0.1517643730838153515, 0.2214932333121788222, 0.2878919840266424002, 0.3509793485620716358, 0.4114164532045888056, 0.4696476264603757222, 0.5263872862704576105, 0.5823090466579332602, 0.6374791568448715529, 0.6932295303169700995, 0.7504392124078099746, 0.8088437423414361893, 0.8698692018342296661, 0.9331702796346688089, 1.000000000000000000 ),
 .UNSPECIFIED. ) ;
#1295 = CARTESIAN_POINT ( 'NONE',  ( -54.23321855192055807, 48.37411237208697656, 178.2722226424131122 ) ) ;
#1296 = VERTEX_POINT ( 'NONE', #1629 ) ;
#1297 = CARTESIAN_POINT ( 'NONE',  ( -29.66562321728425999, 27.69600958703294324, 164.6651876692244798 ) ) ;
#1298 = DIRECTION ( 'NONE',  ( 0.000000000000000000, 0.000000000000000000, -1.000000000000000000 ) ) ;
#1299 = CARTESIAN_POINT ( 'NONE',  ( -28.03420299774973046, 44.82964227522997191, 174.7277525455561431 ) ) ;
#1300 = EDGE_CURVE ( 'NONE', #7786, #5078, #8046, .T. ) ;
#1301 = CARTESIAN_POINT ( 'NONE',  ( -57.31154674774973046, 34.51766838292617479, 164.4157786532522607 ) ) ;
#1302 = CARTESIAN_POINT ( 'NONE',  ( 111.4970470022502411, 31.27676230248784606, 161.1748725728139391 ) ) ;
#1303 = DIRECTION ( 'NONE',  ( -1.000000000000000000, 0.000000000000000000, -0.000000000000000000 ) ) ;
#1304 = EDGE_CURVE ( 'NONE', #5283, #7167, #7090, .T. ) ;
#1305 = CARTESIAN_POINT ( 'NONE',  ( -8.470400914416400084, 49.54368748314026050, 186.5128655653319072 ) ) ;
#1306 = CARTESIAN_POINT ( 'NONE',  ( -53.08628633108306616, 37.14630101350897462, 167.0444112838351032 ) ) ;
#1307 = CARTESIAN_POINT ( 'NONE',  ( 8.169226870494105341, 30.92043842107350926, 167.8896165032650742 ) ) ;
#1308 = ORIENTED_EDGE ( 'NONE', *, *, #2055, .F. ) ;
#1309 = CARTESIAN_POINT ( 'NONE',  ( -306.0000000000000000, 0.000000000000000000, -274.4730072434720682 ) ) ;
#1310 = CARTESIAN_POINT ( 'NONE',  ( 3.163713668916934285, 42.03988505257993324, 171.9379953229060618 ) ) ;
#1311 = CARTESIAN_POINT ( 'NONE',  ( -55.71161043033867344, 49.46536458618882648, 186.4345426683804590 ) ) ;
#1312 = EDGE_CURVE ( 'NONE', #4872, #7784, #70, .T. ) ;
#1313 = ORIENTED_EDGE ( 'NONE', *, *, #5808, .F. ) ;
#1314 = EDGE_CURVE ( 'NONE', #3145, #2003, #3056, .T. ) ;
#1315 = DIRECTION ( 'NONE',  ( 0.000000000000000000, 0.7071067811865459074, 0.7071067811865491270 ) ) ;
#1316 = LINE ( 'NONE', #5289, #6400 ) ;
#1317 = CARTESIAN_POINT ( 'NONE',  ( 305.9999999999998863, 43.38682755599706553, -102.2151632352833133 ) ) ;
#1318 = ORIENTED_EDGE ( 'NONE', *, *, #4491, .T. ) ;
#1319 = FACE_OUTER_BOUND ( 'NONE', #1861, .T. ) ;
#1320 = ORIENTED_EDGE ( 'NONE', *, *, #3949, .F. ) ;
#1321 = DIRECTION ( 'NONE',  ( 0.000000000000000000, -0.9999998751799666907, 0.0004996399214373361186 ) ) ;
#1322 = ORIENTED_EDGE ( 'NONE', *, *, #1351, .T. ) ;
#1323 = EDGE_CURVE ( 'NONE', #2961, #4514, #3740, .T. ) ;
#1324 = ORIENTED_EDGE ( 'NONE', *, *, #2243, .F. ) ;
#1325 = CARTESIAN_POINT ( 'NONE',  ( 301.0000000000000000, 23.54721312022951096, -112.8965913261536542 ) ) ;
#1326 = CARTESIAN_POINT ( 'NONE',  ( 306.0000000000000000, 36.67872353689617881, -192.5059663261536400 ) ) ;
#1327 = CARTESIAN_POINT ( 'NONE',  ( 306.0000000000000000, 80.00000000000000000, -348.0308219178082254 ) ) ;
#1328 = CARTESIAN_POINT ( 'NONE',  ( -54.73516011748881027, 31.37885416477496747, 168.3480322469665396 ) ) ;
#1329 = CARTESIAN_POINT ( 'NONE',  ( -66.79760243851734458, 46.10901790846582315, 176.0071281787918736 ) ) ;
#1330 = CARTESIAN_POINT ( 'NONE',  ( -56.82318998386350017, 41.04097544381677665, 178.0101535260083097 ) ) ;
#1331 = ORIENTED_EDGE ( 'NONE', *, *, #7530, .T. ) ;
#1332 = PLANE ( 'NONE',  #7285 ) ;
#1333 = VERTEX_POINT ( 'NONE', #5163 ) ;
#1334 = ADVANCED_FACE ( 'NONE', ( #6297 ), #2669, .T. ) ;
#1335 = CARTESIAN_POINT ( 'NONE',  ( -57.56545299774973046, 53.07922138907299825, 182.9773316593991979 ) ) ;
#1336 = CARTESIAN_POINT ( 'NONE',  ( -335.9999999999999432, -74.71787448395015474, -274.4730072434720682 ) ) ;
#1337 = CARTESIAN_POINT ( 'NONE',  ( -57.31154674774973756, 34.51766838292617479, 164.4157786532522891 ) ) ;
#1338 = CARTESIAN_POINT ( 'NONE',  ( -57.32555046654673703, 49.53545757249278125, 179.4335678428189738 ) ) ;
#1339 = AXIS2_PLACEMENT_3D ( 'NONE', #148, #8025, #5998 ) ;
#1340 = EDGE_LOOP ( 'NONE', ( #2901, #8074 ) ) ;
#1341 = CARTESIAN_POINT ( 'NONE',  ( -23.88402536803964438, 30.96226783505423796, 167.9314459172458669 ) ) ;
#1342 = CARTESIAN_POINT ( 'NONE',  ( -9.726469301156956959, 49.43693134983224269, 179.3350416201583357 ) ) ;
#1343 = DIRECTION ( 'NONE',  ( 0.000000000000000000, -0.7071067811865489050, 0.7071067811865460184 ) ) ;
#1344 = DIRECTION ( 'NONE',  ( 0.000000000000000000, -0.9722876189177761530, 0.2337879083682496695 ) ) ;
#1345 = AXIS2_PLACEMENT_3D ( 'NONE', #6911, #4347, #7592 ) ;
#1346 = CARTESIAN_POINT ( 'NONE',  ( -53.96972047528845451, 43.75649551971515905, 173.6546057900412734 ) ) ;
#1347 = CARTESIAN_POINT ( 'NONE',  ( 20.88959930817088662, 36.77307266833481947, 166.6711829386609338 ) ) ;
#1348 = CARTESIAN_POINT ( 'NONE',  ( 9.074407314764124877, 33.25940163054794851, 163.1575119008740558 ) ) ;
#1349 = CARTESIAN_POINT ( 'NONE',  ( -57.79331758108306616, 40.22608250188007162, 170.1241927722061860 ) ) ;
#1350 = CARTESIAN_POINT ( 'NONE',  ( 301.0000000000000000, 45.03158812022950741, -81.71820590948698282 ) ) ;
#1351 = EDGE_CURVE ( 'NONE', #2780, #8258, #6786, .T. ) ;
#1352 = ORIENTED_EDGE ( 'NONE', *, *, #5797, .F. ) ;
#1353 = VECTOR ( 'NONE', #6310, 1000.000000000000000 ) ;
#1354 = FACE_BOUND ( 'NONE', #7609, .T. ) ;
#1355 = LINE ( 'NONE', #756, #1642 ) ;
#1356 = CARTESIAN_POINT ( 'NONE',  ( -42.87766313511522043, 32.98402343415123994, 169.9532015163428298 ) ) ;
#1357 = DIRECTION ( 'NONE',  ( 0.000000000000000000, 0.9999999999999603650, -2.820008162170615690E-07 ) ) ;
#1358 = CARTESIAN_POINT ( 'NONE',  ( 23.28805088758841180, 28.62521354203840218, 165.5943916242299565 ) ) ;
#1359 = CARTESIAN_POINT ( 'NONE',  ( -7.811588334139966783, 45.99007731419789735, 182.9592553963896080 ) ) ;
#1360 = VECTOR ( 'NONE', #2040, 1000.000000000000000 ) ;
#1361 = B_SPLINE_CURVE_WITH_KNOTS ( 'NONE', 3,
 ( #4615, #3168, #5916, #2031, #2582, #1949, #3982, #105, #5075, #7646, #1862, #572, #3256, #2537, #617, #5117, #1904, #4485, #5161 ),
 .UNSPECIFIED., .F., .F.,
 ( 4, 1, 1, 1, 1, 1, 1, 1, 1, 1, 1, 1, 1, 1, 1, 1, 4 ),
 ( 0.000000000000000000, 0.06106928187956478515, 0.1188022400854139293, 0.1742319522641090634, 0.2277718904615758100, 0.2803709364222077838, 0.3331581607500624376, 0.3866136993324840732, 0.4417784392788373649, 0.4992200654321184983, 0.5588338851580624267, 0.6217687260763248291, 0.6886336793158603919, 0.7591870209591506935, 0.8345934359180328110, 0.9148766057244703820, 1.000000000000000000 ),
 .UNSPECIFIED. ) ;
#1362 = EDGE_CURVE ( 'NONE', #1618, #5402, #8302, .T. ) ;
#1363 = ORIENTED_EDGE ( 'NONE', *, *, #3835, .F. ) ;
#1364 = CARTESIAN_POINT ( 'NONE',  ( 106.0803803355835839, 52.78459356357862475, 182.6827038339048102 ) ) ;
#1365 = EDGE_LOOP ( 'NONE', ( #1782, #995, #6901, #4339 ) ) ;
#1366 = DIRECTION ( 'NONE',  ( 0.000000000000000000, 0.7071067811865491270, -0.7071067811865459074 ) ) ;
#1367 = EDGE_LOOP ( 'NONE', ( #3886, #3005, #7525, #487 ) ) ;
#1368 = VECTOR ( 'NONE', #1169, 1000.000000000000000 ) ;
#1369 = CARTESIAN_POINT ( 'NONE',  ( 2.047898403645175947, 44.18339215591280578, 181.1525702381043175 ) ) ;
#1370 = CARTESIAN_POINT ( 'NONE',  ( -41.20415361528951337, 33.98524749699043923, 163.8833577673165394 ) ) ;
#1371 = CARTESIAN_POINT ( 'NONE',  ( 301.0000000000000000, 24.88310201603878014, -107.5634628289436421 ) ) ;
#1372 = CARTESIAN_POINT ( 'NONE',  ( -12.23118588408649110, 52.70303176092173203, 182.6011420312478606 ) ) ;
#1373 = EDGE_CURVE ( 'NONE', #4505, #1737, #4821, .T. ) ;
#1374 = CARTESIAN_POINT ( 'NONE',  ( 301.0000000000000000, 19.79721312022951096, -105.7937267428203256 ) ) ;
#1375 = DIRECTION ( 'NONE',  ( 0.000000000000000000, -0.3656924224940177326, 0.9307357584891948754 ) ) ;
#1376 = ORIENTED_EDGE ( 'NONE', *, *, #934, .F. ) ;
#1377 = EDGE_LOOP ( 'NONE', ( #586, #3520, #3954, #7840 ) ) ;
#1378 = CARTESIAN_POINT ( 'NONE',  ( -23.42806237961969984, 45.20925510128979852, 182.1784331834814452 ) ) ;
#1379 = CARTESIAN_POINT ( 'NONE',  ( -8.470400914416400084, 53.07922138907299825, 182.9773316593991979 ) ) ;
#1380 = CARTESIAN_POINT ( 'NONE',  ( -60.23086136622386277, 35.24592620180064273, 165.1440364721267429 ) ) ;
#1381 = DIRECTION ( 'NONE',  ( 0.000000000000000000, 0.000000000000000000, -1.000000000000000000 ) ) ;
#1382 = EDGE_LOOP ( 'NONE', ( #4487, #7826, #4023, #2885 ) ) ;
#1383 = CARTESIAN_POINT ( 'NONE',  ( -23.43726198539398808, 31.63478701992454489, 168.6039651021161490 ) ) ;
#1384 = CARTESIAN_POINT ( 'NONE',  ( 306.0000000000000000, 20.21387978689617881, -121.3015392428203256 ) ) ;
#1385 = DIRECTION ( 'NONE',  ( 0.000000000000000000, 0.7071067811865461294, 0.7071067811865490160 ) ) ;
#1386 = CARTESIAN_POINT ( 'NONE',  ( -37.60097398455083351, 36.54208443959998931, 173.5112625217914513 ) ) ;
#1387 = EDGE_CURVE ( 'NONE', #181, #6826, #319, .T. ) ;
#1388 = CARTESIAN_POINT ( 'NONE',  ( 66.96579700225025533, 52.78459356357862475, 182.6827038339048102 ) ) ;
#1389 = CARTESIAN_POINT ( 'NONE',  ( 21.08038033558359814, 39.68746600839812544, 169.5855762787242611 ) ) ;
#1390 = CARTESIAN_POINT ( 'NONE',  ( -19.37607211961694631, 42.16217683751894185, 179.1313549197105601 ) ) ;
#1391 = CARTESIAN_POINT ( 'NONE',  ( 58.58038033558360524, 52.78459356357862475, 182.6827038339048102 ) ) ;
#1392 = LINE ( 'NONE', #3979, #1290 ) ;
#1393 = ORIENTED_EDGE ( 'NONE', *, *, #6339, .F. ) ;
#1394 = PLANE ( 'NONE',  #7675 ) ;
#1395 = FACE_BOUND ( 'NONE', #1709, .T. ) ;
#1396 = DIRECTION ( 'NONE',  ( 0.000000000000000000, 0.7071067811865489050, -0.7071067811865460184 ) ) ;
#1397 = CARTESIAN_POINT ( 'NONE',  ( 300.9999999999999432, 50.46700362515924354, -110.5483221688899960 ) ) ;
#1398 = ADVANCED_FACE ( 'NONE', ( #7392 ), #3429, .T. ) ;
#1399 = B_SPLINE_SURFACE_WITH_KNOTS ( 'NONE', 3, 1, ( 
 ( #3568, #2968 ),
 ( #6136, #6248 ),
 ( #4995, #1781 ),
 ( #6808, #4958 ),
 ( #332, #2926 ),
 ( #8081, #4877 ),
 ( #5624, #2295 ),
 ( #368, #7447 ),
 ( #1665, #4282 ),
 ( #8119, #1742 ),
 ( #2337, #6847 ),
 ( #4322, #1097 ),
 ( #3693, #3051 ),
 ( #7017, #2459 ),
 ( #6467, #1910 ),
 ( #4490, #626 ),
 ( #6427, #1359 ),
 ( #1826, #7736 ),
 ( #6378, #5793 ) ),
 .UNSPECIFIED., .F., .F., .F.,
 ( 4, 1, 1, 1, 1, 1, 1, 1, 1, 1, 1, 1, 1, 1, 1, 1, 4 ),
 ( 2, 2 ),
 ( 0.000000000000000000, 0.09163818679146101820, 0.1785017780267149634, 0.2597356750342094678, 0.3363884862149950083, 0.4082725983294855920, 0.4754172545848265319, 0.5387703957402584232, 0.5974176429128954524, 0.6525621503926547495, 0.7040696533613467478, 0.7526924968264565585, 0.8001884458468058181, 0.8475265964197384871, 0.8956214089105348775, 0.9462802952833909709, 1.000000000000000000 ),
 ( 0.000000000000000000, 1.000000000000000000 ),
 .UNSPECIFIED. ) ;
#1400 = CARTESIAN_POINT ( 'NONE',  ( 24.36990850285939558, 29.25092974296520865, 166.2201078251567878 ) ) ;
#1401 = CARTESIAN_POINT ( 'NONE',  ( 305.9999999999998863, 43.32478102449042012, -110.4473637801770138 ) ) ;
#1402 = VECTOR ( 'NONE', #6074, 1000.000000000000000 ) ;
#1403 = ORIENTED_EDGE ( 'NONE', *, *, #4576, .F. ) ;
#1404 = CARTESIAN_POINT ( 'NONE',  ( 335.9999999999999432, -53.52771198192617419, -301.2480616263205206 ) ) ;
#1405 = VERTEX_POINT ( 'NONE', #5446 ) ;
#1406 = CARTESIAN_POINT ( 'NONE',  ( 13.88686084367613027, 36.37374331698680407, 166.2718535873129042 ) ) ;
#1407 = ORIENTED_EDGE ( 'NONE', *, *, #921, .T. ) ;
#1408 = AXIS2_PLACEMENT_3D ( 'NONE', #1613, #3474, #1529 ) ;
#1410 = EDGE_CURVE ( 'NONE', #6179, #2837, #4777, .T. ) ;
#1409 = CARTESIAN_POINT ( 'NONE',  ( 306.0000000000001137, 19.82732292961429366, -107.0819616205202749 ) ) ;
#1411 = DIRECTION ( 'NONE',  ( -1.000000000000000000, 0.000000000000000000, -0.000000000000000000 ) ) ;
#1412 = DIRECTION ( 'NONE',  ( 0.000000000000000000, 0.2085045610871614219, -0.9780213944520080860 ) ) ;
#1413 = CARTESIAN_POINT ( 'NONE',  ( -56.35643145289587608, 31.00219904375836677, 167.9713771259499424 ) ) ;
#1414 = CARTESIAN_POINT ( 'NONE',  ( 300.9999999999998863, 22.65833323354138074, -112.4844062214557709 ) ) ;
#1415 = VECTOR ( 'NONE', #6789, 1000.000000000000000 ) ;
#1416 = VECTOR ( 'NONE', #278, 1000.000000000000000 ) ;
#1417 = PLANE ( 'NONE',  #3512 ) ;
#1418 = ORIENTED_EDGE ( 'NONE', *, *, #3717, .F. ) ;
#1419 = VERTEX_POINT ( 'NONE', #4862 ) ;
#1420 = ADVANCED_FACE ( 'NONE', ( #4147 ), #7929, .T. ) ;
#1421 = EDGE_CURVE ( 'NONE', #2635, #6680, #5469, .T. ) ;
#1422 = AXIS2_PLACEMENT_3D ( 'NONE', #7279, #1494, #4628 ) ;
#1423 = CARTESIAN_POINT ( 'NONE',  ( -3.096718292046313881, 41.16781942742938583, 171.0659296977555641 ) ) ;
#1424 = CARTESIAN_POINT ( 'NONE',  ( -65.41171415986100612, 46.83612463324578101, 183.8053027154374490 ) ) ;
#1425 = CARTESIAN_POINT ( 'NONE',  ( -57.31154674774973756, 30.98213447699343703, 167.9513125591850269 ) ) ;
#1426 = LINE ( 'NONE', #7930, #3049 ) ;
#1427 = ORIENTED_EDGE ( 'NONE', *, *, #4208, .T. ) ;
#1428 = CARTESIAN_POINT ( 'NONE',  ( -35.41718054696253404, 31.15252434507781132, 161.0506346154038511 ) ) ;
#1429 = VECTOR ( 'NONE', #6447, 1000.000000000000000 ) ;
#1430 = CARTESIAN_POINT ( 'NONE',  ( 14.96162213912369410, 31.45632070790816570, 168.4254987900997946 ) ) ;
#1431 = CARTESIAN_POINT ( 'NONE',  ( 21.08038033558359814, 39.68746600839812544, 169.5855762787242611 ) ) ;
#1432 = CARTESIAN_POINT ( 'NONE',  ( -65.12127378201834915, 39.71186700234082423, 176.6810450845324567 ) ) ;
#1433 = CARTESIAN_POINT ( 'NONE',  ( -34.90998103102493388, 34.96195074045094486, 164.8600610107770308 ) ) ;
#1434 = CARTESIAN_POINT ( 'NONE',  ( -53.02970376264959640, 31.45937979258984285, 161.3574900629158719 ) ) ;
#1435 = CARTESIAN_POINT ( 'NONE',  ( 301.0000000000000000, 50.63054645356283601, -185.7481538261536400 ) ) ;
#1436 = CARTESIAN_POINT ( 'NONE',  ( -16.89578285272866154, 46.71295508020741494, 183.6821331623989977 ) ) ;
#1437 = CARTESIAN_POINT ( 'NONE',  ( -31.36607682877747649, 45.84944639688882972, 182.8186244790804267 ) ) ;
#1438 = LINE ( 'NONE', #4022, #4397 ) ;
#1439 = ORIENTED_EDGE ( 'NONE', *, *, #3412, .F. ) ;
#1440 = CARTESIAN_POINT ( 'NONE',  ( 13.59899038463071896, 38.62092978994490267, 168.5190400602710099 ) ) ;
#1441 = LINE ( 'NONE', #4697, #3263 ) ;
#1442 = CARTESIAN_POINT ( 'NONE',  ( -32.79331758108306616, 27.44660057106069928, 164.4157786532522323 ) ) ;
#1443 = CARTESIAN_POINT ( 'NONE',  ( -4.300222968073665442, 44.02613193557385074, 180.9953100177654903 ) ) ;
#1444 = ADVANCED_FACE ( 'NONE', ( #7552 ), #3119, .T. ) ;
#1445 = DIRECTION ( 'NONE',  ( 0.000000000000000000, -0.9090818411859541426, -0.4166175776728049951 ) ) ;
#1446 = CARTESIAN_POINT ( 'NONE',  ( -12.01283402179470983, 44.51528290817758204, 181.4844609903693140 ) ) ;
#1447 = VERTEX_POINT ( 'NONE', #8230 ) ;
#1448 = CARTESIAN_POINT ( 'NONE',  ( -47.92100274704586838, 30.97813886855657373, 167.9473169507481316 ) ) ;
#1449 = EDGE_CURVE ( 'NONE', #3821, #2391, #1732, .T. ) ;
#1450 = ORIENTED_EDGE ( 'NONE', *, *, #1304, .T. ) ;
#1451 = CARTESIAN_POINT ( 'NONE',  ( -63.05340428298052302, 28.33294227285207612, 165.3021203550436269 ) ) ;
#1452 = ORIENTED_EDGE ( 'NONE', *, *, #7273, .T. ) ;
#1453 = CARTESIAN_POINT ( 'NONE',  ( -8.470400914416400084, 53.07922138907299825, 182.9773316593991979 ) ) ;
#1454 = CARTESIAN_POINT ( 'NONE',  ( 28.58038033558359103, 49.24905965764588700, 179.1471699279720440 ) ) ;
#1455 = DIRECTION ( 'NONE',  ( 0.000000000000000000, 0.000000000000000000, 1.000000000000000000 ) ) ;
#1456 = CARTESIAN_POINT ( 'NONE',  ( 18.78542185272588583, 27.51269507635472777, 164.4818731585461080 ) ) ;
#1457 = CARTESIAN_POINT ( 'NONE',  ( -66.82321926251826483, 46.65497694868146539, 176.5530872190076082 ) ) ;
#1458 = EDGE_CURVE ( 'NONE', #494, #6491, #5691, .T. ) ;
#1459 = LINE ( 'NONE', #850, #7280 ) ;
#1460 = ORIENTED_EDGE ( 'NONE', *, *, #53, .F. ) ;
#1461 = ADVANCED_FACE ( 'NONE', ( #5024 ), #6200, .T. ) ;
#1462 = ORIENTED_EDGE ( 'NONE', *, *, #241, .F. ) ;
#1463 = CARTESIAN_POINT ( 'NONE',  ( 301.0000000000000000, 20.21387978689617881, -184.1075288261536684 ) ) ;
#1464 = CARTESIAN_POINT ( 'NONE',  ( -59.50373816972083318, 34.88414866587699947, 164.7822589362030783 ) ) ;
#1465 = CARTESIAN_POINT ( 'NONE',  ( 96.49704700225025533, 44.51199665086881652, 181.4811747330604419 ) ) ;
#1466 = CARTESIAN_POINT ( 'NONE',  ( -335.9999999999999432, 47.28212551604982394, -328.4730072434720682 ) ) ;
#1467 = EDGE_CURVE ( 'NONE', #46, #2666, #6959, .T. ) ;
#1468 = CARTESIAN_POINT ( 'NONE',  ( -39.64542675702590913, 32.66278714639346958, 162.5608974167196266 ) ) ;
#1469 = DIRECTION ( 'NONE',  ( -1.000000000000000000, 0.000000000000000000, -0.000000000000000000 ) ) ;
#1470 = DATE_AND_TIME ( #952, #5150 ) ;
#1471 = CARTESIAN_POINT ( 'NONE',  ( -335.9999999999999432, 47.28212551604982394, -274.4730072434720682 ) ) ;
#1472 = ORIENTED_EDGE ( 'NONE', *, *, #4106, .F. ) ;
#1473 = CARTESIAN_POINT ( 'NONE',  ( -37.37824266245299754, 38.60386972984374410, 168.5019800001698798 ) ) ;
#1474 = CARTESIAN_POINT ( 'NONE',  ( -52.06562791770198118, 28.20141493552307210, 165.1705930177145945 ) ) ;
#1475 = CARTESIAN_POINT ( 'NONE',  ( -8.470400914416400084, 49.54368748314026050, 186.5128655653319072 ) ) ;
#1476 = CARTESIAN_POINT ( 'NONE',  ( -54.02257558503060153, 52.73867274816111461, 182.6367830184873355 ) ) ;
#1477 = CARTESIAN_POINT ( 'NONE',  ( -57.79331758108306616, 36.69054859594735518, 173.6597266781388953 ) ) ;
#1478 = CARTESIAN_POINT ( 'NONE',  ( 306.0000000000000000, 43.38682755599706553, -102.2151632352833133 ) ) ;
#1479 = ORIENTED_EDGE ( 'NONE', *, *, #20, .T. ) ;
#1480 = CARTESIAN_POINT ( 'NONE',  ( 13.58194808591950853, 39.45114368177453201, 169.3492539521006393 ) ) ;
#1481 = CARTESIAN_POINT ( 'NONE',  ( -8.450869664416403637, 30.98213447699344769, 160.8802447473195230 ) ) ;
#1482 = CARTESIAN_POINT ( 'NONE',  ( -47.93126941668155183, 44.64457237943409496, 181.6137504616256990 ) ) ;
#1483 = VECTOR ( 'NONE', #4633, 1000.000000000000000 ) ;
#1484 = CARTESIAN_POINT ( 'NONE',  ( 13.73133087802038155, 33.50102932215320095, 170.4702074043448761 ) ) ;
#1485 = FACE_OUTER_BOUND ( 'NONE', #8283, .T. ) ;
#1486 = CARTESIAN_POINT ( 'NONE',  ( 306.0000000000001137, 43.88826812472368033, -110.1757644505280638 ) ) ;
#1487 = AXIS2_PLACEMENT_3D ( 'NONE', #6825, #6188, #8217 ) ;
#1488 = ORIENTED_EDGE ( 'NONE', *, *, #3297, .F. ) ;
#1489 = VERTEX_POINT ( 'NONE', #357 ) ;
#1490 = LINE ( 'NONE', #3994, #4073 ) ;
#1491 = EDGE_LOOP ( 'NONE', ( #7962, #2250, #4492, #162 ) ) ;
#1492 = CARTESIAN_POINT ( 'NONE',  ( -8.444359247749735786, 30.98213447699343348, 167.9513125591849985 ) ) ;
#1493 = EDGE_CURVE ( 'NONE', #5798, #4473, #5530, .T. ) ;
#1494 = DIRECTION ( 'NONE',  ( 0.000000000000000000, 0.000000000000000000, 1.000000000000000000 ) ) ;
#1495 = CARTESIAN_POINT ( 'NONE',  ( 306.0000000000000000, 20.21387978689617881, -184.1075288261536684 ) ) ;
#1496 = CARTESIAN_POINT ( 'NONE',  ( -61.87367190705582232, 33.51487874170248915, 170.4840568238940364 ) ) ;
#1497 = EDGE_CURVE ( 'NONE', #3767, #3233, #5064, .T. ) ;
#1498 = FACE_OUTER_BOUND ( 'NONE', #1183, .T. ) ;
#1499 = VECTOR ( 'NONE', #409, 1000.000000000000227 ) ;
#1500 = CARTESIAN_POINT ( 'NONE',  ( 301.0000000000000000, 50.63054645356283601, -185.7481538261536400 ) ) ;
#1501 = ORIENTED_EDGE ( 'NONE', *, *, #3137, .T. ) ;
#1502 = ORIENTED_EDGE ( 'NONE', *, *, #7131, .T. ) ;
#1503 = EDGE_CURVE ( 'NONE', #4367, #537, #4866, .T. ) ;
#1504 = CARTESIAN_POINT ( 'NONE',  ( -5.968531933126436151, 31.46147477062018183, 168.4306528528116758 ) ) ;
#1505 = AXIS2_PLACEMENT_3D ( 'NONE', #6504, #665, #2749 ) ;
#1506 = PLANE ( 'NONE',  #6666 ) ;
#1507 = CARTESIAN_POINT ( 'NONE',  ( 301.0000000000000000, 50.63054645356283601, -199.2182059094869828 ) ) ;
#1508 = PLANE ( 'NONE',  #1974 ) ;
#1509 = CARTESIAN_POINT ( 'NONE',  ( 301.0000000000000000, 31.27507770356284666, -189.0489350761536684 ) ) ;
#1510 = CARTESIAN_POINT ( 'NONE',  ( 301.0000000000000000, 50.63054645356283601, -179.2182059094870112 ) ) ;
#1511 = APPROVAL_STATUS ( 'not_yet_approved' ) ;
#1512 = CARTESIAN_POINT ( 'NONE',  ( 106.0803803355835839, 52.78459356357862475, 182.6827038339048102 ) ) ;
#1513 = VERTEX_POINT ( 'NONE', #7177 ) ;
#1514 = CARTESIAN_POINT ( 'NONE',  ( -35.35236046893152206, 35.22374152528886526, 165.1218517956150151 ) ) ;
#1515 = CARTESIAN_POINT ( 'NONE',  ( -53.02970376264959640, 27.92384588665713707, 164.8930239688485528 ) ) ;
#1516 = FACE_OUTER_BOUND ( 'NONE', #5182, .T. ) ;
#1517 = ADVANCED_FACE ( 'NONE', ( #3973 ), #3289, .T. ) ;
#1518 = CARTESIAN_POINT ( 'NONE',  ( 300.9999999999999432, 46.51907096746055004, -115.3937048806477037 ) ) ;
#1519 = CARTESIAN_POINT ( 'NONE',  ( 26.91371366891692674, 49.24905965764587989, 186.2182377398375195 ) ) ;
#1520 = CARTESIAN_POINT ( 'NONE',  ( -306.0000000000000000, -74.71787448395015474, -274.4730072434720682 ) ) ;
#1521 = VERTEX_POINT ( 'NONE', #4477 ) ;
#1522 = B_SPLINE_SURFACE_WITH_KNOTS ( 'NONE', 3, 1, ( 
 ( #866, #7260 ),
 ( #908, #220 ),
 ( #5395, #5908 ),
 ( #7851, #1386 ),
 ( #4096, #2188 ),
 ( #1473, #2699 ),
 ( #5435, #2144 ),
 ( #5276, #3461 ),
 ( #4727, #4767 ),
 ( #6577, #8015 ),
 ( #2063, #827 ),
 ( #4138, #7219 ),
 ( #1514, #7935 ),
 ( #1433, #6618 ),
 ( #7337, #3418 ),
 ( #5989, #183 ),
 ( #6703, #5951 ),
 ( #4606, #4017 ),
 ( #140, #7301 ) ),
 .UNSPECIFIED., .F., .F., .F.,
 ( 4, 1, 1, 1, 1, 1, 1, 1, 1, 1, 1, 1, 1, 1, 1, 1, 4 ),
 ( 2, 2 ),
 ( 0.000000000000000000, 0.09813731017294871628, 0.1901824473949693672, 0.2762620705236465968, 0.3564629364311831528, 0.4306051273807185442, 0.4993722396559085452, 0.5629037142631940771, 0.6214266147984267574, 0.6755034084274539330, 0.7259357973745929060, 0.7730798714622525436, 0.8185742021739240704, 0.8627750127970063021, 0.9069003309471852514, 0.9523858668015309226, 0.9999999999999998890 ),
 ( 0.000000000000000000, 1.000000000000000000 ),
 .UNSPECIFIED. ) ;
#1523 = CARTESIAN_POINT ( 'NONE',  ( 13.68797871310178316, 37.37618870563518669, 167.2742989759612726 ) ) ;
#1524 = CARTESIAN_POINT ( 'NONE',  ( 306.0000000000001705, 20.03347484078972940, -103.3117380294721528 ) ) ;
#1525 = CARTESIAN_POINT ( 'NONE',  ( 300.9999999999999432, 28.93509050802865801, -111.1447159529536890 ) ) ;
#1526 = CARTESIAN_POINT ( 'NONE',  ( 13.59899038463071896, 35.08539588401212939, 172.0545739662037761 ) ) ;
#1527 = LINE ( 'NONE', #2833, #1416 ) ;
#1528 = ADVANCED_FACE ( 'NONE', ( #746 ), #562, .F. ) ;
#1529 = DIRECTION ( 'NONE',  ( 0.000000000000000000, -0.000000000000000000, 1.000000000000000000 ) ) ;
#1530 = CARTESIAN_POINT ( 'NONE',  ( 306.0000000000000000, 40.52027663543088920, -111.3314524796320200 ) ) ;
#1531 = ORIENTED_EDGE ( 'NONE', *, *, #2179, .T. ) ;
#1532 = EDGE_LOOP ( 'NONE', ( #2383, #2322, #2494, #2204 ) ) ;
#1533 = FACE_OUTER_BOUND ( 'NONE', #6246, .T. ) ;
#1534 = VERTEX_POINT ( 'NONE', #7048 ) ;
#1535 = LINE ( 'NONE', #287, #5728 ) ;
#1536 = CARTESIAN_POINT ( 'NONE',  ( -306.0000000000000000, 48.13302794031941545, 61.32442331500944732 ) ) ;
#1537 = CARTESIAN_POINT ( 'NONE',  ( -53.31326296111904384, 47.10412025151015314, 177.0022305218363385 ) ) ;
#1538 = PLANE ( 'NONE',  #4468 ) ;
#1539 = EDGE_CURVE ( 'NONE', #6071, #3182, #6451, .T. ) ;
#1540 = CARTESIAN_POINT ( 'NONE',  ( -65.10595403992361696, 33.00312436916498626, 162.9012346394910935 ) ) ;
#1541 = AXIS2_PLACEMENT_3D ( 'NONE', #6840, #1052, #3081 ) ;
#1542 = VERTEX_POINT ( 'NONE', #1254 ) ;
#1543 = CC_DESIGN_PERSON_AND_ORGANIZATION_ASSIGNMENT ( #3458, #1596, ( #2848 ) ) ;
#1544 = CARTESIAN_POINT ( 'NONE',  ( -24.94927904054783241, 47.10813991112830479, 184.0773179933199799 ) ) ;
#1545 = DIRECTION ( 'NONE',  ( 0.000000000000000000, 0.9931034482758616111, 0.1172413793103483926 ) ) ;
#1546 = CARTESIAN_POINT ( 'NONE',  ( -57.79331758108306616, 40.22608250188007162, 170.1241927722061860 ) ) ;
#1547 = VECTOR ( 'NONE', #432, 1000.000000000000114 ) ;
#1548 = CARTESIAN_POINT ( 'NONE',  ( 301.0000000000000000, 25.15941663802717798, -104.5410501331227380 ) ) ;
#1549 = EDGE_CURVE ( 'NONE', #4283, #6826, #6534, .T. ) ;
#1550 = CARTESIAN_POINT ( 'NONE',  ( -43.91009281814903886, 41.54409181196022161, 171.4422020822863999 ) ) ;
#1551 = CARTESIAN_POINT ( 'NONE',  ( 14.01627113335345598, 32.47892076591789134, 169.4480988481094244 ) ) ;
#1552 = EDGE_LOOP ( 'NONE', ( #1188, #3068, #4880, #4795 ) ) ;
#1553 = PERSON_AND_ORGANIZATION ( #675, #1090 ) ;
#1554 = CARTESIAN_POINT ( 'NONE',  ( -63.06846911809958556, 38.37026390722729019, 175.3394419894190150 ) ) ;
#1555 = VERTEX_POINT ( 'NONE', #5737 ) ;
#1556 = AXIS2_PLACEMENT_3D ( 'NONE', #5069, #6456, #8323 ) ;
#1557 = DIRECTION ( 'NONE',  ( -0.000000000000000000, -0.7071067811865489050, 0.7071067811865460184 ) ) ;
#1558 = CARTESIAN_POINT ( 'NONE',  ( -46.84523635131549923, 33.81605697376248543, 170.7852350559540184 ) ) ;
#1559 = DIRECTION ( 'NONE',  ( -0.1718090874432636750, 0.000000000000000000, 0.9851302642147955480 ) ) ;
#1560 = CARTESIAN_POINT ( 'NONE',  ( -57.53840436364227884, 40.15721463680368686, 170.0553249071298296 ) ) ;
#1561 = DIRECTION ( 'NONE',  ( 0.000000000000000000, -0.7071067811865460184, -0.7071067811865490160 ) ) ;
#1562 = CARTESIAN_POINT ( 'NONE',  ( 335.9999999999999432, 48.23670732222217339, 61.96704619280065174 ) ) ;
#1563 = VECTOR ( 'NONE', #2219, 1000.000000000000227 ) ;
#1564 = EDGE_LOOP ( 'NONE', ( #7740, #6978, #3718, #2788 ) ) ;
#1565 = ADVANCED_FACE ( 'NONE', ( #4563 ), #5907, .T. ) ;
#1566 = LINE ( 'NONE', #7901, #2693 ) ;
#1567 = CARTESIAN_POINT ( 'NONE',  ( -60.58628633108306616, 43.73399504917267677, 180.7031731313643093 ) ) ;
#1568 = CARTESIAN_POINT ( 'NONE',  ( 301.0000000000000568, 25.17527991311654034, -108.5604120867930078 ) ) ;
#1569 = EDGE_CURVE ( 'NONE', #4540, #2114, #6494, .T. ) ;
#1570 = CARTESIAN_POINT ( 'NONE',  ( -306.0000000000000000, 0.000000000000000000, 0.000000000000000000 ) ) ;
#1571 = CIRCLE ( 'NONE', #6687, 10.00000000000000888 ) ;
#1572 = PLANE ( 'NONE',  #7083 ) ;
#1573 = CARTESIAN_POINT ( 'NONE',  ( -35.41718054696253404, 31.15252434507781132, 161.0506346154038511 ) ) ;
#1574 = CARTESIAN_POINT ( 'NONE',  ( -53.33020150033579654, 36.11571348210113541, 166.0138237524272427 ) ) ;
#1575 = EDGE_LOOP ( 'NONE', ( #2001, #3616, #6475, #5119 ) ) ;
#1576 = EDGE_CURVE ( 'NONE', #1720, #4156, #302, .T. ) ;
#1577 = EDGE_LOOP ( 'NONE', ( #468, #1765, #8079, #2922 ) ) ;
#1578 = ADVANCED_FACE ( 'NONE', ( #5777 ), #7721, .T. ) ;
#1579 = CARTESIAN_POINT ( 'NONE',  ( -57.82497463290651751, 46.00066470420163967, 182.9698427863932011 ) ) ;
#1580 = ORIENTED_EDGE ( 'NONE', *, *, #685, .F. ) ;
#1581 = CARTESIAN_POINT ( 'NONE',  ( -5.778997824016840923, 52.91789473049910697, 182.8160050008252426 ) ) ;
#1582 = FACE_OUTER_BOUND ( 'NONE', #1669, .T. ) ;
#1583 = CARTESIAN_POINT ( 'NONE',  ( 301.0000000000000000, 26.16153081877110864, -96.26200640576358580 ) ) ;
#1584 = DIRECTION ( 'NONE',  ( 0.9695125564162687670, -0.1732706018792443681, -0.1732706018792450620 ) ) ;
#1585 = ORIENTED_EDGE ( 'NONE', *, *, #2793, .T. ) ;
#1586 = LINE ( 'NONE', #8167, #8361 ) ;
#1587 = VERTEX_POINT ( 'NONE', #7001 ) ;
#1588 = CARTESIAN_POINT ( 'NONE',  ( -52.06562791770198118, 31.73694884145578143, 161.6350591117818851 ) ) ;
#1589 = CARTESIAN_POINT ( 'NONE',  ( -63.63664174525955275, 48.18826427732953732, 185.1574423595212124 ) ) ;
#1590 = LINE ( 'NONE', #1546, #6550 ) ;
#1591 = B_SPLINE_SURFACE_WITH_KNOTS ( 'NONE', 3, 1, ( 
 ( #5457, #1621 ),
 ( #5502, #2253 ),
 ( #6639, #2841 ),
 ( #888, #5339 ),
 ( #4834, #7995 ),
 ( #2294, #4197 ),
 ( #6766, #7278 ),
 ( #846, #2760 ),
 ( #8040, #976 ),
 ( #3481, #4706 ),
 ( #6806, #3524 ),
 ( #1019, #5376 ),
 ( #7954, #2165 ),
 ( #3567, #2209 ),
 ( #6050, #6134 ),
 ( #331, #5971 ),
 ( #163, #7914 ),
 ( #3442, #4789 ),
 ( #7363, #1492 ) ),
 .UNSPECIFIED., .F., .F., .F.,
 ( 4, 1, 1, 1, 1, 1, 1, 1, 1, 1, 1, 1, 1, 1, 1, 1, 4 ),
 ( 2, 2 ),
 ( 0.000000000000000000, 0.09406769202848024036, 0.1827388063752786451, 0.2661378738579616154, 0.3444066813009440398, 0.4176305938853758781, 0.4860769153206729309, 0.5504740518421981088, 0.6100009765173212140, 0.6654191661346944286, 0.7169085051108320394, 0.7648949693768186675, 0.8111550071561521857, 0.8569009238768495740, 0.9022772144907663661, 0.9496167807705772068, 1.000000000000000000 ),
 ( 0.000000000000000000, 1.000000000000000000 ),
 .UNSPECIFIED. ) ;
#1592 = CARTESIAN_POINT ( 'NONE',  ( 9.074407314764124877, 33.25940163054794851, 163.1575119008740558 ) ) ;
#1593 = CARTESIAN_POINT ( 'NONE',  ( -43.22508634476368883, 43.12470275237593853, 180.0938808345675284 ) ) ;
#1594 = CARTESIAN_POINT ( 'NONE',  ( -43.91132010543729791, 38.84366104198903713, 175.8128391241807265 ) ) ;
#1595 = ORIENTED_EDGE ( 'NONE', *, *, #8120, .F. ) ;
#1596 = PERSON_AND_ORGANIZATION_ROLE ( 'design_supplier' ) ;
#1597 = CARTESIAN_POINT ( 'NONE',  ( -65.71228570677645564, 40.33993633401227896, 177.3091144162039825 ) ) ;
#1598 = ORIENTED_EDGE ( 'NONE', *, *, #4414, .T. ) ;
#1599 = CARTESIAN_POINT ( 'NONE',  ( -58.49364346652649971, 45.12607298418343760, 175.0241832545096372 ) ) ;
#1600 = B_SPLINE_CURVE_WITH_KNOTS ( 'NONE', 3,
 ( #776, #295, #212, #5266, #7964, #4127, #6609, #4047, #6648, #818, #7843, #7328, #1464, #855, #3406, #898, #7208, #4009, #2177 ),
 .UNSPECIFIED., .F., .F.,
 ( 4, 1, 1, 1, 1, 1, 1, 1, 1, 1, 1, 1, 1, 1, 1, 1, 4 ),
 ( 0.000000000000000000, 0.08315846755044305205, 0.1615014360265347448, 0.2359771911332315397, 0.3063462570513998950, 0.3733378569986204876, 0.4365342553694938066, 0.4974348390935939834, 0.5553876352808003736, 0.6114665870727202801, 0.6662665749783118763, 0.7202703948325049899, 0.7743751176638936640, 0.8288521454212798290, 0.8840313765225880083, 0.9406738928172728720, 1.000000000000000000 ),
 .UNSPECIFIED. ) ;
#1601 = DIRECTION ( 'NONE',  ( 0.000000000000000000, -1.000000000000000000, -0.000000000000000000 ) ) ;
#1602 = CARTESIAN_POINT ( 'NONE',  ( -2.360572431585783004, 48.43968347566393362, 185.4088615578555448 ) ) ;
#1603 = ADVANCED_FACE ( 'NONE', ( #1212 ), #3805, .T. ) ;
#1604 = CARTESIAN_POINT ( 'NONE',  ( 301.0000000000000000, 44.71950280370884201, -116.2669382121033408 ) ) ;
#1605 = CARTESIAN_POINT ( 'NONE',  ( 20.80796341029799734, 36.48033738142864735, 166.3784476517547546 ) ) ;
#1606 = CARTESIAN_POINT ( 'NONE',  ( -19.37607211961694631, 45.69771074345168671, 175.5958210137778224 ) ) ;
#1607 = VERTEX_POINT ( 'NONE', #2615 ) ;
#1608 = CARTESIAN_POINT ( 'NONE',  ( 13.79045690181123440, 36.73582929770518746, 166.6339395680313373 ) ) ;
#1609 = CARTESIAN_POINT ( 'NONE',  ( 305.9999999999999432, 19.83188543067214837, -104.5279346829488816 ) ) ;
#1610 = CARTESIAN_POINT ( 'NONE',  ( 306.0000000000000568, 25.17527991311654034, -108.5604120867930078 ) ) ;
#1611 = DIRECTION ( 'NONE',  ( 1.000000000000000000, 0.000000000000000000, 0.000000000000000000 ) ) ;
#1612 = CARTESIAN_POINT ( 'NONE',  ( 79.83038033558359814, 49.12936710353879022, 179.0274773738649685 ) ) ;
#1613 = CARTESIAN_POINT ( 'NONE',  ( 335.9999999999999432, -74.72648989080823867, -274.3250455023379573 ) ) ;
#1614 = CARTESIAN_POINT ( 'NONE',  ( -50.57786128599458664, 51.32266057434490136, 181.2207708446710797 ) ) ;
#1615 = EDGE_CURVE ( 'NONE', #2412, #3626, #5825, .T. ) ;
#1616 = VERTEX_POINT ( 'NONE', #6111 ) ;
#1617 = AXIS2_PLACEMENT_3D ( 'NONE', #6843, #7603, #1055 ) ;
#1618 = VERTEX_POINT ( 'NONE', #5355 ) ;
#1619 = CARTESIAN_POINT ( 'NONE',  ( 26.87564192438925659, 38.37837892507818793, 168.2764891954042810 ) ) ;
#1620 = ORIENTED_EDGE ( 'NONE', *, *, #7405, .F. ) ;
#1621 = CARTESIAN_POINT ( 'NONE',  ( -13.50295299774973579, 38.49514402710048699, 175.4643221092920840 ) ) ;
#1622 = DIRECTION ( 'NONE',  ( -5.358331172588696036E-14, -0.7071067811871466491, 0.7071067811859483854 ) ) ;
#1623 = AXIS2_PLACEMENT_3D ( 'NONE', #5104, #1210, #1937 ) ;
#1624 = EDGE_CURVE ( 'NONE', #1973, #3270, #906, .T. ) ;
#1625 = CARTESIAN_POINT ( 'NONE',  ( -8.515973831083066159, 49.54368748314027471, 179.4417977534664317 ) ) ;
#1626 = CARTESIAN_POINT ( 'NONE',  ( 306.0000000000000000, 51.04721312022950741, -106.5489350761536542 ) ) ;
#1627 = ORIENTED_EDGE ( 'NONE', *, *, #8366, .T. ) ;
#1628 = VECTOR ( 'NONE', #3078, 1000.000000000000000 ) ;
#1629 = CARTESIAN_POINT ( 'NONE',  ( 306.0000000000000000, 50.63054645356283601, -139.2182059094869828 ) ) ;
#1630 = ORIENTED_EDGE ( 'NONE', *, *, #8143, .T. ) ;
#1631 = CARTESIAN_POINT ( 'NONE',  ( -50.36071726009268446, 32.47664376685445120, 162.3747540371805655 ) ) ;
#1632 = CARTESIAN_POINT ( 'NONE',  ( -32.23604991989967772, 30.99456329309401781, 167.9637413752855650 ) ) ;
#1633 = FACE_OUTER_BOUND ( 'NONE', #3392, .T. ) ;
#1634 = VECTOR ( 'NONE', #531, 1000.000000000000000 ) ;
#1635 = DIRECTION ( 'NONE',  ( 0.000000000000000000, 0.000000000000000000, 1.000000000000000000 ) ) ;
#1636 = CARTESIAN_POINT ( 'NONE',  ( -35.76193385120126322, 44.90939659441985299, 181.8785746766115210 ) ) ;
#1637 = CARTESIAN_POINT ( 'NONE',  ( -43.22508634476368883, 43.12470275237591721, 180.0938808345675568 ) ) ;
#1638 = ORIENTED_EDGE ( 'NONE', *, *, #7865, .F. ) ;
#1639 = DIRECTION ( 'NONE',  ( 0.000000000000000000, 0.000000000000000000, 1.000000000000000000 ) ) ;
#1640 = CARTESIAN_POINT ( 'NONE',  ( 306.0000000000000000, 47.27351010919175422, -328.0411557974455263 ) ) ;
#1641 = ORIENTED_EDGE ( 'NONE', *, *, #8189, .T. ) ;
#1642 = VECTOR ( 'NONE', #2710, 1000.000000000000114 ) ;
#1643 = CARTESIAN_POINT ( 'NONE',  ( -58.00072254447559317, 44.95666474008636726, 174.8547750104124532 ) ) ;
#1644 = DIRECTION ( 'NONE',  ( 1.000000000000000000, -0.000000000000000000, -0.000000000000000000 ) ) ;
#1645 = DIRECTION ( 'NONE',  ( 0.000000000000000000, 0.000000000000000000, 1.000000000000000000 ) ) ;
#1646 = CARTESIAN_POINT ( 'NONE',  ( 306.0000000000000000, 25.21387978689617526, -149.2182059094869828 ) ) ;
#1647 = CARTESIAN_POINT ( 'NONE',  ( -54.07697172580115108, 35.31352756651820357, 172.2827056487097934 ) ) ;
#1648 = CARTESIAN_POINT ( 'NONE',  ( -36.98633901486557818, 42.94971218610646702, 179.9188902682980427 ) ) ;
#1649 = ORIENTED_EDGE ( 'NONE', *, *, #4797, .F. ) ;
#1650 = CARTESIAN_POINT ( 'NONE',  ( -53.08628633108307326, 37.14630101350898173, 167.0444112838351316 ) ) ;
#1651 = EDGE_CURVE ( 'NONE', #2044, #2258, #7334, .T. ) ;
#1652 = CARTESIAN_POINT ( 'NONE',  ( 306.0000000000000000, 20.21387978689617881, -93.38487257615365422 ) ) ;
#1653 = CARTESIAN_POINT ( 'NONE',  ( 305.9999999999999432, 25.39929030331300552, -108.9985795868937259 ) ) ;
#1654 = CARTESIAN_POINT ( 'NONE',  ( 305.9999999999999432, 34.45842926382709948, -94.64347767095141251 ) ) ;
#1655 = CARTESIAN_POINT ( 'NONE',  ( 335.9999999999999432, -53.52771198192617419, -301.2480616263205206 ) ) ;
#1656 = LINE ( 'NONE', #7989, #439 ) ;
#1657 = CARTESIAN_POINT ( 'NONE',  ( -13.34259004041977548, 40.96419476236317792, 177.9333728445547820 ) ) ;
#1658 = EDGE_LOOP ( 'NONE', ( #7571, #3792, #7687, #5599 ) ) ;
#1659 = DIRECTION ( 'NONE',  ( 1.000000000000000000, 0.000000000000000000, 0.000000000000000000 ) ) ;
#1660 = CARTESIAN_POINT ( 'NONE',  ( -64.46969756009298180, 32.57722324706554673, 162.4753335173915900 ) ) ;
#1661 = EDGE_CURVE ( 'NONE', #4624, #2430, #6741, .T. ) ;
#1662 = ORIENTED_EDGE ( 'NONE', *, *, #3197, .T. ) ;
#1663 = B_SPLINE_SURFACE_WITH_KNOTS ( 'NONE', 3, 1, ( 
 ( #7148, #3816 ),
 ( #7822, #5165 ),
 ( #7733, #7106 ),
 ( #5750, #1953 ),
 ( #3903, #8331 ),
 ( #1397, #5791 ),
 ( #6425, #6465 ),
 ( #668, #4618 ),
 ( #1267, #7188 ),
 ( #8374, #5120 ),
 ( #5079, #2540 ),
 ( #714, #1225 ),
 ( #5208, #7692 ),
 ( #7649, #3986 ),
 ( #2499, #8285 ),
 ( #3302, #6549 ),
 ( #4444, #5704 ),
 ( #3260, #5836 ),
 ( #1995, #2586 ) ),
 .UNSPECIFIED., .F., .F., .F.,
 ( 4, 1, 1, 1, 1, 1, 1, 1, 1, 1, 1, 1, 1, 1, 1, 1, 4 ),
 ( 2, 2 ),
 ( 0.000000000000000000, 0.06888622926303156202, 0.1343939231902420428, 0.1969682099330414826, 0.2573857542600965775, 0.3158696283858021814, 0.3728374701341621855, 0.4292100923639458054, 0.4854786210832591209, 0.5423195472782961213, 0.6000680401638830430, 0.6598636101454365965, 0.7218457968767981736, 0.7860962798930558604, 0.8537579444553781149, 0.9250552416452589855, 1.000000000000000000 ),
 ( 0.000000000000000000, 1.000000000000000000 ),
 .UNSPECIFIED. ) ;
#1664 = CARTESIAN_POINT ( 'NONE',  ( 3.155587264371511935, 38.93575545334556409, 175.9049335355371113 ) ) ;
#1665 = CARTESIAN_POINT ( 'NONE',  ( -4.015345496477078058, 47.04120698930027089, 176.9393172596264492 ) ) ;
#1666 = CARTESIAN_POINT ( 'NONE',  ( -53.08628633108307326, 33.61076710757622976, 170.5799451897678409 ) ) ;
#1667 = ORIENTED_EDGE ( 'NONE', *, *, #6335, .F. ) ;
#1668 = FACE_OUTER_BOUND ( 'NONE', #595, .T. ) ;
#1669 = EDGE_LOOP ( 'NONE', ( #1935, #4972, #3478, #7994, #2516 ) ) ;
#1670 = DIRECTION ( 'NONE',  ( -0.000000000000000000, -0.7071067811865489050, 0.7071067811865460184 ) ) ;
#1671 = ADVANCED_FACE ( 'NONE', ( #2779 ), #4157, .T. ) ;
#1672 = EDGE_LOOP ( 'NONE', ( #5875, #7378, #951, #3154 ) ) ;
#1673 = ADVANCED_FACE ( 'NONE', ( #783 ), #3374, .F. ) ;
#1674 = LINE ( 'NONE', #6257, #7744 ) ;
#1675 = LINE ( 'NONE', #2386, #3025 ) ;
#1676 = DIRECTION ( 'NONE',  ( 0.000000000000000000, -1.000000000000000000, 0.000000000000000000 ) ) ;
#1677 = CARTESIAN_POINT ( 'NONE',  ( -306.0000000000000000, -52.40044383621697932, 89.70254495192531863 ) ) ;
#1678 = CARTESIAN_POINT ( 'NONE',  ( 301.0000000000000000, 20.21387978689617881, -151.7182059094869828 ) ) ;
#1679 = EDGE_CURVE ( 'NONE', #8373, #7123, #4093, .T. ) ;
#1680 = CARTESIAN_POINT ( 'NONE',  ( -43.53034655108145756, 45.58741283155880097, 175.4855231018849793 ) ) ;
#1681 = EDGE_LOOP ( 'NONE', ( #4585, #1137, #3286, #1026 ) ) ;
#1682 = EDGE_CURVE ( 'NONE', #5164, #6379, #6615, .T. ) ;
#1683 = CARTESIAN_POINT ( 'NONE',  ( 301.0000000000000000, 35.61997289653990606, -94.64315775650379692 ) ) ;
#1684 = ORIENTED_EDGE ( 'NONE', *, *, #1304, .F. ) ;
#1685 = VECTOR ( 'NONE', #7704, 1000.000000000000000 ) ;
#1686 = CARTESIAN_POINT ( 'NONE',  ( -281.0000000000000000, 80.00000000000000000, -373.0308219178082254 ) ) ;
#1687 = CARTESIAN_POINT ( 'NONE',  ( 305.9999999999999432, 36.78102076113616903, -94.65932781648555761 ) ) ;
#1688 = CARTESIAN_POINT ( 'NONE',  ( 301.0000000000000000, 36.04721312022950741, -117.1348725761536542 ) ) ;
#1689 = CARTESIAN_POINT ( 'NONE',  ( -55.22542373591832643, 35.87693877625361694, 172.8461168584452423 ) ) ;
#1690 = CARTESIAN_POINT ( 'NONE',  ( -36.12769810216727961, 44.51018400141024500, 181.4793620836018988 ) ) ;
#1691 = VERTEX_POINT ( 'NONE', #1512 ) ;
#1692 = VECTOR ( 'NONE', #911, 1000.000000000000114 ) ;
#1693 = FACE_OUTER_BOUND ( 'NONE', #6638, .T. ) ;
#1694 = VECTOR ( 'NONE', #4749, 1000.000000000000000 ) ;
#1695 = DIRECTION ( 'NONE',  ( 9.208717330317790056E-14, 0.7071067811855715757, -0.7071067811875235698 ) ) ;
#1696 = CARTESIAN_POINT ( 'NONE',  ( -2.311216237749631919, 32.08022473194483837, 161.9783350022709101 ) ) ;
#1697 = CARTESIAN_POINT ( 'NONE',  ( -335.9999999999999432, 47.28212551604982394, -274.4730072434720682 ) ) ;
#1698 = CARTESIAN_POINT ( 'NONE',  ( 306.0000000000000000, 20.21387978689617881, -132.9682059094869828 ) ) ;
#1699 = CARTESIAN_POINT ( 'NONE',  ( -32.64357799774973756, 53.07922138907299825, 182.9773316593991979 ) ) ;
#1700 = CARTESIAN_POINT ( 'NONE',  ( -49.51580442163390217, 50.45090827456645854, 180.3490185448926297 ) ) ;
#1701 = VECTOR ( 'NONE', #4718, 1000.000000000000000 ) ;
#1702 = ORIENTED_EDGE ( 'NONE', *, *, #5928, .T. ) ;
#1703 = EDGE_LOOP ( 'NONE', ( #3094, #4532, #930, #6590 ) ) ;
#1704 = LINE ( 'NONE', #7359, #1761 ) ;
#1705 = ORIENTED_EDGE ( 'NONE', *, *, #5546, .T. ) ;
#1706 = VECTOR ( 'NONE', #6954, 1000.000000000000000 ) ;
#1707 = CARTESIAN_POINT ( 'NONE',  ( 300.9999999999999432, 49.98879721505686291, -101.2590206488185913 ) ) ;
#1708 = DIRECTION ( 'NONE',  ( -1.000000000000000000, 0.000000000000000000, -0.000000000000000000 ) ) ;
#1709 = EDGE_LOOP ( 'NONE', ( #4713, #374, #1407, #5097, #1823, #7782, #7775, #477, #5988, #6845, #6998, #2675 ) ) ;
#1710 = CARTESIAN_POINT ( 'NONE',  ( 306.0000000000000000, 45.65955459255329174, -115.8658560544601528 ) ) ;
#1711 = ORIENTED_EDGE ( 'NONE', *, *, #3583, .T. ) ;
#1712 = CARTESIAN_POINT ( 'NONE',  ( 301.0000000000000000, 41.26856728689617881, -189.4265392428203256 ) ) ;
#1713 = ORIENTED_EDGE ( 'NONE', *, *, #7035, .T. ) ;
#1714 = CARTESIAN_POINT ( 'NONE',  ( 20.25643626574717260, 31.95237796756514470, 168.9215560497567310 ) ) ;
#1715 = CARTESIAN_POINT ( 'NONE',  ( -28.31203667449843309, 34.32836469249134126, 171.2975427746829098 ) ) ;
#1716 = PLANE ( 'NONE',  #5467 ) ;
#1717 = EDGE_CURVE ( 'NONE', #2837, #6327, #3459, .T. ) ;
#1718 = CARTESIAN_POINT ( 'NONE',  ( 9.437697006275612921, 29.39147655537770021, 166.3606546375693540 ) ) ;
#1719 = CARTESIAN_POINT ( 'NONE',  ( -43.91961966441640186, 41.94781385711291932, 171.8459241274390763 ) ) ;
#1720 = VERTEX_POINT ( 'NONE', #5478 ) ;
#1721 = FACE_OUTER_BOUND ( 'NONE', #8326, .T. ) ;
#1722 = ORIENTED_EDGE ( 'NONE', *, *, #687, .T. ) ;
#1723 = DIRECTION ( 'NONE',  ( -0.1350136181256444412, 0.7006323297281602525, 0.7006323297281629170 ) ) ;
#1724 = CARTESIAN_POINT ( 'NONE',  ( -30.53858307794780202, 52.97350023262764296, 182.8716105029538710 ) ) ;
#1725 = CARTESIAN_POINT ( 'NONE',  ( -68.08628633108305905, 37.38108256194982459, 167.2791928322759247 ) ) ;
#1726 = CARTESIAN_POINT ( 'NONE',  ( 28.58038033558359103, 52.78459356357862475, 182.6827038339048102 ) ) ;
#1727 = EDGE_CURVE ( 'NONE', #4305, #4624, #2541, .T. ) ;
#1728 = CARTESIAN_POINT ( 'NONE',  ( -37.65909294991750755, 39.14312633377135597, 176.1123044159629956 ) ) ;
#1729 = VERTEX_POINT ( 'NONE', #3627 ) ;
#1730 = CARTESIAN_POINT ( 'NONE',  ( -13.50295299774973579, 42.03067793303323185, 171.9287882033593462 ) ) ;
#1731 = CARTESIAN_POINT ( 'NONE',  ( -41.72473817507441396, 49.41141026405013292, 179.3095205343763041 ) ) ;
#1732 = LINE ( 'NONE', #1084, #5396 ) ;
#1733 = CARTESIAN_POINT ( 'NONE',  ( 301.0000000000000000, 23.91571109875849643, -97.55082111208078288 ) ) ;
#1734 = LINE ( 'NONE', #1125, #3990 ) ;
#1735 = CARTESIAN_POINT ( 'NONE',  ( 306.0000000000000568, 30.81646140700958725, -101.2154491452680816 ) ) ;
#1736 = CARTESIAN_POINT ( 'NONE',  ( -50.02533933492895102, 50.90751789254640869, 180.8056281628726083 ) ) ;
#1737 = VERTEX_POINT ( 'NONE', #3067 ) ;
#1738 = CARTESIAN_POINT ( 'NONE',  ( 301.0000000000000000, 36.04721312022950741, -105.8848725761536542 ) ) ;
#1739 = CARTESIAN_POINT ( 'NONE',  ( -49.75351246894948076, 38.57546447864982042, 175.5446425608414529 ) ) ;
#1740 = VERTEX_POINT ( 'NONE', #7539 ) ;
#1741 = CARTESIAN_POINT ( 'NONE',  ( 301.0000000000000000, 51.04721312022950741, -106.5489350761536542 ) ) ;
#1742 = CARTESIAN_POINT ( 'NONE',  ( -4.300222968073665442, 44.02613193557385785, 180.9953100177654903 ) ) ;
#1743 = ORIENTED_EDGE ( 'NONE', *, *, #4576, .T. ) ;
#1744 = DIRECTION ( 'NONE',  ( -0.000000000000000000, -1.000000000000000000, -0.000000000000000000 ) ) ;
#1745 = VERTEX_POINT ( 'NONE', #5638 ) ;
#1746 = CARTESIAN_POINT ( 'NONE',  ( -32.28086933726429919, 53.07242391658689940, 182.9705341869130848 ) ) ;
#1747 = EDGE_CURVE ( 'NONE', #4005, #1729, #7582, .T. ) ;
#1748 = ORIENTED_EDGE ( 'NONE', *, *, #5546, .F. ) ;
#1749 = CARTESIAN_POINT ( 'NONE',  ( 301.0000000000000000, 50.63054645356283601, -170.0515392428203256 ) ) ;
#1750 = CARTESIAN_POINT ( 'NONE',  ( -28.15691884799403155, 34.85058451513107514, 171.8197625973226081 ) ) ;
#1751 = CARTESIAN_POINT ( 'NONE',  ( 26.76010540254954151, 33.57809891437484850, 170.5472769965663531 ) ) ;
#1752 = CARTESIAN_POINT ( 'NONE',  ( -37.37824266245299754, 38.60386972984374410, 168.5019800001698798 ) ) ;
#1753 = VECTOR ( 'NONE', #7380, 1000.000000000000000 ) ;
#1754 = CARTESIAN_POINT ( 'NONE',  ( 281.0000000000000000, 0.000000000000000000, -373.0308219178082254 ) ) ;
#1755 = ORIENTED_EDGE ( 'NONE', *, *, #312, .T. ) ;
#1756 = CARTESIAN_POINT ( 'NONE',  ( 300.9999999999999432, 44.33326330951255301, -96.24918461498489819 ) ) ;
#1757 = ORIENTED_EDGE ( 'NONE', *, *, #3217, .T. ) ;
#1758 = EDGE_CURVE ( 'NONE', #4409, #2730, #3749, .T. ) ;
#1759 = CARTESIAN_POINT ( 'NONE',  ( 306.0000000000000000, 45.63054645356284311, -157.9682059094869828 ) ) ;
#1760 = CARTESIAN_POINT ( 'NONE',  ( -26.98983251075688727, 52.00790241712834217, 181.9060126874545062 ) ) ;
#1761 = VECTOR ( 'NONE', #7952, 1000.000000000000000 ) ;
#1762 = CARTESIAN_POINT ( 'NONE',  ( -37.66961966441640186, 41.75446434663224693, 171.6525746169583613 ) ) ;
#1763 = CARTESIAN_POINT ( 'NONE',  ( 301.0000000000000000, 24.81425745640766678, -105.7634997772233874 ) ) ;
#1764 = CARTESIAN_POINT ( 'NONE',  ( -19.75295299774973401, 38.50435114664719549, 175.4735292288387996 ) ) ;
#1765 = ORIENTED_EDGE ( 'NONE', *, *, #3799, .F. ) ;
#1766 = FACE_OUTER_BOUND ( 'NONE', #8279, .T. ) ;
#1767 = AXIS2_PLACEMENT_3D ( 'NONE', #6199, #8144, #4430 ) ;
#1768 = PLANE ( 'NONE',  #6626 ) ;
#1769 = CARTESIAN_POINT ( 'NONE',  ( 3.155442567865962999, 41.60696930870742705, 171.5050795790336053 ) ) ;
#1770 = EDGE_CURVE ( 'NONE', #1720, #1513, #4376, .T. ) ;
#1771 = CARTESIAN_POINT ( 'NONE',  ( 305.9999999999998295, 20.34962989166588443, -102.1668270475618669 ) ) ;
#1772 = CARTESIAN_POINT ( 'NONE',  ( 306.0000000000000000, 50.63054645356283601, -78.55414340948699703 ) ) ;
#1773 = DIRECTION ( 'NONE',  ( -0.000000000000000000, -0.7071067811865489050, 0.7071067811865460184 ) ) ;
#1774 = CARTESIAN_POINT ( 'NONE',  ( 306.0000000000000568, 28.97831516770252591, -101.6487133518651547 ) ) ;
#1775 = CARTESIAN_POINT ( 'NONE',  ( -13.49859503259212268, 42.32379455138354984, 172.2219048217096145 ) ) ;
#1776 = VERTEX_POINT ( 'NONE', #5517 ) ;
#1777 = DIRECTION ( 'NONE',  ( 0.000000000000000000, 0.000000000000000000, 1.000000000000000000 ) ) ;
#1778 = DIRECTION ( 'NONE',  ( 1.000000000000000000, 0.000000000000000000, 0.000000000000000000 ) ) ;
#1779 = EDGE_LOOP ( 'NONE', ( #5656, #6925, #4296, #28 ) ) ;
#1780 = CARTESIAN_POINT ( 'NONE',  ( 305.9999999999996021, 41.59011684896118055, -95.34082341399009408 ) ) ;
#1781 = CARTESIAN_POINT ( 'NONE',  ( -3.097047688596853643, 39.34570889422906959, 176.3148869764206381 ) ) ;
#1782 = ORIENTED_EDGE ( 'NONE', *, *, #4396, .F. ) ;
#1783 = CARTESIAN_POINT ( 'NONE',  ( 306.0000000000000000, -53.52771198192617419, -311.2480616263205206 ) ) ;
#1784 = ORIENTED_EDGE ( 'NONE', *, *, #4365, .F. ) ;
#1785 = CARTESIAN_POINT ( 'NONE',  ( -8.664237241273166745, 34.52375948089088098, 164.4218697512169740 ) ) ;
#1786 = ORIENTED_EDGE ( 'NONE', *, *, #8019, .T. ) ;
#1787 = CARTESIAN_POINT ( 'NONE',  ( -36.12769810216727961, 48.04571790734299697, 177.9438281776691895 ) ) ;
#1788 = CARTESIAN_POINT ( 'NONE',  ( 301.0000000000000000, 38.13054645356284311, -167.1348725761536684 ) ) ;
#1789 = CARTESIAN_POINT ( 'NONE',  ( 306.0000000000000000, 45.03158812022950741, -81.71820590948698282 ) ) ;
#1790 = CARTESIAN_POINT ( 'NONE',  ( 26.83745083723729508, 34.19001657854850862, 171.1591946607399848 ) ) ;
#1791 = B_SPLINE_SURFACE_WITH_KNOTS ( 'NONE', 3, 1, ( 
 ( #1310, #22 ),
 ( #5529, #4820 ),
 ( #4738, #2198 ),
 ( #6754, #2281 ),
 ( #4104, #2790 ),
 ( #2913, #6122 ),
 ( #318, #230 ),
 ( #2152, #2240 ),
 ( #5489, #3601 ),
 ( #6668, #1007 ),
 ( #356, #6038 ),
 ( #2953, #5404 ),
 ( #876, #8106 ),
 ( #2324, #8027 ),
 ( #7391, #8067 ),
 ( #2828, #6082 ),
 ( #4904, #3555 ),
 ( #275, #3428 ),
 ( #1481, #3469 ) ),
 .UNSPECIFIED., .F., .F., .F.,
 ( 4, 1, 1, 1, 1, 1, 1, 1, 1, 1, 1, 1, 1, 1, 1, 1, 4 ),
 ( 2, 2 ),
 ( 0.000000000000000000, 0.08293440464628648590, 0.1610894680972369264, 0.2347247659038214918, 0.3040901782290976740, 0.3696765897509404208, 0.4321361563726849320, 0.4913031328970505762, 0.5485552770612339701, 0.6035181268264162568, 0.6571686525788972277, 0.7106238765018833003, 0.7641687694519578855, 0.8190930755636849359, 0.8761387633110852002, 0.9364273170266249613, 1.000000000000000000 ),
 ( 0.000000000000000000, 1.000000000000000000 ),
 .UNSPECIFIED. ) ;
#1792 = CARTESIAN_POINT ( 'NONE',  ( -8.444359247749735786, 34.51766838292617479, 164.4157786532522607 ) ) ;
#1793 = ADVANCED_FACE ( 'NONE', ( #2983 ), #6226, .T. ) ;
#1794 = CARTESIAN_POINT ( 'NONE',  ( -55.40399466441639476, 40.62659220216151112, 177.5957702843530797 ) ) ;
#1795 = ORIENTED_EDGE ( 'NONE', *, *, #5121, .T. ) ;
#1796 = CARTESIAN_POINT ( 'NONE',  ( 301.0000000000000000, 46.04721312022950741, -106.2689871594869828 ) ) ;
#1797 = ORIENTED_EDGE ( 'NONE', *, *, #7981, .T. ) ;
#1798 = EDGE_CURVE ( 'NONE', #8339, #3218, #8180, .T. ) ;
#1799 = CARTESIAN_POINT ( 'NONE',  ( -11.64994594973799735, 44.91546467906240281, 181.8846427612540140 ) ) ;
#1800 = CARTESIAN_POINT ( 'NONE',  ( -30.53858307794780202, 49.43796632669492652, 186.4071444088865519 ) ) ;
#1801 = CARTESIAN_POINT ( 'NONE',  ( 301.0000000000000000, 24.79721312022951096, -106.4252371594869828 ) ) ;
#1802 = CARTESIAN_POINT ( 'NONE',  ( 301.0000000000000568, 32.98310816004312329, -100.9583666114871505 ) ) ;
#1803 = CARTESIAN_POINT ( 'NONE',  ( -37.66604819970334006, 37.92732591891275717, 174.8965040011043754 ) ) ;
#1804 = EDGE_LOOP ( 'NONE', ( #1278, #410, #4337, #1885 ) ) ;
#1805 = DIRECTION ( 'NONE',  ( -0.2158117518227601894, 0.6904438021212109255, 0.6904438021212134791 ) ) ;
#1806 = FACE_BOUND ( 'NONE', #5765, .T. ) ;
#1807 = DIRECTION ( 'NONE',  ( -0.000000000000000000, 0.9999972926284180774, 0.002326958494241732241 ) ) ;
#1808 = VECTOR ( 'NONE', #4298, 1000.000000000000000 ) ;
#1809 = CARTESIAN_POINT ( 'NONE',  ( 305.9999999999999432, 31.73719449731106934, -94.79509048763074475 ) ) ;
#1810 = CARTESIAN_POINT ( 'NONE',  ( 301.0000000000000000, 40.06633134577442235, -101.2109154895502883 ) ) ;
#1811 = CARTESIAN_POINT ( 'NONE',  ( 72.22621366891692674, 37.70333174608431648, 167.6014420164104592 ) ) ;
#1812 = CARTESIAN_POINT ( 'NONE',  ( 306.0000000000000000, 20.21387978689617881, -76.25596632615365422 ) ) ;
#1813 = FACE_OUTER_BOUND ( 'NONE', #4581, .T. ) ;
#1814 = CARTESIAN_POINT ( 'NONE',  ( 301.0000000000000000, 50.63054645356283601, -132.9682059094869828 ) ) ;
#1815 = ADVANCED_FACE ( 'NONE', ( #508 ), #1072, .T. ) ;
#1816 = AXIS2_PLACEMENT_3D ( 'NONE', #1986, #6454, #4567 ) ;
#1817 = AXIS2_PLACEMENT_3D ( 'NONE', #482, #1050, #1087 ) ;
#1818 = ORIENTED_EDGE ( 'NONE', *, *, #6607, .F. ) ;
#1819 = FACE_BOUND ( 'NONE', #6419, .T. ) ;
#1820 = EDGE_CURVE ( 'NONE', #8339, #7317, #7420, .T. ) ;
#1821 = B_SPLINE_CURVE_WITH_KNOTS ( 'NONE', 3,
 ( #8136, #5640, #3592, #1160, #3069, #8219, #8097, #1799, #6269, #5482, #3672, #5016, #2273, #2435, #7584, #4379, #7542, #4219, #6864 ),
 .UNSPECIFIED., .F., .F.,
 ( 4, 1, 1, 1, 1, 1, 1, 1, 1, 1, 1, 1, 1, 1, 1, 1, 4 ),
 ( 0.000000000000000000, 0.04815454264842897181, 0.09417229453311828924, 0.1388572744033595152, 0.1833007576101428615, 0.2294244443116113530, 0.2772870437703829904, 0.3286287119873013696, 0.3838911525703535554, 0.4434435809890852620, 0.5077020242864302979, 0.5766247833844129200, 0.6502359161600441695, 0.7294148677619851640, 0.8142948365452324921, 0.9044344238753029286, 1.000000000000000000 ),
 .UNSPECIFIED. ) ;
#1822 = CARTESIAN_POINT ( 'NONE',  ( 26.56693898027186762, 36.01278109950708028, 165.9108913698332515 ) ) ;
#1823 = ORIENTED_EDGE ( 'NONE', *, *, #3281, .T. ) ;
#1824 = VECTOR ( 'NONE', #6193, 1000.000000000000000 ) ;
#1825 = CARTESIAN_POINT ( 'NONE',  ( 305.9999999999996021, 47.72894400902830370, -98.30077894106136682 ) ) ;
#1826 = CARTESIAN_POINT ( 'NONE',  ( -8.276632978548770225, 49.53754540863967293, 179.4356556789658441 ) ) ;
#1827 = EDGE_CURVE ( 'NONE', #2826, #2150, #3588, .T. ) ;
#1828 = ADVANCED_FACE ( 'NONE', ( #1721 ), #5568, .T. ) ;
#1829 = ORIENTED_EDGE ( 'NONE', *, *, #6621, .T. ) ;
#1830 = CARTESIAN_POINT ( 'NONE',  ( 335.9999999999999432, -74.72648989080823867, -274.3250455023379573 ) ) ;
#1831 = VECTOR ( 'NONE', #2825, 1000.000000000000000 ) ;
#1832 = VERTEX_POINT ( 'NONE', #6394 ) ;
#1833 = CARTESIAN_POINT ( 'NONE',  ( -34.42481149133537599, 49.28222745735135391, 179.1803377276775109 ) ) ;
#1834 = ORIENTED_EDGE ( 'NONE', *, *, #5170, .F. ) ;
#1835 = PLANE ( 'NONE',  #5332 ) ;
#1836 = PLANE ( 'NONE',  #3434 ) ;
#1837 = B_SPLINE_CURVE_WITH_KNOTS ( 'NONE', 3,
 ( #1896, #3761, #3290, #563, #1940, #1984, #7136, #8359, #4478, #6960, #5738 ),
 .UNSPECIFIED., .F., .F.,
 ( 4, 1, 1, 1, 1, 1, 1, 1, 4 ),
 ( 0.000000000000000000, 0.1152746239717314519, 0.2270456908734991841, 0.3378818532483655601, 0.4524118533159216526, 0.5733138552247778463, 0.7033502583690108834, 0.8455014334111641272, 1.000000000000000000 ),
 .UNSPECIFIED. ) ;
#1838 = CARTESIAN_POINT ( 'NONE',  ( 300.9999999999999432, 28.93509050802865801, -111.1447159529536890 ) ) ;
#1839 = FACE_OUTER_BOUND ( 'NONE', #5949, .T. ) ;
#1840 = CARTESIAN_POINT ( 'NONE',  ( -35.35236046893152206, 35.22374152528886526, 165.1218517956150151 ) ) ;
#1841 = CARTESIAN_POINT ( 'NONE',  ( 335.9999999999999432, 47.27351010919175422, -274.3250455023379573 ) ) ;
#1842 = VERTEX_POINT ( 'NONE', #3 ) ;
#1843 = CARTESIAN_POINT ( 'NONE',  ( 306.0000000000002274, 46.03426950889508618, -106.5477420520446401 ) ) ;
#1844 = ORIENTED_EDGE ( 'NONE', *, *, #7819, .T. ) ;
#1845 = CARTESIAN_POINT ( 'NONE',  ( -65.41171415986100612, 50.37165853917852587, 180.2697688095047113 ) ) ;
#1846 = FACE_OUTER_BOUND ( 'NONE', #8036, .T. ) ;
#1847 = CARTESIAN_POINT ( 'NONE',  ( 79.83038033558359814, 31.27676230248784606, 161.1748725728139391 ) ) ;
#1848 = CARTESIAN_POINT ( 'NONE',  ( 305.9999999999999432, 32.98310816004312329, -100.9583666114871505 ) ) ;
#1849 = CARTESIAN_POINT ( 'NONE',  ( -53.06804686328089105, 43.04697039548760529, 180.0161484776792520 ) ) ;
#1850 = ORIENTED_EDGE ( 'NONE', *, *, #1682, .F. ) ;
#1851 = DIRECTION ( 'NONE',  ( -1.000000000000000000, 0.000000000000000000, 0.000000000000000000 ) ) ;
#1852 = DIRECTION ( 'NONE',  ( 0.000000000000000000, 0.7071067811875234588, 0.7071067811855714647 ) ) ;
#1853 = CARTESIAN_POINT ( 'NONE',  ( -30.57745796624695345, 49.08636325913747100, 178.9844735294636564 ) ) ;
#1854 = DIRECTION ( 'NONE',  ( -0.000000000000000000, -0.7071067811865489050, 0.7071067811865460184 ) ) ;
#1855 = ADVANCED_FACE ( 'NONE', ( #5723 ), #1332, .T. ) ;
#1856 = CARTESIAN_POINT ( 'NONE',  ( -51.54605328391982511, 39.40384197595479066, 176.3730200581462668 ) ) ;
#1857 = DIRECTION ( 'NONE',  ( 0.000000000000000000, 0.000000000000000000, -1.000000000000000000 ) ) ;
#1858 = CARTESIAN_POINT ( 'NONE',  ( 306.0000000000000000, 24.81425745640766678, -105.7634997772233874 ) ) ;
#1859 = PLANE ( 'NONE',  #8164 ) ;
#1860 = CARTESIAN_POINT ( 'NONE',  ( 7.334247302550203962, 35.70994651923711416, 172.6791246014287253 ) ) ;
#1861 = EDGE_LOOP ( 'NONE', ( #3952, #5140, #4324, #4421 ) ) ;
#1862 = CARTESIAN_POINT ( 'NONE',  ( -17.56193275722565872, 31.00188980375353864, 167.9710678859451036 ) ) ;
#1863 = CARTESIAN_POINT ( 'NONE',  ( 25.58738576336430270, 33.85358918984142917, 163.7516994601675719 ) ) ;
#1864 = ORIENTED_EDGE ( 'NONE', *, *, #7821, .T. ) ;
#1865 = LINE ( 'NONE', #2627, #7688 ) ;
#1866 = CARTESIAN_POINT ( 'NONE',  ( 0.2539500686132619145, 50.22078084989968971, 180.1188911202258396 ) ) ;
#1867 = CARTESIAN_POINT ( 'NONE',  ( 301.0000000000001137, 46.02743965370814294, -105.6254244044818194 ) ) ;
#1868 = ORIENTED_EDGE ( 'NONE', *, *, #814, .T. ) ;
#1869 = CARTESIAN_POINT ( 'NONE',  ( 335.9999999999999432, 48.23670732222217339, 115.6222004174907170 ) ) ;
#1870 = EDGE_LOOP ( 'NONE', ( #4484, #1906, #4259, #8141 ) ) ;
#1871 = CARTESIAN_POINT ( 'NONE',  ( -35.35947838815312139, 48.78605336650772983, 178.6841636368339152 ) ) ;
#1872 = ORIENTED_EDGE ( 'NONE', *, *, #5141, .T. ) ;
#1874 = EDGE_CURVE ( 'NONE', #4747, #1740, #5071, .T. ) ;
#1873 = DIRECTION ( 'NONE',  ( 1.000000000000000000, -0.000000000000000000, -0.000000000000000000 ) ) ;
#1875 = B_SPLINE_CURVE_WITH_KNOTS ( 'NONE', 3,
 ( #5072, #4437, #569, #6457, #3207, #3896, #18, #7774, #2149, #4773, #6542, #145, #5281, #792, #5241, #103, #4734, #2746, #2195 ),
 .UNSPECIFIED., .F., .F.,
 ( 4, 1, 1, 1, 1, 1, 1, 1, 1, 1, 1, 1, 1, 1, 1, 1, 4 ),
 ( 0.000000000000000000, 0.06456981118984446433, 0.1249575490227499003, 0.1811710950599046133, 0.2327990004205634234, 0.2802779751616187309, 0.3238261300799257780, 0.3630622670656598050, 0.3980429324201891217, 0.4646837196989743735, 0.5332761574566635687, 0.6049180867211159107, 0.6807167962821275564, 0.7585709668064635203, 0.8367172537828067025, 0.9167099387419275214, 1.000000000000000000 ),
 .UNSPECIFIED. ) ;
#1876 = AXIS2_PLACEMENT_3D ( 'NONE', #6802, #8115, #6968 ) ;
#1877 = PLANE ( 'NONE',  #2485 ) ;
#1878 = CARTESIAN_POINT ( 'NONE',  ( 301.0000000000000000, 26.77706205187656963, -110.3815596571485429 ) ) ;
#1879 = LINE ( 'NONE', #6222, #8308 ) ;
#1880 = LINE ( 'NONE', #3875, #7366 ) ;
#1881 = VECTOR ( 'NONE', #3971, 1000.000000000000000 ) ;
#1882 = LINE ( 'NONE', #1841, #514 ) ;
#1883 = VERTEX_POINT ( 'NONE', #596 ) ;
#1884 = CARTESIAN_POINT ( 'NONE',  ( 306.0000000000002274, 46.04721312022950741, -106.2689871594869828 ) ) ;
#1885 = ORIENTED_EDGE ( 'NONE', *, *, #7659, .T. ) ;
#1886 = CARTESIAN_POINT ( 'NONE',  ( -63.63664174525955275, 51.72379818326228218, 181.6219084535885031 ) ) ;
#1887 = CARTESIAN_POINT ( 'NONE',  ( -28.64630664111141556, 49.07940527716088042, 186.0485833593524774 ) ) ;
#1888 = CARTESIAN_POINT ( 'NONE',  ( -63.05340428298052302, 28.33294227285206901, 165.3021203550436269 ) ) ;
#1889 = CARTESIAN_POINT ( 'NONE',  ( 305.9999999999998863, 29.85510415497534353, -101.4100907320028568 ) ) ;
#1890 = VECTOR ( 'NONE', #994, 1000.000000000000000 ) ;
#1891 = CARTESIAN_POINT ( 'NONE',  ( -53.31326296111904384, 47.10412025151015314, 177.0022305218363385 ) ) ;
#1892 = ORIENTED_EDGE ( 'NONE', *, *, #6396, .T. ) ;
#1893 = CARTESIAN_POINT ( 'NONE',  ( -24.40374506009727895, 33.88936676432022921, 163.7874770346462867 ) ) ;
#1894 = DIRECTION ( 'NONE',  ( -1.000000000000000000, 0.000000000000000000, -0.000000000000000000 ) ) ;
#1895 = CARTESIAN_POINT ( 'NONE',  ( -31.79940479570005607, 49.47695128208022197, 179.3750615524064074 ) ) ;
#1896 = CARTESIAN_POINT ( 'NONE',  ( 306.0000000000000000, 23.54721312022951096, -112.8965913261536542 ) ) ;
#1897 = LINE ( 'NONE', #2660, #2493 ) ;
#1898 = CARTESIAN_POINT ( 'NONE',  ( -28.60237039289240712, 43.34867575940715057, 180.3178538415987759 ) ) ;
#1899 = CARTESIAN_POINT ( 'NONE',  ( 14.16359797696619616, 31.14296866769990757, 161.0410789380260042 ) ) ;
#1900 = CARTESIAN_POINT ( 'NONE',  ( -53.50264510066990198, 38.30908956357652784, 168.2071998339026493 ) ) ;
#1901 = LINE ( 'NONE', #1814, #196 ) ;
#1902 = ORIENTED_EDGE ( 'NONE', *, *, #789, .F. ) ;
#1903 = EDGE_CURVE ( 'NONE', #2570, #1232, #3190, .T. ) ;
#1904 = CARTESIAN_POINT ( 'NONE',  ( -19.72885507944525685, 37.21211437908257125, 174.1812924612741540 ) ) ;
#1905 = CARTESIAN_POINT ( 'NONE',  ( 26.11717006389405071, 34.64563363178436362, 164.5437439021105206 ) ) ;
#1906 = ORIENTED_EDGE ( 'NONE', *, *, #4925, .F. ) ;
#1907 = DIRECTION ( 'NONE',  ( 0.000000000000000000, 0.000000000000000000, -1.000000000000000000 ) ) ;
#1908 = CARTESIAN_POINT ( 'NONE',  ( 24.82584382103918230, 29.59379682057926075, 166.5629749027708044 ) ) ;
#1909 = AXIS2_PLACEMENT_3D ( 'NONE', #7215, #7849, #1894 ) ;
#1910 = CARTESIAN_POINT ( 'NONE',  ( -6.526382544488663839, 45.74444166628503439, 182.7136197484767308 ) ) ;
#1911 = EDGE_LOOP ( 'NONE', ( #156, #736, #2462, #5927 ) ) ;
#1912 = CARTESIAN_POINT ( 'NONE',  ( -5.968531933126436151, 31.46147477062012499, 168.4306528528117326 ) ) ;
#1913 = EDGE_CURVE ( 'NONE', #1447, #1691, #4553, .T. ) ;
#1914 = VERTEX_POINT ( 'NONE', #6506 ) ;
#1915 = CARTESIAN_POINT ( 'NONE',  ( -9.763009438932160222, 27.47355309239287990, 164.4427311745843667 ) ) ;
#1916 = VERTEX_POINT ( 'NONE', #2035 ) ;
#1917 = CARTESIAN_POINT ( 'NONE',  ( 306.0000000000000000, 20.29165788111691526, -109.3775586147784509 ) ) ;
#1918 = CARTESIAN_POINT ( 'NONE',  ( 301.0000000000000000, 0.000000000000000000, 0.000000000000000000 ) ) ;
#1919 = DIRECTION ( 'NONE',  ( -0.000000000000000000, 1.000000000000000000, -0.000000000000000000 ) ) ;
#1920 = CARTESIAN_POINT ( 'NONE',  ( 26.91393940786788619, 36.01225653753398603, 172.9814346197254906 ) ) ;
#1921 = CARTESIAN_POINT ( 'NONE',  ( 7.944992309994751700, 31.43408203834638925, 168.4032601205380502 ) ) ;
#1922 = EDGE_CURVE ( 'NONE', #3832, #3823, #4533, .T. ) ;
#1923 = ADVANCED_FACE ( 'NONE', ( #7059 ), #1663, .T. ) ;
#1924 = CARTESIAN_POINT ( 'NONE',  ( -58.00072254447559317, 41.42113083415365082, 178.3903089163451625 ) ) ;
#1925 = ORIENTED_EDGE ( 'NONE', *, *, #6852, .F. ) ;
#1926 = EDGE_CURVE ( 'NONE', #7077, #6360, #6375, .T. ) ;
#1927 = CARTESIAN_POINT ( 'NONE',  ( 300.9999999999999432, 46.00900131778217172, -107.0919203124098829 ) ) ;
#1928 = EDGE_LOOP ( 'NONE', ( #6069, #1034, #2655, #3015 ) ) ;
#1929 = CARTESIAN_POINT ( 'NONE',  ( -64.89645663587569402, 50.85797819220522342, 180.7560884625313520 ) ) ;
#1930 = CARTESIAN_POINT ( 'NONE',  ( -59.61056102914624688, 27.53935747744001006, 164.5085355596315537 ) ) ;
#1931 = CARTESIAN_POINT ( 'NONE',  ( 301.0000000000000000, 35.45476520356284311, -100.8848725761536542 ) ) ;
#1932 = DIRECTION ( 'NONE',  ( 0.000000000000000000, 0.000000000000000000, -1.000000000000000000 ) ) ;
#1933 = EDGE_CURVE ( 'NONE', #4411, #8121, #1865, .T. ) ;
#1934 = ADVANCED_FACE ( 'NONE', ( #575 ), #7779, .F. ) ;
#1935 = ORIENTED_EDGE ( 'NONE', *, *, #4357, .T. ) ;
#1936 = B_SPLINE_SURFACE_WITH_KNOTS ( 'NONE', 3, 1, ( 
 ( #6513, #7785 ),
 ( #4665, #32 ),
 ( #721, #5926 ),
 ( #2676, #5296 ),
 ( #3312, #5254 ),
 ( #2043, #804 ),
 ( #4625, #2757 ),
 ( #7869, #1451 ),
 ( #3393, #5969 ),
 ( #1660, #3649 ),
 ( #6763, #3609 ),
 ( #2923, #5454 ),
 ( #4277, #202 ),
 ( #2798, #6047 ),
 ( #8116, #2839 ),
 ( #2163, #2332 ),
 ( #5373, #3521 ),
 ( #4912, #2207 ),
 ( #6171, #365 ) ),
 .UNSPECIFIED., .F., .F., .F.,
 ( 4, 1, 1, 1, 1, 1, 1, 1, 1, 1, 1, 1, 1, 1, 1, 1, 4 ),
 ( 2, 2 ),
 ( 0.000000000000000000, 0.06812089312652862272, 0.1331908543498808717, 0.1955085023030488922, 0.2555649612386194369, 0.3142563223250462445, 0.3715180547255279575, 0.4283038572463937488, 0.4853538411438333977, 0.5426027625966951540, 0.6008944048818603001, 0.6607796317750130877, 0.7227668363154967635, 0.7875005748253174342, 0.8547736311983911150, 0.9257396556727023329, 0.9999999999999998890 ),
 ( 0.000000000000000000, 1.000000000000000000 ),
 .UNSPECIFIED. ) ;
#1937 = DIRECTION ( 'NONE',  ( 0.000000000000000000, 0.9664337826578214274, -0.2569158300644294735 ) ) ;
#1938 = DIRECTION ( 'NONE',  ( 1.000000000000000000, -0.000000000000000000, -0.000000000000000000 ) ) ;
#1939 = CARTESIAN_POINT ( 'NONE',  ( -28.06735499956951685, 38.74966609593818845, 168.6477763662643099 ) ) ;
#1940 = CARTESIAN_POINT ( 'NONE',  ( 306.0000000000000568, 21.23144241009866917, -111.1818621196448191 ) ) ;
#1941 = B_SPLINE_CURVE_WITH_KNOTS ( 'NONE', 3,
 ( #2672, #6552, #4072, #6044, #7354, #7824, #717, #1574, #841, #7908, #2037 ),
 .UNSPECIFIED., .F., .F.,
 ( 4, 1, 1, 1, 1, 1, 1, 1, 4 ),
 ( 0.000000000000000000, 0.1561119339601439171, 0.2940733802529260643, 0.4201949345776979095, 0.5391157434192033193, 0.6541990201202758648, 0.7665110248274041860, 0.8806780188228205963, 1.000000000000000000 ),
 .UNSPECIFIED. ) ;
#1942 = CARTESIAN_POINT ( 'NONE',  ( -46.83628633108306616, 34.03429460672448670, 171.0034726889159629 ) ) ;
#1943 = CARTESIAN_POINT ( 'NONE',  ( 306.0000000000000000, 26.77706205187656963, -110.3815596571485429 ) ) ;
#1944 = DIRECTION ( 'NONE',  ( 0.000000000000000000, 0.000000000000000000, -1.000000000000000000 ) ) ;
#1945 = DIRECTION ( 'NONE',  ( 1.000000000000000000, -0.000000000000000000, 0.000000000000000000 ) ) ;
#1946 = LINE ( 'NONE', #3126, #879 ) ;
#1947 = EDGE_LOOP ( 'NONE', ( #2472, #1649, #2249, #3750 ) ) ;
#1948 = VECTOR ( 'NONE', #6043, 1000.000000000000000 ) ;
#1949 = CARTESIAN_POINT ( 'NONE',  ( -13.29789698191521907, 28.13454166485205121, 165.1037197470435842 ) ) ;
#1950 = CARTESIAN_POINT ( 'NONE',  ( -306.0000000000000000, -73.86697205968059166, 61.32442331500944732 ) ) ;
#1951 = CARTESIAN_POINT ( 'NONE',  ( -12.85881625740820766, 37.58022034624423924, 167.4783306165703607 ) ) ;
#1952 = ORIENTED_EDGE ( 'NONE', *, *, #6049, .T. ) ;
#1953 = CARTESIAN_POINT ( 'NONE',  ( 306.0000000000000568, 50.91427766675433020, -108.6518226853865201 ) ) ;
#1954 = LINE ( 'NONE', #1612, #8159 ) ;
#1955 = CARTESIAN_POINT ( 'NONE',  ( 306.0000000000000000, 44.01489729884281132, -102.5684159543082643 ) ) ;
#1956 = AXIS2_PLACEMENT_3D ( 'NONE', #3632, #8264, #2477 ) ;
#1957 = VERTEX_POINT ( 'NONE', #3173 ) ;
#1958 = PLANE ( 'NONE',  #7837 ) ;
#1959 = ORIENTED_EDGE ( 'NONE', *, *, #2179, .F. ) ;
#1960 = CARTESIAN_POINT ( 'NONE',  ( -37.37775580624064276, 45.14416195260368170, 175.0422722229298529 ) ) ;
#1961 = EDGE_LOOP ( 'NONE', ( #842, #5264, #2756, #4507 ) ) ;
#1962 = VECTOR ( 'NONE', #2086, 1000.000000000000000 ) ;
#1963 = ORIENTED_EDGE ( 'NONE', *, *, #4095, .T. ) ;
#1964 = CARTESIAN_POINT ( 'NONE',  ( 2.779729254610590061, 42.13169435936569585, 179.1008724415572146 ) ) ;
#1965 = DIRECTION ( 'NONE',  ( 0.000000000000000000, 0.9664337826578214274, -0.2569158300644295290 ) ) ;
#1966 = CARTESIAN_POINT ( 'NONE',  ( 301.0000000000000568, 26.35729035811510812, -110.0963443200974865 ) ) ;
#1967 = CARTESIAN_POINT ( 'NONE',  ( 301.0000000000000000, 50.63054645356283601, -179.2182059094870112 ) ) ;
#1968 = AXIS2_PLACEMENT_3D ( 'NONE', #7619, #5007, #6346 ) ;
#1969 = CARTESIAN_POINT ( 'NONE',  ( -58.07786737243042552, 40.30387414421866055, 170.2019844145447678 ) ) ;
#1970 = CARTESIAN_POINT ( 'NONE',  ( -56.14029929039426037, 44.36387388490142314, 174.2619841552275943 ) ) ;
#1971 = ORIENTED_EDGE ( 'NONE', *, *, #6164, .F. ) ;
#1972 = CARTESIAN_POINT ( 'NONE',  ( -1.349264395210885814, 29.03941220823346825, 166.0085902904250474 ) ) ;
#1973 = VERTEX_POINT ( 'NONE', #758 ) ;
#1974 = AXIS2_PLACEMENT_3D ( 'NONE', #4089, #3928, #5944 ) ;
#1975 = EDGE_CURVE ( 'NONE', #8218, #6545, #623, .T. ) ;
#1976 = CARTESIAN_POINT ( 'NONE',  ( -62.15041024204666087, 48.85851000508712616, 185.8276880872786876 ) ) ;
#1977 = CARTESIAN_POINT ( 'NONE',  ( -335.9999999999999432, -73.86697205968059166, 61.32442331500944732 ) ) ;
#1978 = DIRECTION ( 'NONE',  ( -1.000000000000000000, 0.000000000000000000, 0.000000000000000000 ) ) ;
#1979 = CARTESIAN_POINT ( 'NONE',  ( 306.0000000000000000, 35.02507770356284311, -94.63487257615366843 ) ) ;
#1980 = ORIENTED_EDGE ( 'NONE', *, *, #1975, .T. ) ;
#1981 = CARTESIAN_POINT ( 'NONE',  ( -25.60481210538235786, 29.30086823849941879, 166.2700463206909944 ) ) ;
#1982 = LINE ( 'NONE', #1431, #2985 ) ;
#1983 = DIRECTION ( 'NONE',  ( -0.000000000000000000, 1.000000000000000000, -0.000000000000000000 ) ) ;
#1984 = CARTESIAN_POINT ( 'NONE',  ( 306.0000000000000000, 20.70250618045085034, -110.3404218051051515 ) ) ;
#1985 = LINE ( 'NONE', #1302, #2502 ) ;
#1986 = CARTESIAN_POINT ( 'NONE',  ( 301.0000000000000000, 50.63054645356283601, -170.0515392428203256 ) ) ;
#1987 = EDGE_CURVE ( 'NONE', #4999, #3774, #4488, .T. ) ;
#1988 = DIRECTION ( 'NONE',  ( 0.000000000000000000, -1.000000000000000000, -0.000000000000000000 ) ) ;
#1989 = CARTESIAN_POINT ( 'NONE',  ( 111.4970470022502411, 31.27676230248784606, 161.1748725728139391 ) ) ;
#1990 = CARTESIAN_POINT ( 'NONE',  ( 7.750026413353743315, 32.01992324866510842, 168.9891013308567267 ) ) ;
#1991 = ORIENTED_EDGE ( 'NONE', *, *, #6696, .F. ) ;
#1992 = DIRECTION ( 'NONE',  ( 1.000000000000000000, -0.000000000000000000, -0.000000000000000000 ) ) ;
#1993 = CARTESIAN_POINT ( 'NONE',  ( 306.0000000000000000, -52.40044383621697932, 79.70254495192533284 ) ) ;
#1994 = CARTESIAN_POINT ( 'NONE',  ( -52.51100249848653334, 48.76833907021886461, 185.7375171524105610 ) ) ;
#1995 = CARTESIAN_POINT ( 'NONE',  ( 301.0000000000000000, 41.47690062022950741, -117.1348725761536542 ) ) ;
#1996 = CARTESIAN_POINT ( 'NONE',  ( 305.9999999999998863, 0.000000000000000000, 0.000000000000000000 ) ) ;
#1997 = ADVANCED_FACE ( 'NONE', ( #4148, #4740 ), #920, .T. ) ;
#1998 = DIRECTION ( 'NONE',  ( 0.000000000000000000, 0.000000000000000000, 1.000000000000000000 ) ) ;
#1999 = EDGE_LOOP ( 'NONE', ( #2164, #1834, #7494, #5453 ) ) ;
#2000 = CARTESIAN_POINT ( 'NONE',  ( -47.51835871192189842, 31.54689525306016762, 168.5160733352517468 ) ) ;
#2001 = ORIENTED_EDGE ( 'NONE', *, *, #6090, .F. ) ;
#2002 = CARTESIAN_POINT ( 'NONE',  ( -37.20219607701095299, 45.84495588015287382, 175.7430661504790237 ) ) ;
#2003 = VERTEX_POINT ( 'NONE', #2872 ) ;
#2004 = CARTESIAN_POINT ( 'NONE',  ( -37.66961966441640186, 41.75446434663224693, 171.6525746169583613 ) ) ;
#2005 = CARTESIAN_POINT ( 'NONE',  ( -57.82497463290651751, 49.53619861013434900, 179.4343088804604918 ) ) ;
#2006 = CARTESIAN_POINT ( 'NONE',  ( 13.58038033558359103, 52.78459356357862475, 182.6827038339048102 ) ) ;
#2007 = CARTESIAN_POINT ( 'NONE',  ( -16.13340770089867249, 50.91716239486866158, 180.8152726651948115 ) ) ;
#2008 = CARTESIAN_POINT ( 'NONE',  ( -3.766946916088933506, 37.54847665362078146, 167.4465869239468532 ) ) ;
#2009 = EDGE_CURVE ( 'NONE', #805, #1534, #2751, .T. ) ;
#2010 = DIRECTION ( 'NONE',  ( -1.000000000000000000, 0.000000000000000000, 0.000000000000000000 ) ) ;
#2011 = ORIENTED_EDGE ( 'NONE', *, *, #1913, .F. ) ;
#2012 = EDGE_LOOP ( 'NONE', ( #1743, #2291, #4832, #3573 ) ) ;
#2013 = CARTESIAN_POINT ( 'NONE',  ( -31.57283013024404639, 49.52362074649499135, 186.4927988286866594 ) ) ;
#2014 = CARTESIAN_POINT ( 'NONE',  ( -66.69052896369117889, 31.05138473170982394, 168.0205628139013641 ) ) ;
#2015 = CARTESIAN_POINT ( 'NONE',  ( -57.47241651007656316, 34.51969773879244485, 164.4178080091185734 ) ) ;
#2016 = CARTESIAN_POINT ( 'NONE',  ( -5.965395482392019666, 49.06208942945816176, 178.9601996997842832 ) ) ;
#2017 = ORIENTED_EDGE ( 'NONE', *, *, #7043, .F. ) ;
#2018 = ADVANCED_FACE ( 'NONE', ( #5964 ), #2335, .T. ) ;
#2019 = LINE ( 'NONE', #4603, #6194 ) ;
#2020 = CARTESIAN_POINT ( 'NONE',  ( 21.08038033558359814, 36.15193210246538058, 173.1211101846569704 ) ) ;
#2021 = CARTESIAN_POINT ( 'NONE',  ( -32.25865927052353044, 49.53373100627897685, 179.4318412766051267 ) ) ;
#2022 = CARTESIAN_POINT ( 'NONE',  ( -54.13443616552465443, 35.25567364697302253, 165.1537839172991085 ) ) ;
#2023 = VECTOR ( 'NONE', #1063, 1000.000000000000227 ) ;
#2024 = LINE ( 'NONE', #4566, #170 ) ;
#2025 = CARTESIAN_POINT ( 'NONE',  ( 20.94016574310475676, 33.58742581594372467, 170.5566038981354779 ) ) ;
#2026 = CARTESIAN_POINT ( 'NONE',  ( -68.08628633108305905, 37.38108256194982459, 167.2791928322759247 ) ) ;
#2027 = CARTESIAN_POINT ( 'NONE',  ( -28.03420299774973046, 41.29410836929726258, 178.2632864514888524 ) ) ;
#2028 = CARTESIAN_POINT ( 'NONE',  ( 305.9999999999999432, 45.39477905882571207, -103.9025359331846943 ) ) ;
#2029 = ORIENTED_EDGE ( 'NONE', *, *, #6979, .F. ) ;
#2030 = VECTOR ( 'NONE', #4055, 1000.000000000000000 ) ;
#2031 = CARTESIAN_POINT ( 'NONE',  ( -11.02378355619045713, 27.60280033372796282, 164.5719784159195740 ) ) ;
#2032 = EDGE_CURVE ( 'NONE', #6010, #8123, #3457, .T. ) ;
#2033 = DIRECTION ( 'NONE',  ( -0.000000000000000000, -1.000000000000000000, -0.000000000000000000 ) ) ;
#2034 = CARTESIAN_POINT ( 'NONE',  ( -33.24989004299752082, 27.45433108604866490, 164.4235091682402583 ) ) ;
#2035 = CARTESIAN_POINT ( 'NONE',  ( -55.40399466441639476, 44.16212610809422756, 174.0602363784203988 ) ) ;
#2036 = CARTESIAN_POINT ( 'NONE',  ( 13.58038033558359103, 49.24905965764587989, 186.2182377398375195 ) ) ;
#2037 = CARTESIAN_POINT ( 'NONE',  ( -53.08628633108307326, 37.14630101350898173, 167.0444112838351316 ) ) ;
#2038 = AXIS2_PLACEMENT_3D ( 'NONE', #7640, #1857, #1303 ) ;
#2039 = ORIENTED_EDGE ( 'NONE', *, *, #5954, .F. ) ;
#2040 = DIRECTION ( 'NONE',  ( 0.000000000000000000, 0.7071067811865459074, 0.7071067811865491270 ) ) ;
#2041 = ORIENTED_EDGE ( 'NONE', *, *, #2881, .F. ) ;
#2042 = ADVANCED_FACE ( 'NONE', ( #359 ), #5572, .T. ) ;
#2043 = CARTESIAN_POINT ( 'NONE',  ( -61.43054672469931177, 31.37176115795897857, 161.2698714282850290 ) ) ;
#2044 = VERTEX_POINT ( 'NONE', #481 ) ;
#2045 = AXIS2_PLACEMENT_3D ( 'NONE', #6450, #4562, #1298 ) ;
#2046 = CARTESIAN_POINT ( 'NONE',  ( -4.550124139531575018, 52.69873695657607016, 182.5968472269022413 ) ) ;
#2047 = PLANE ( 'NONE',  #1422 ) ;
#2048 = DIRECTION ( 'NONE',  ( 0.000000000000000000, -1.000000000000000000, 0.000000000000000000 ) ) ;
#2049 = CARTESIAN_POINT ( 'NONE',  ( 20.49070857690576020, 27.73766136469965460, 164.7068394468911379 ) ) ;
#2050 = CARTESIAN_POINT ( 'NONE',  ( 301.0000000000000000, 32.29721312022951452, -79.07497674282032563 ) ) ;
#2051 = CARTESIAN_POINT ( 'NONE',  ( -306.0000000000000000, 0.000000000000000000, 206.9691780821917462 ) ) ;
#2052 = VERTEX_POINT ( 'NONE', #8147 ) ;
#2053 = ORIENTED_EDGE ( 'NONE', *, *, #4780, .F. ) ;
#2054 = CARTESIAN_POINT ( 'NONE',  ( -4.020146729540541308, 36.98217473111310483, 166.8802850014393186 ) ) ;
#2055 = EDGE_CURVE ( 'NONE', #937, #4505, #4228, .T. ) ;
#2056 = CARTESIAN_POINT ( 'NONE',  ( -60.58628633108306616, 47.26952895510542163, 177.1676392254315715 ) ) ;
#2057 = CARTESIAN_POINT ( 'NONE',  ( 301.0000000000000000, 25.21387978689617526, -149.2182059094869828 ) ) ;
#2058 = LINE ( 'NONE', #6571, #6955 ) ;
#2059 = VERTEX_POINT ( 'NONE', #8232 ) ;
#2060 = CARTESIAN_POINT ( 'NONE',  ( 13.61524490170222812, 34.63250462979013378, 171.6016827119817378 ) ) ;
#2061 = DIRECTION ( 'NONE',  ( -0.000000000000000000, 2.569960705150825398E-16, 1.000000000000000000 ) ) ;
#2062 = CARTESIAN_POINT ( 'NONE',  ( -66.21844306627275500, 44.56485087099079578, 174.4629611413168675 ) ) ;
#2063 = CARTESIAN_POINT ( 'NONE',  ( -36.12583532892202953, 35.90814475620227597, 165.8062550265283619 ) ) ;
#2064 = CARTESIAN_POINT ( 'NONE',  ( -46.83628633108307326, 37.56982851265718182, 167.4679387829833388 ) ) ;
#2065 = CARTESIAN_POINT ( 'NONE',  ( 17.87790947628569072, 34.53059938670325124, 164.4287096570292874 ) ) ;
#2066 = EDGE_CURVE ( 'NONE', #3678, #4961, #6238, .T. ) ;
#2067 = CARTESIAN_POINT ( 'NONE',  ( 9.437697006275612921, 32.92701046131047349, 162.8251207316366163 ) ) ;
#2068 = CARTESIAN_POINT ( 'NONE',  ( 41.49704700225026244, 27.74122839655510120, 164.7104064787466484 ) ) ;
#2069 = CARTESIAN_POINT ( 'NONE',  ( 306.0000000000000000, 45.03158812022950741, -81.71820590948696861 ) ) ;
#2070 = ORIENTED_EDGE ( 'NONE', *, *, #7996, .F. ) ;
#2071 = CARTESIAN_POINT ( 'NONE',  ( 14.56860009912891130, 35.26846720264012447, 165.1665774729661393 ) ) ;
#2072 = DIRECTION ( 'NONE',  ( 0.9354079415974281275, 0.2500119825093010117, 0.2500119825093020109 ) ) ;
#2073 = CARTESIAN_POINT ( 'NONE',  ( -41.20415361528951337, 30.44971359105769437, 167.4188916732492771 ) ) ;
#2074 = CARTESIAN_POINT ( 'NONE',  ( 15.94983471963793242, 31.08717188852607904, 168.0563499707176618 ) ) ;
#2075 = CARTESIAN_POINT ( 'NONE',  ( 25.87998662737550148, 30.70593758005409413, 167.6751156622455881 ) ) ;
#2076 = CARTESIAN_POINT ( 'NONE',  ( -11.23294268262909412, 45.25167131047876978, 182.2208493926705444 ) ) ;
#2077 = EDGE_CURVE ( 'NONE', #2379, #6381, #4271, .T. ) ;
#2078 = EDGE_CURVE ( 'NONE', #2391, #3269, #6914, .T. ) ;
#2079 = VERTEX_POINT ( 'NONE', #6838 ) ;
#2080 = CARTESIAN_POINT ( 'NONE',  ( -53.02970376264959640, 27.92384588665709799, 164.8930239688485813 ) ) ;
#2081 = ORIENTED_EDGE ( 'NONE', *, *, #1037, .F. ) ;
#2082 = FACE_OUTER_BOUND ( 'NONE', #1365, .T. ) ;
#2083 = ORIENTED_EDGE ( 'NONE', *, *, #5132, .T. ) ;
#2084 = VECTOR ( 'NONE', #5098, 1000.000000000000114 ) ;
#2085 = CARTESIAN_POINT ( 'NONE',  ( -37.60124282573406873, 43.56167406791847441, 173.4597843382446172 ) ) ;
#2086 = DIRECTION ( 'NONE',  ( 0.000000000000000000, -1.000000000000000000, 0.000000000000000000 ) ) ;
#2087 = ADVANCED_FACE ( 'NONE', ( #6124 ), #4088, .T. ) ;
#2088 = CARTESIAN_POINT ( 'NONE',  ( 301.0000000000000000, 20.21387978689617881, -151.7182059094869828 ) ) ;
#2089 = CARTESIAN_POINT ( 'NONE',  ( 17.21987271476669434, 30.98550040191144461, 160.8836106722375519 ) ) ;
#2090 = CARTESIAN_POINT ( 'NONE',  ( -5.968531933126436151, 34.99700867655287340, 164.8951189468789948 ) ) ;
#2091 = AXIS2_PLACEMENT_3D ( 'NONE', #4629, #1412, #121 ) ;
#2092 = AXIS2_PLACEMENT_3D ( 'NONE', #4351, #6915, #6281 ) ;
#2093 = CARTESIAN_POINT ( 'NONE',  ( 306.0000000000000000, 69.99999999999995737, 206.9691780821917462 ) ) ;
#2094 = VERTEX_POINT ( 'NONE', #3934 ) ;
#2095 = EDGE_LOOP ( 'NONE', ( #6842, #4137, #761, #765 ) ) ;
#2096 = CARTESIAN_POINT ( 'NONE',  ( -5.032043624062271014, 32.07446939434021260, 169.0436474765316746 ) ) ;
#2097 = EDGE_CURVE ( 'NONE', #4283, #248, #13, .T. ) ;
#2098 = CARTESIAN_POINT ( 'NONE',  ( -31.31174383813756279, 31.12273162185823949, 168.0919097040497832 ) ) ;
#2099 = CARTESIAN_POINT ( 'NONE',  ( 335.9999999999999432, -53.52771198192617419, -301.2480616263205206 ) ) ;
#2100 = CARTESIAN_POINT ( 'NONE',  ( -3.089936850881729313, 42.31921066540641618, 172.2173209357325447 ) ) ;
#2101 = B_SPLINE_CURVE_WITH_KNOTS ( 'NONE', 3,
 ( #5911, #5829, #7139, #706, #7854, #5955, #2234, #912, #7341, #5438, #223, #6076, #4099, #1560, #6032 ),
 .UNSPECIFIED., .F., .F.,
 ( 4, 1, 1, 1, 1, 1, 1, 1, 1, 1, 1, 1, 4 ),
 ( 0.000000000000000000, 0.08165259647068509596, 0.1638244950237422726, 0.2468420957727785192, 0.3350327490688830290, 0.3846220418720830425, 0.4423087160274381535, 0.5102989676562502686, 0.5875501513288813316, 0.6743333485776320524, 0.7725501577283161447, 0.8810307021354729651, 1.000000000000000000 ),
 .UNSPECIFIED. ) ;
#2102 = CARTESIAN_POINT ( 'NONE',  ( -8.896362274252069824, 30.99128529255678544, 160.8893955628828678 ) ) ;
#2103 = VECTOR ( 'NONE', #2992, 1000.000000000000000 ) ;
#2104 = CARTESIAN_POINT ( 'NONE',  ( 15.42102453176614851, 31.23950201148708317, 168.2086800936786233 ) ) ;
#2105 = PERSON_AND_ORGANIZATION ( #675, #1090 ) ;
#2106 = CARTESIAN_POINT ( 'NONE',  ( -58.07786737243042552, 36.76834023828589437, 173.7375183204775055 ) ) ;
#2107 = EDGE_LOOP ( 'NONE', ( #4945, #7847 ) ) ;
#2108 = DIRECTION ( 'NONE',  ( -0.000000000000000000, -0.7071067811865489050, 0.7071067811865460184 ) ) ;
#2109 = DIRECTION ( 'NONE',  ( 0.000000000000000000, 0.000000000000000000, -1.000000000000000000 ) ) ;
#2110 = CARTESIAN_POINT ( 'NONE',  ( 306.0000000000000000, -74.72648989080823867, -274.3250455023379573 ) ) ;
#2111 = LINE ( 'NONE', #3421, #8016 ) ;
#2112 = CARTESIAN_POINT ( 'NONE',  ( -30.95862875408157322, 49.25516068543675630, 179.1532709557629346 ) ) ;
#2113 = CARTESIAN_POINT ( 'NONE',  ( 305.9999999999998863, 44.55774588762201205, -102.9704865558559987 ) ) ;
#2114 = VERTEX_POINT ( 'NONE', #8319 ) ;
#2115 = CARTESIAN_POINT ( 'NONE',  ( 306.0000000000000000, 31.04721312022951096, -111.3015392428203256 ) ) ;
#2116 = EDGE_CURVE ( 'NONE', #5251, #494, #6452, .T. ) ;
#2117 = LINE ( 'NONE', #4574, #4883 ) ;
#2118 = CARTESIAN_POINT ( 'NONE',  ( 301.0000000000000000, 24.80255773061290370, -106.6229084715915150 ) ) ;
#2119 = CARTESIAN_POINT ( 'NONE',  ( 14.96162213912369410, 34.99185461384091411, 164.8899648841670853 ) ) ;
#2120 = CARTESIAN_POINT ( 'NONE',  ( -13.29789698191521907, 31.67007557078479252, 161.5681858411108465 ) ) ;
#2121 = CARTESIAN_POINT ( 'NONE',  ( -12.60860691023514413, 47.07879385589116339, 176.9769041262173346 ) ) ;
#2122 = ORIENTED_EDGE ( 'NONE', *, *, #6643, .F. ) ;
#2123 = ORIENTED_EDGE ( 'NONE', *, *, #3310, .T. ) ;
#2124 = CARTESIAN_POINT ( 'NONE',  ( -37.50209633637432205, 40.84737548025562148, 177.8165535624472682 ) ) ;
#2125 = ORIENTED_EDGE ( 'NONE', *, *, #4106, .T. ) ;
#2126 = CARTESIAN_POINT ( 'NONE',  ( 335.9999999999999432, -52.40044383621697932, 89.70254495192531863 ) ) ;
#2127 = CARTESIAN_POINT ( 'NONE',  ( -22.45175773927975271, 46.30244871032287790, 176.2005589806490491 ) ) ;
#2128 = CARTESIAN_POINT ( 'NONE',  ( 301.0000000000000000, 46.03426950889508618, -106.5477420520446401 ) ) ;
#2129 = CARTESIAN_POINT ( 'NONE',  ( 300.9999999999998863, 20.34962989166588443, -102.1668270475618669 ) ) ;
#2130 = CARTESIAN_POINT ( 'NONE',  ( 85.66371366891692674, 27.74122839655510120, 164.7104064787466484 ) ) ;
#2131 = DIRECTION ( 'NONE',  ( -0.000000000000000000, -0.7071067811865489050, 0.7071067811865460184 ) ) ;
#2132 = ORIENTED_EDGE ( 'NONE', *, *, #4130, .F. ) ;
#2133 = EDGE_CURVE ( 'NONE', #7624, #364, #1837, .T. ) ;
#2134 = ORIENTED_EDGE ( 'NONE', *, *, #8366, .F. ) ;
#2135 = CARTESIAN_POINT ( 'NONE',  ( -5.968531933126436151, 34.99700867655287340, 164.8951189468789948 ) ) ;
#2136 = CARTESIAN_POINT ( 'NONE',  ( -29.58404221811859003, 32.02851645806642722, 168.9976945402580384 ) ) ;
#2137 = DIRECTION ( 'NONE',  ( 0.000000000000000000, -0.7071067811865461294, -0.7071067811865489050 ) ) ;
#2138 = DIRECTION ( 'NONE',  ( 1.000000000000000000, 0.000000000000000000, 0.000000000000000000 ) ) ;
#2139 = CARTESIAN_POINT ( 'NONE',  ( -32.64357799774973756, 49.54368748314025339, 186.5128655653319072 ) ) ;
#2140 = LINE ( 'NONE', #7970, #7151 ) ;
#2141 = ADVANCED_FACE ( 'NONE', ( #7049 ), #286, .T. ) ;
#2142 = CARTESIAN_POINT ( 'NONE',  ( -63.73348684329123159, 42.22877814407875974, 172.1268884144049025 ) ) ;
#2143 = ORIENTED_EDGE ( 'NONE', *, *, #3208, .T. ) ;
#2144 = CARTESIAN_POINT ( 'NONE',  ( -37.20191584723648504, 34.41665654204774683, 171.3858346242390951 ) ) ;
#2145 = CARTESIAN_POINT ( 'NONE',  ( -46.99744554719467970, 36.28703089353123090, 166.1851411638573666 ) ) ;
#2146 = CARTESIAN_POINT ( 'NONE',  ( 20.88959930817088662, 33.23753876240199645, 170.2067168445937284 ) ) ;
#2147 = FACE_OUTER_BOUND ( 'NONE', #4124, .T. ) ;
#2148 = CARTESIAN_POINT ( 'NONE',  ( -32.25865927052353044, 45.99819710034626041, 182.9673751825378361 ) ) ;
#2149 = CARTESIAN_POINT ( 'NONE',  ( -62.49162551302641333, 38.13528285179219068, 175.1044609339838019 ) ) ;
#2150 = VERTEX_POINT ( 'NONE', #7722 ) ;
#2151 = DIRECTION ( 'NONE',  ( 1.000000000000000000, -1.555301973335001523E-12, -2.554153554144703172E-12 ) ) ;
#2152 = CARTESIAN_POINT ( 'NONE',  ( 1.558291232726141784, 35.42991553238474012, 165.3280258027108687 ) ) ;
#2153 = CARTESIAN_POINT ( 'NONE',  ( 306.0000000000000000, 27.24366205757614878, -110.6312619756829605 ) ) ;
#2154 = AXIS2_PLACEMENT_3D ( 'NONE', #7332, #1469, #7255 ) ;
#2155 = CARTESIAN_POINT ( 'NONE',  ( -3.154763424280664363, 40.16280273852745353, 177.1319808207190647 ) ) ;
#2156 = LINE ( 'NONE', #4189, #7758 ) ;
#2157 = CARTESIAN_POINT ( 'NONE',  ( -306.0000000000000000, 0.000000000000000000, -348.0308219178082254 ) ) ;
#2158 = DIRECTION ( 'NONE',  ( -1.000000000000000000, 0.000000000000000000, 0.000000000000000000 ) ) ;
#2159 = EDGE_CURVE ( 'NONE', #6848, #3821, #5868, .T. ) ;
#2160 = VECTOR ( 'NONE', #2528, 1000.000000000000114 ) ;
#2161 = ORIENTED_EDGE ( 'NONE', *, *, #4254, .F. ) ;
#2162 = ORIENTED_EDGE ( 'NONE', *, *, #7959, .T. ) ;
#2163 = CARTESIAN_POINT ( 'NONE',  ( -67.49909475437998196, 35.88977798845582612, 165.7878882587819476 ) ) ;
#2164 = ORIENTED_EDGE ( 'NONE', *, *, #8155, .F. ) ;
#2165 = CARTESIAN_POINT ( 'NONE',  ( -11.25433105976195769, 31.74644858714844275, 168.7156266693400255 ) ) ;
#2166 = VECTOR ( 'NONE', #7827, 1000.000000000000000 ) ;
#2167 = LINE ( 'NONE', #4750, #5595 ) ;
#2168 = EDGE_CURVE ( 'NONE', #3296, #181, #8273, .T. ) ;
#2169 = CARTESIAN_POINT ( 'NONE',  ( -59.10326694573539186, 31.21729523203493173, 168.1864733142265038 ) ) ;
#2170 = EDGE_CURVE ( 'NONE', #845, #2059, #2529, .T. ) ;
#2171 = DIRECTION ( 'NONE',  ( 0.000000000000000000, 0.9999998751799666907, -0.0004996399214373360102 ) ) ;
#2172 = VECTOR ( 'NONE', #1744, 1000.000000000000000 ) ;
#2173 = CARTESIAN_POINT ( 'NONE',  ( -60.54568588928420070, 31.19592046405000119, 161.0940307343761617 ) ) ;
#2174 = EDGE_LOOP ( 'NONE', ( #5618, #242, #1829, #210 ) ) ;
#2175 = CARTESIAN_POINT ( 'NONE',  ( 335.9999999999999432, -74.72648989080823867, -274.3250455023379573 ) ) ;
#2176 = VECTOR ( 'NONE', #3211, 1000.000000000000000 ) ;
#2177 = CARTESIAN_POINT ( 'NONE',  ( -57.31154674774973756, 34.51766838292617479, 164.4157786532522891 ) ) ;
#2178 = DIRECTION ( 'NONE',  ( -0.000000000000000000, -0.7071067811865489050, 0.7071067811865460184 ) ) ;
#2179 = EDGE_CURVE ( 'NONE', #2838, #2079, #3247, .T. ) ;
#2180 = CARTESIAN_POINT ( 'NONE',  ( -54.74378760153977908, 48.82246726066155418, 178.7205775309878106 ) ) ;
#2181 = EDGE_CURVE ( 'NONE', #7123, #1832, #5826, .T. ) ;
#2182 = CARTESIAN_POINT ( 'NONE',  ( -43.75734436262619198, 40.90525098484917521, 177.8744290670407509 ) ) ;
#2183 = DIRECTION ( 'NONE',  ( -0.000000000000000000, -0.7071067811865489050, 0.7071067811865460184 ) ) ;
#2184 = ORIENTED_EDGE ( 'NONE', *, *, #7350, .T. ) ;
#2185 = PERSON_AND_ORGANIZATION_ROLE ( 'creator' ) ;
#2186 = CARTESIAN_POINT ( 'NONE',  ( -66.79760243851734458, 42.57348400253305698, 179.5426620847246397 ) ) ;
#2187 = ORIENTED_EDGE ( 'NONE', *, *, #3113, .T. ) ;
#2188 = CARTESIAN_POINT ( 'NONE',  ( -37.50193326246481007, 35.77761819909424901, 172.7467962812856683 ) ) ;
#2189 = CARTESIAN_POINT ( 'NONE',  ( -46.86290219365923804, 36.92082630964264922, 166.8189365799688346 ) ) ;
#2190 = CARTESIAN_POINT ( 'NONE',  ( 66.96579700225025533, 52.78459356357862475, 182.6827038339048102 ) ) ;
#2191 = CARTESIAN_POINT ( 'NONE',  ( 301.0000000000000568, 48.66798638612777239, -113.6651313653071043 ) ) ;
#2192 = DIRECTION ( 'NONE',  ( 0.000000000000000000, 1.000000000000000000, -0.000000000000000000 ) ) ;
#2193 = EDGE_CURVE ( 'NONE', #1745, #6327, #5065, .T. ) ;
#2194 = EDGE_CURVE ( 'NONE', #4305, #6677, #4432, .T. ) ;
#2195 = CARTESIAN_POINT ( 'NONE',  ( -66.83628633108305905, 43.39793518571814701, 180.3671132679097866 ) ) ;
#2196 = EDGE_LOOP ( 'NONE', ( #1112, #6079, #7615, #6974, #4232, #1062, #5335, #1991, #87, #1393, #4453, #5680 ) ) ;
#2197 = CARTESIAN_POINT ( 'NONE',  ( 13.87206347525436989, 36.39205714645592593, 166.2901674167820545 ) ) ;
#2198 = CARTESIAN_POINT ( 'NONE',  ( 3.139377012508543618, 37.23055196955090196, 174.1997300517424776 ) ) ;
#2199 = CARTESIAN_POINT ( 'NONE',  ( 306.0000000000000568, 25.00822249329111813, -108.0798456182299532 ) ) ;
#2200 = CARTESIAN_POINT ( 'NONE',  ( 15.42102453176614851, 31.23950201148706540, 168.2086800936786517 ) ) ;
#2201 = CARTESIAN_POINT ( 'NONE',  ( 106.0803803355835839, 34.14017648151146034, 171.1093545637030502 ) ) ;
#2202 = FACE_OUTER_BOUND ( 'NONE', #7157, .T. ) ;
#2203 = LINE ( 'NONE', #6589, #8157 ) ;
#2204 = ORIENTED_EDGE ( 'NONE', *, *, #2594, .F. ) ;
#2205 = B_SPLINE_CURVE_WITH_KNOTS ( 'NONE', 3,
 ( #525, #8276, #8149, #2368, #1390, #567, #5111, #7725, #4609, #1436, #6367, #16, #5239, #2662, #5279, #7052, #658, #5782, #1305 ),
 .UNSPECIFIED., .F., .F.,
 ( 4, 1, 1, 1, 1, 1, 1, 1, 1, 1, 1, 1, 1, 1, 1, 1, 4 ),
 ( 0.000000000000000000, 0.08469534261570751954, 0.1642453373870153277, 0.2391691820093136689, 0.3095701254776733746, 0.3759941514437841192, 0.4389453051395791339, 0.4989433115251102890, 0.5563367197896755822, 0.6116521485117115686, 0.6654194154028068020, 0.7182486273428833057, 0.7710955021495455863, 0.8251290860776754332, 0.8806682164874628516, 0.9388101673808646463, 1.000000000000000000 ),
 .UNSPECIFIED. ) ;
#2206 = EDGE_LOOP ( 'NONE', ( #5745, #2416, #825, #1963 ) ) ;
#2207 = CARTESIAN_POINT ( 'NONE',  ( -67.99701322304429141, 33.58698715010594782, 170.5561652322975306 ) ) ;
#2208 = VERTEX_POINT ( 'NONE', #3974 ) ;
#2209 = CARTESIAN_POINT ( 'NONE',  ( -10.78664380938163703, 31.46609131324571607, 168.4352693954372171 ) ) ;
#2210 = CARTESIAN_POINT ( 'NONE',  ( -22.32035231113711404, 42.16160782153947650, 179.1307859037310379 ) ) ;
#2211 = CARTESIAN_POINT ( 'NONE',  ( 301.0000000000000000, 23.91571109875849643, -97.55082111208078288 ) ) ;
#2212 = CARTESIAN_POINT ( 'NONE',  ( 306.0000000000000000, 42.61985524277396564, -116.9111950361104419 ) ) ;
#2213 = ORIENTED_EDGE ( 'NONE', *, *, #1727, .T. ) ;
#2214 = CARTESIAN_POINT ( 'NONE',  ( -22.25295299774973756, 45.38667300780532088, 175.2847832781314708 ) ) ;
#2215 = VECTOR ( 'NONE', #4569, 1000.000000000000000 ) ;
#2216 = EDGE_LOOP ( 'NONE', ( #4184, #8216, #7900, #6933 ) ) ;
#2217 = CARTESIAN_POINT ( 'NONE',  ( -3.086286331083071488, 38.49514402710053673, 175.4643221092920271 ) ) ;
#2218 = CARTESIAN_POINT ( 'NONE',  ( -66.83628633108305905, 43.39793518571814701, 180.3671132679097866 ) ) ;
#2219 = DIRECTION ( 'NONE',  ( 0.000000000000000000, -0.9011355505897479246, 0.4335374487438331537 ) ) ;
#2220 = AXIS2_PLACEMENT_3D ( 'NONE', #2190, #2946, #1559 ) ;
#2221 = VECTOR ( 'NONE', #2108, 1000.000000000000114 ) ;
#2222 = CARTESIAN_POINT ( 'NONE',  ( 301.0000000000000000, 29.85510415497534353, -101.4100907320028568 ) ) ;
#2223 = CARTESIAN_POINT ( 'NONE',  ( -38.49804227149878244, 48.42288249011087942, 185.3920605723024551 ) ) ;
#2224 = CARTESIAN_POINT ( 'NONE',  ( 14.56860009912891130, 31.73293329670737961, 168.7021113788988771 ) ) ;
#2225 = ORIENTED_EDGE ( 'NONE', *, *, #3948, .F. ) ;
#2226 = COORDINATED_UNIVERSAL_TIME_OFFSET ( 5, 30, .AHEAD. ) ;
#2227 = CARTESIAN_POINT ( 'NONE',  ( -66.83628633108305905, 43.39793518571812569, 180.3671132679098150 ) ) ;
#2228 = EDGE_LOOP ( 'NONE', ( #6351, #3668, #3608, #3698 ) ) ;
#2229 = EDGE_CURVE ( 'NONE', #1916, #7712, #4644, .T. ) ;
#2230 = AXIS2_PLACEMENT_3D ( 'NONE', #5830, #5698, #3082 ) ;
#2231 = FACE_OUTER_BOUND ( 'NONE', #7934, .T. ) ;
#2232 = PLANE ( 'NONE',  #3569 ) ;
#2233 = CARTESIAN_POINT ( 'NONE',  ( 2.449946289536896860, 43.19358128628869054, 180.1627593684803799 ) ) ;
#2234 = CARTESIAN_POINT ( 'NONE',  ( -54.07697172580115108, 38.84906147245094843, 168.7471717427770557 ) ) ;
#2235 = CARTESIAN_POINT ( 'NONE',  ( 41.49704700225026244, 31.27676230248784606, 161.1748725728139391 ) ) ;
#2236 = CARTESIAN_POINT ( 'NONE',  ( -37.50209633637432205, 40.84737548025563569, 177.8165535624472398 ) ) ;
#2237 = VECTOR ( 'NONE', #6600, 1000.000000000000000 ) ;
#2238 = EDGE_LOOP ( 'NONE', ( #8156, #5443, #5862, #5304 ) ) ;
#2239 = CARTESIAN_POINT ( 'NONE',  ( 301.0000000000000000, 38.13054645356284311, -167.1348725761536684 ) ) ;
#2240 = CARTESIAN_POINT ( 'NONE',  ( 1.558291232726141784, 31.89438162645202723, 168.8635597086435496 ) ) ;
#2241 = CARTESIAN_POINT ( 'NONE',  ( 301.0000000000000000, 24.79721312022951096, -106.4252371594869828 ) ) ;
#2242 = EDGE_CURVE ( 'NONE', #805, #3218, #672, .T. ) ;
#2243 = EDGE_CURVE ( 'NONE', #2059, #6175, #747, .T. ) ;
#2244 = CARTESIAN_POINT ( 'NONE',  ( -3.086286331083071488, 38.49514402710048699, 175.4643221092920840 ) ) ;
#2245 = VECTOR ( 'NONE', #84, 1000.000000000000114 ) ;
#2246 = CARTESIAN_POINT ( 'NONE',  ( -9.763009438932160222, 31.00908699832559279, 160.9071972686516574 ) ) ;
#2247 = CARTESIAN_POINT ( 'NONE',  ( -38.72664803170169279, 32.14036162364075011, 162.0384718939668574 ) ) ;
#2248 = CARTESIAN_POINT ( 'NONE',  ( 306.0000000000000000, 0.000000000000000000, 206.9691780821917462 ) ) ;
#2249 = ORIENTED_EDGE ( 'NONE', *, *, #2066, .T. ) ;
#2250 = ORIENTED_EDGE ( 'NONE', *, *, #6809, .T. ) ;
#2251 = CARTESIAN_POINT ( 'NONE',  ( -58.82153721087773590, 45.86176196983313957, 182.8309400520246868 ) ) ;
#2252 = ORIENTED_EDGE ( 'NONE', *, *, #3876, .F. ) ;
#2253 = CARTESIAN_POINT ( 'NONE',  ( -13.49882254373829227, 38.20508303720668408, 175.1742611193982952 ) ) ;
#2254 = FACE_OUTER_BOUND ( 'NONE', #2595, .T. ) ;
#2255 = B_SPLINE_CURVE_WITH_KNOTS ( 'NONE', 3,
 ( #1257, #3080, #3808, #3850, #6413, #2576, #6323, #5652, #8363, #612, #1943, #5028, #7557, #5067, #3204, #524, #565, #2488, #8234 ),
 .UNSPECIFIED., .F., .F.,
 ( 4, 1, 1, 1, 1, 1, 1, 1, 1, 1, 1, 1, 1, 1, 1, 1, 4 ),
 ( 0.000000000000000000, 0.06550141546822060845, 0.1271347410815023560, 0.1855636666172975624, 0.2412882263504400882, 0.2953166271786772934, 0.3481693578045806925, 0.4016784276679011279, 0.4556637417312809912, 0.5115134368249635299, 0.5694223121318964242, 0.6307148987336913537, 0.6953220685368021181, 0.7645838915622417131, 0.8379075561357178792, 0.9165563449802962559, 1.000000000000000000 ),
 .UNSPECIFIED. ) ;
#2256 = CARTESIAN_POINT ( 'NONE',  ( -55.32846032822454418, 49.15890231881353856, 179.0570125891397026 ) ) ;
#2257 = CARTESIAN_POINT ( 'NONE',  ( 305.9999999999999432, 50.46700362515924354, -110.5483221688899960 ) ) ;
#2258 = VERTEX_POINT ( 'NONE', #7178 ) ;
#2259 = PLANE ( 'NONE',  #245 ) ;
#2260 = ORIENTED_EDGE ( 'NONE', *, *, #413, .T. ) ;
#2261 = DIRECTION ( 'NONE',  ( -0.000000000000000000, -0.7071067811865489050, 0.7071067811865460184 ) ) ;
#2262 = CARTESIAN_POINT ( 'NONE',  ( -32.56530267498935416, 30.98635708488492568, 167.9555351670764480 ) ) ;
#2263 = CARTESIAN_POINT ( 'NONE',  ( 79.83038033558359814, 45.59383319760604536, 182.5630112797976778 ) ) ;
#2264 = CARTESIAN_POINT ( 'NONE',  ( 11.23376264349523090, 31.87934249306130496, 161.7774527633873731 ) ) ;
#2265 = ADVANCED_FACE ( 'NONE', ( #6028 ), #6072, .T. ) ;
#2266 = CARTESIAN_POINT ( 'NONE',  ( -42.87766313511522043, 36.51955734008398480, 166.4176676104100920 ) ) ;
#2267 = CARTESIAN_POINT ( 'NONE',  ( -57.61102591441640186, 49.54368748314027471, 179.4417977534664317 ) ) ;
#2268 = ORIENTED_EDGE ( 'NONE', *, *, #3618, .T. ) ;
#2269 = APPROVAL_STATUS ( 'not_yet_approved' ) ;
#2270 = CARTESIAN_POINT ( 'NONE',  ( 301.0000000000000568, 47.72894400902830370, -98.30077894106136682 ) ) ;
#2271 = ORIENTED_EDGE ( 'NONE', *, *, #8099, .F. ) ;
#2272 = CARTESIAN_POINT ( 'NONE',  ( -59.64868645211141285, 45.65253685300238828, 175.5506471233285879 ) ) ;
#2273 = CARTESIAN_POINT ( 'NONE',  ( -13.05599911639579247, 42.35887724996953807, 179.3280553321611421 ) ) ;
#2274 = LINE ( 'NONE', #4853, #6935 ) ;
#2275 = CARTESIAN_POINT ( 'NONE',  ( -19.75295299774973401, 38.50435114664718839, 175.4735292288387996 ) ) ;
#2276 = PLANE ( 'NONE',  #6543 ) ;
#2277 = CARTESIAN_POINT ( 'NONE',  ( -33.89532075560439495, 45.90033441691261373, 182.8695124991042462 ) ) ;
#2278 = EDGE_CURVE ( 'NONE', #7266, #6010, #3500, .T. ) ;
#2279 = VERTEX_POINT ( 'NONE', #4057 ) ;
#2280 = CARTESIAN_POINT ( 'NONE',  ( 301.0000000000000000, 20.21387978689617881, -93.38487257615365422 ) ) ;
#2281 = CARTESIAN_POINT ( 'NONE',  ( 3.001844056749675804, 36.00828107047929194, 172.9774591526708321 ) ) ;
#2282 = CARTESIAN_POINT ( 'NONE',  ( -48.26952550244050855, 45.27425994621295757, 182.2434380284045972 ) ) ;
#2283 = CARTESIAN_POINT ( 'NONE',  ( 301.0000000000000000, 19.79721312022951096, -105.7937267428203256 ) ) ;
#2284 = VECTOR ( 'NONE', #1992, 1000.000000000000000 ) ;
#2285 = LINE ( 'NONE', #5369, #2639 ) ;
#2286 = DIRECTION ( 'NONE',  ( 1.000000000000000000, -0.000000000000000000, -0.000000000000000000 ) ) ;
#2287 = CARTESIAN_POINT ( 'NONE',  ( -52.51100249848653334, 52.30387297615160946, 182.2019832464778233 ) ) ;
#2288 = ADVANCED_FACE ( 'NONE', ( #3337 ), #1522, .T. ) ;
#2289 = ORIENTED_EDGE ( 'NONE', *, *, #1421, .F. ) ;
#2290 = VECTOR ( 'NONE', #209, 1000.000000000000000 ) ;
#2291 = ORIENTED_EDGE ( 'NONE', *, *, #4869, .T. ) ;
#2292 = CARTESIAN_POINT ( 'NONE',  ( 301.0000000000000000, 31.27507770356284666, -189.0489350761536684 ) ) ;
#2293 = ORIENTED_EDGE ( 'NONE', *, *, #1624, .F. ) ;
#2294 = CARTESIAN_POINT ( 'NONE',  ( -13.21946919311419499, 38.86896391852555155, 168.7670741888517227 ) ) ;
#2295 = CARTESIAN_POINT ( 'NONE',  ( -3.557867257382769655, 42.31615702406837443, 179.2853351062600495 ) ) ;
#2296 = CARTESIAN_POINT ( 'NONE',  ( -54.23321855192055807, 48.37411237208697656, 178.2722226424131122 ) ) ;
#2297 = EDGE_CURVE ( 'NONE', #8373, #4542, #784, .T. ) ;
#2298 = EDGE_CURVE ( 'NONE', #6884, #8348, #2741, .T. ) ;
#2299 = ORIENTED_EDGE ( 'NONE', *, *, #1903, .F. ) ;
#2300 = CARTESIAN_POINT ( 'NONE',  ( 306.0000000000000000, 49.71346952796571372, -112.2172933204696648 ) ) ;
#2301 = ORIENTED_EDGE ( 'NONE', *, *, #5374, .T. ) ;
#2302 = VECTOR ( 'NONE', #4565, 1000.000000000000000 ) ;
#2303 = DIRECTION ( 'NONE',  ( 0.000000000000000000, 0.000000000000000000, 1.000000000000000000 ) ) ;
#2304 = ORIENTED_EDGE ( 'NONE', *, *, #4030, .F. ) ;
#2305 = DIRECTION ( 'NONE',  ( 0.000000000000000000, 0.000000000000000000, 1.000000000000000000 ) ) ;
#2306 = CARTESIAN_POINT ( 'NONE',  ( -22.32009287591624513, 38.11555952150246895, 168.0136697918286188 ) ) ;
#2307 = CARTESIAN_POINT ( 'NONE',  ( 301.0000000000000000, 45.63054645356284311, -157.9682059094869828 ) ) ;
#2308 = AXIS2_PLACEMENT_3D ( 'NONE', #1869, #8247, #581 ) ;
#2309 = CARTESIAN_POINT ( 'NONE',  ( 301.0000000000000000, 35.02500148989151540, -100.8879919200087585 ) ) ;
#2310 = CARTESIAN_POINT ( 'NONE',  ( -18.65224836636462769, 32.74531011200448205, 169.7144881941960932 ) ) ;
#2311 = CARTESIAN_POINT ( 'NONE',  ( -35.21180288782193912, 49.38450880125615328, 186.3536868834478355 ) ) ;
#2312 = VERTEX_POINT ( 'NONE', #5004 ) ;
#2313 = APPROVAL_DATE_TIME ( #6946, #4330 ) ;
#2314 = CARTESIAN_POINT ( 'NONE',  ( 301.0000000000000000, 50.79912469108536754, -103.7263575952775199 ) ) ;
#2315 = ORIENTED_EDGE ( 'NONE', *, *, #4989, .T. ) ;
#2316 = CIRCLE ( 'NONE', #7440, 10.00000000000000888 ) ;
#2317 = CARTESIAN_POINT ( 'NONE',  ( 111.4970470022502411, 49.24905965764587989, 186.2182377398375195 ) ) ;
#2318 = CARTESIAN_POINT ( 'NONE',  ( 306.0000000000000000, 35.61997289653990606, -94.64315775650379692 ) ) ;
#2319 = CARTESIAN_POINT ( 'NONE',  ( 301.0000000000000000, 20.21387978689617881, -87.29763299282032563 ) ) ;
#2320 = CARTESIAN_POINT ( 'NONE',  ( 19.06920729515770674, 34.74511338929310256, 164.6432236596191956 ) ) ;
#2321 = CARTESIAN_POINT ( 'NONE',  ( 79.83038033558359814, 49.12936710353879022, 179.0274773738649685 ) ) ;
#2322 = ORIENTED_EDGE ( 'NONE', *, *, #5950, .T. ) ;
#2323 = PLANE ( 'NONE',  #1345 ) ;
#2324 = CARTESIAN_POINT ( 'NONE',  ( -3.365005425471399025, 31.67674630162414218, 161.5748565719502494 ) ) ;
#2325 = CARTESIAN_POINT ( 'NONE',  ( -32.73472383108308037, 34.51766838292617479, 164.4157786532522891 ) ) ;
#2326 = CARTESIAN_POINT ( 'NONE',  ( 91.08038033558358393, 31.27676230248784606, 161.1748725728139391 ) ) ;
#2327 = CARTESIAN_POINT ( 'NONE',  ( 28.58038033558359103, 49.24905965764588700, 179.1471699279720440 ) ) ;
#2328 = CARTESIAN_POINT ( 'NONE',  ( 306.0000000000000000, 0.000000000000000000, 206.9691780821917462 ) ) ;
#2329 = CARTESIAN_POINT ( 'NONE',  ( -13.49012653729557165, 42.89338531543680233, 172.7914955857628456 ) ) ;
#2330 = ORIENTED_EDGE ( 'NONE', *, *, #5795, .F. ) ;
#2331 = PLANE ( 'NONE',  #6858 ) ;
#2332 = CARTESIAN_POINT ( 'NONE',  ( -67.49909475437998196, 32.35424408252309547, 169.3234221647146569 ) ) ;
#2333 = ORIENTED_EDGE ( 'NONE', *, *, #4463, .T. ) ;
#2334 = ADVANCED_FACE ( 'NONE', ( #4218 ), #3742, .T. ) ;
#2335 = B_SPLINE_SURFACE_WITH_KNOTS ( 'NONE', 3, 1, ( 
 ( #4699, #7313 ),
 ( #6756, #7393 ),
 ( #4107, #4070 ),
 ( #2713, #1526 ),
 ( #195, #7270 ),
 ( #5919, #7945 ),
 ( #2831, #6671 ),
 ( #2792, #1484 ),
 ( #109, #6001 ),
 ( #4656, #7987 ),
 ( #4188, #7230 ),
 ( #7904, #7351 ),
 ( #3347, #6084 ),
 ( #2119, #7862 ),
 ( #878, #2200 ),
 ( #4778, #2074 ),
 ( #3471, #6713 ),
 ( #6631, #232 ),
 ( #3431, #6040 ) ),
 .UNSPECIFIED., .F., .F., .F.,
 ( 4, 1, 1, 1, 1, 1, 1, 1, 1, 1, 1, 1, 1, 1, 1, 1, 4 ),
 ( 2, 2 ),
 ( 0.000000000000000000, 0.08104713976955689458, 0.1557619313350906420, 0.2255623354956995674, 0.2890859378423596970, 0.3470283780899104942, 0.3987097260603154059, 0.4456524349991772271, 0.4864356076022459674, 0.5587521442961806972, 0.6247301818568702370, 0.6863004528094636125, 0.7451022287738341410, 0.8035439429327618788, 0.8645306730754063196, 0.9293544424995912046, 1.000000000000000000 ),
 ( 0.000000000000000000, 1.000000000000000000 ),
 .UNSPECIFIED. ) ;
#2336 = CARTESIAN_POINT ( 'NONE',  ( 300.9999999999999432, 40.07987475557928292, -95.02252769119097309 ) ) ;
#2337 = CARTESIAN_POINT ( 'NONE',  ( -4.625655220729519179, 48.02983988886703770, 177.9279501591932160 ) ) ;
#2338 = ORIENTED_EDGE ( 'NONE', *, *, #6230, .F. ) ;
#2339 = DIRECTION ( 'NONE',  ( -0.000000000000000000, -0.7071067811865489050, 0.7071067811865460184 ) ) ;
#2340 = ORIENTED_EDGE ( 'NONE', *, *, #6525, .T. ) ;
#2341 = CARTESIAN_POINT ( 'NONE',  ( -28.64630664111141556, 52.61493918309359685, 182.5130494534197965 ) ) ;
#2342 = VERTEX_POINT ( 'NONE', #996 ) ;
#2343 = ADVANCED_FACE ( 'NONE', ( #6938 ), #5481, .F. ) ;
#2344 = ADVANCED_FACE ( 'NONE', ( #7026 ), #1835, .F. ) ;
#2345 = LINE ( 'NONE', #6732, #1123 ) ;
#2346 = CARTESIAN_POINT ( 'NONE',  ( -28.87422582518733805, 32.99978311915379692, 169.9689612013453655 ) ) ;
#2347 = CARTESIAN_POINT ( 'NONE',  ( -306.0000000000000000, 0.000000000000000000, -328.4730072434720682 ) ) ;
#2348 = CARTESIAN_POINT ( 'NONE',  ( 9.836706228968507659, 32.62235213518049193, 162.5204624055066347 ) ) ;
#2349 = VECTOR ( 'NONE', #2385, 1000.000000000000114 ) ;
#2350 = CARTESIAN_POINT ( 'NONE',  ( -43.89517145771820594, 43.21854331398281346, 173.1166535843089491 ) ) ;
#2351 = ORIENTED_EDGE ( 'NONE', *, *, #7905, .F. ) ;
#2352 = CARTESIAN_POINT ( 'NONE',  ( 306.0000000000002274, 41.93561305985374332, -110.9603002612586522 ) ) ;
#2353 = ORIENTED_EDGE ( 'NONE', *, *, #3272, .T. ) ;
#2354 = AXIS2_PLACEMENT_3D ( 'NONE', #4897, #3547, #1645 ) ;
#2355 = CARTESIAN_POINT ( 'NONE',  ( -32.79331758108306616, 30.98213447699344769, 160.8802447473195230 ) ) ;
#2356 = FACE_OUTER_BOUND ( 'NONE', #4450, .T. ) ;
#2357 = DIRECTION ( 'NONE',  ( 0.000000000000000000, 0.000000000000000000, 1.000000000000000000 ) ) ;
#2358 = CARTESIAN_POINT ( 'NONE',  ( -62.38967174774973046, 38.34783011435331446, 168.2459403846794146 ) ) ;
#2359 = CARTESIAN_POINT ( 'NONE',  ( -19.72974583932348835, 39.78593008594892666, 176.7551081681405094 ) ) ;
#2360 = EDGE_LOOP ( 'NONE', ( #507, #6486, #7309, #7065, #1795, #5856, #5844, #3265, #8384, #1014, #5375, #5579, #104 ) ) ;
#2361 = AXIS2_PLACEMENT_3D ( 'NONE', #2088, #62, #2618 ) ;
#2362 = DIRECTION ( 'NONE',  ( 0.000000000000000000, 0.000000000000000000, 1.000000000000000000 ) ) ;
#2363 = B_SPLINE_CURVE_WITH_KNOTS ( 'NONE', 3,
 ( #6564, #772, #4593, #5303, #2173, #7325, #4753, #6644, #3322, #3402, #1540, #4675, #3362, #2729, #5976, #733, #7921, #5346, #7165 ),
 .UNSPECIFIED., .F., .F.,
 ( 4, 1, 1, 1, 1, 1, 1, 1, 1, 1, 1, 1, 1, 1, 1, 1, 4 ),
 ( 0.000000000000000000, 0.06812089312652862272, 0.1331908543498808717, 0.1955085023030488922, 0.2555649612386194369, 0.3142563223250462445, 0.3715180547255279575, 0.4283038572463937488, 0.4853538411438333977, 0.5426027625966951540, 0.6008944048818603001, 0.6607796317750130877, 0.7227668363154967635, 0.7875005748253174342, 0.8547736311983911150, 0.9257396556727023329, 0.9999999999999998890 ),
 .UNSPECIFIED. ) ;
#2364 = CARTESIAN_POINT ( 'NONE',  ( 306.0000000000000000, 35.02507770356284311, -94.63487257615366843 ) ) ;
#2365 = CARTESIAN_POINT ( 'NONE',  ( -28.87422582518733805, 36.53531702508654178, 166.4334272954126277 ) ) ;
#2366 = CARTESIAN_POINT ( 'NONE',  ( 305.9999999999998863, 19.80894602335289534, -105.3653902569264176 ) ) ;
#2367 = LINE ( 'NONE', #6876, #5458 ) ;
#2368 = CARTESIAN_POINT ( 'NONE',  ( -19.58759703400943764, 41.01360686654108179, 177.9827849487327001 ) ) ;
#2369 = DIRECTION ( 'NONE',  ( 0.000000000000000000, -1.000000000000000000, -0.000000000000000000 ) ) ;
#2370 = VECTOR ( 'NONE', #7403, 1000.000000000000114 ) ;
#2371 = EDGE_LOOP ( 'NONE', ( #2847, #3044, #2858, #4442 ) ) ;
#2372 = EDGE_CURVE ( 'NONE', #4583, #7815, #8252, .T. ) ;
#2373 = DIRECTION ( 'NONE',  ( 1.000000000000000000, 0.000000000000000000, 0.000000000000000000 ) ) ;
#2374 = LINE ( 'NONE', #4401, #1634 ) ;
#2375 = ORIENTED_EDGE ( 'NONE', *, *, #722, .F. ) ;
#2376 = VECTOR ( 'NONE', #4759, 1000.000000000000000 ) ;
#2377 = CARTESIAN_POINT ( 'NONE',  ( 305.9999999999996021, 51.01709550563393236, -105.1048919000130724 ) ) ;
#2378 = FACE_OUTER_BOUND ( 'NONE', #2647, .T. ) ;
#2379 = VERTEX_POINT ( 'NONE', #2465 ) ;
#2380 = LINE ( 'NONE', #8336, #2437 ) ;
#2381 = VERTEX_POINT ( 'NONE', #3545 ) ;
#2382 = LINE ( 'NONE', #4962, #112 ) ;
#2383 = ORIENTED_EDGE ( 'NONE', *, *, #5419, .T. ) ;
#2384 = B_SPLINE_CURVE_WITH_KNOTS ( 'NONE', 3,
 ( #8, #1803, #3798, #515, #4426, #476, #3755, #5773, #6359, #5820, #2610, #2569, #3885, #7717, #2441, #6996, #5059, #5644, #7762 ),
 .UNSPECIFIED., .F., .F.,
 ( 4, 1, 1, 1, 1, 1, 1, 1, 1, 1, 1, 1, 1, 1, 1, 1, 4 ),
 ( 0.000000000000000000, 0.09813731017294871628, 0.1901824473949693672, 0.2762620705236465968, 0.3564629364311831528, 0.4306051273807185442, 0.4993722396559085452, 0.5629037142631940771, 0.6214266147984267574, 0.6755034084274539330, 0.7259357973745929060, 0.7730798714622525436, 0.8185742021739240704, 0.8627750127970063021, 0.9069003309471852514, 0.9523858668015309226, 0.9999999999999998890 ),
 .UNSPECIFIED. ) ;
#2385 = DIRECTION ( 'NONE',  ( -0.000000000000000000, -0.7071067811865489050, 0.7071067811865460184 ) ) ;
#2386 = CARTESIAN_POINT ( 'NONE',  ( 301.0000000000000000, 20.21387978689617881, -93.38487257615365422 ) ) ;
#2387 = CARTESIAN_POINT ( 'NONE',  ( 85.66371366891692674, 49.24905965764587989, 186.2182377398375195 ) ) ;
#2388 = CARTESIAN_POINT ( 'NONE',  ( 7.330380335583599916, 39.56316989451768507, 169.4612801648438278 ) ) ;
#2389 = EDGE_CURVE ( 'NONE', #3130, #4473, #4412, .T. ) ;
#2390 = CARTESIAN_POINT ( 'NONE',  ( -43.75734436262619198, 40.90525098484916100, 177.8744290670407793 ) ) ;
#2391 = VERTEX_POINT ( 'NONE', #6980 ) ;
#2392 = CARTESIAN_POINT ( 'NONE',  ( 300.9999999999999432, 51.03696558601520650, -106.0575986256040864 ) ) ;
#2393 = VERTEX_POINT ( 'NONE', #3139 ) ;
#2394 = FACE_OUTER_BOUND ( 'NONE', #3496, .T. ) ;
#2395 = CARTESIAN_POINT ( 'NONE',  ( -23.04994685652249231, 44.45377951935321903, 181.4229576015448231 ) ) ;
#2396 = DIRECTION ( 'NONE',  ( 0.000000000000000000, 0.7071067811865491270, -0.7071067811865459074 ) ) ;
#2397 = CARTESIAN_POINT ( 'NONE',  ( 301.0000000000000000, 24.79721312022951096, -106.4252371594869828 ) ) ;
#2398 = CARTESIAN_POINT ( 'NONE',  ( -12.23118588408649110, 52.70303176092173203, 182.6011420312478606 ) ) ;
#2399 = ORIENTED_EDGE ( 'NONE', *, *, #2433, .T. ) ;
#2400 = B_SPLINE_SURFACE_WITH_KNOTS ( 'NONE', 3, 1, ( 
 ( #760, #73 ),
 ( #3390, #3349 ),
 ( #5966, #882 ),
 ( #7864, #7234 ),
 ( #4620, #7190 ),
 ( #4110, #3988 ),
 ( #4743, #2076 ),
 ( #6674, #5921 ),
 ( #235, #1446 ),
 ( #4029, #155 ),
 ( #2121, #4701 ),
 ( #7272, #4988 ),
 ( #6716, #7560 ),
 ( #2960, #5450 ),
 ( #3606, #1657 ),
 ( #4274, #3042 ),
 ( #2329, #7518 ),
 ( #1775, #2875 ),
 ( #6168, #5495 ) ),
 .UNSPECIFIED., .F., .F., .F.,
 ( 4, 1, 1, 1, 1, 1, 1, 1, 1, 1, 1, 1, 1, 1, 1, 1, 4 ),
 ( 2, 2 ),
 ( 0.000000000000000000, 0.04815454264842897181, 0.09417229453311828924, 0.1388572744033595152, 0.1833007576101428615, 0.2294244443116113530, 0.2772870437703829904, 0.3286287119873013696, 0.3838911525703535554, 0.4434435809890852620, 0.5077020242864302979, 0.5766247833844129200, 0.6502359161600441695, 0.7294148677619851640, 0.8142948365452324921, 0.9044344238753029286, 1.000000000000000000 ),
 ( 0.000000000000000000, 1.000000000000000000 ),
 .UNSPECIFIED. ) ;
#2401 = CARTESIAN_POINT ( 'NONE',  ( -12.85881625740820766, 34.04468644031149438, 171.0138645225030700 ) ) ;
#2402 = CARTESIAN_POINT ( 'NONE',  ( 306.0000000000000000, 31.73719449731106934, -94.79509048763074475 ) ) ;
#2403 = CARTESIAN_POINT ( 'NONE',  ( -29.09809786191231851, 36.17313954865289105, 166.0712498189789983 ) ) ;
#2404 = DIRECTION ( 'NONE',  ( -0.000000000000000000, -0.7071067811865489050, 0.7071067811865460184 ) ) ;
#2405 = CARTESIAN_POINT ( 'NONE',  ( -335.9999999999999432, 48.13302794031941545, 115.3244233150094402 ) ) ;
#2406 = CARTESIAN_POINT ( 'NONE',  ( -32.25865927052353044, 45.99819710034623199, 182.9673751825378645 ) ) ;
#2407 = CARTESIAN_POINT ( 'NONE',  ( -43.91009281814903886, 41.54409181196022161, 171.4422020822863999 ) ) ;
#2408 = CARTESIAN_POINT ( 'NONE',  ( -57.24623186817002107, 49.53908744888128268, 186.5082655310730502 ) ) ;
#2409 = ORIENTED_EDGE ( 'NONE', *, *, #7541, .T. ) ;
#2410 = DIRECTION ( 'NONE',  ( 0.000000000000000000, 0.000000000000000000, -1.000000000000000000 ) ) ;
#2411 = CARTESIAN_POINT ( 'NONE',  ( 23.28805088758841180, 32.16074744797114704, 162.0588577182972188 ) ) ;
#2412 = VERTEX_POINT ( 'NONE', #6385 ) ;
#2413 = CARTESIAN_POINT ( 'NONE',  ( 1.536394905606826233, 48.62795685585152228, 178.5260671261777361 ) ) ;
#2414 = ADVANCED_FACE ( 'NONE', ( #2231 ), #3825, .F. ) ;
#2415 = DIRECTION ( 'NONE',  ( 0.000000000000000000, -0.7071067811859483854, -0.7071067811871466491 ) ) ;
#2416 = ORIENTED_EDGE ( 'NONE', *, *, #6458, .F. ) ;
#2417 = DIRECTION ( 'NONE',  ( 0.000000000000000000, 1.000000000000000000, -0.000000000000000000 ) ) ;
#2418 = ORIENTED_EDGE ( 'NONE', *, *, #2168, .F. ) ;
#2419 = DIRECTION ( 'NONE',  ( 0.000000000000000000, 0.000000000000000000, -1.000000000000000000 ) ) ;
#2420 = ORIENTED_EDGE ( 'NONE', *, *, #6060, .T. ) ;
#2421 = VECTOR ( 'NONE', #6350, 1000.000000000000000 ) ;
#2422 = CARTESIAN_POINT ( 'NONE',  ( -35.76193385120126322, 48.44493050035261916, 178.3430407706787832 ) ) ;
#2423 = EDGE_CURVE ( 'NONE', #4427, #1916, #4755, .T. ) ;
#2424 = CARTESIAN_POINT ( 'NONE',  ( 35.24704700225026244, 31.27676230248784606, 161.1748725728139391 ) ) ;
#2425 = CARTESIAN_POINT ( 'NONE',  ( -31.31174383813756279, 31.12273162185826791, 168.0919097040497547 ) ) ;
#2426 = DIRECTION ( 'NONE',  ( -1.000000000000000000, -0.000000000000000000, -0.000000000000000000 ) ) ;
#2427 = CARTESIAN_POINT ( 'NONE',  ( -36.98606515034028064, 37.35791018554084530, 167.2560204558670023 ) ) ;
#2428 = VECTOR ( 'NONE', #8001, 1000.000000000000000 ) ;
#2429 = CARTESIAN_POINT ( 'NONE',  ( -33.08688929467073336, 49.53472712642864195, 186.5039052086203526 ) ) ;
#2430 = VERTEX_POINT ( 'NONE', #347 ) ;
#2431 = CARTESIAN_POINT ( 'NONE',  ( 300.9999999999999432, 46.70087829103010080, -97.52526093576122435 ) ) ;
#2432 = VERTEX_POINT ( 'NONE', #5089 ) ;
#2433 = EDGE_CURVE ( 'NONE', #4156, #4267, #3550, .T. ) ;
#2434 = VECTOR ( 'NONE', #1344, 1000.000000000000227 ) ;
#2435 = CARTESIAN_POINT ( 'NONE',  ( -13.21328964132247208, 41.68750501262115904, 178.6566830948128484 ) ) ;
#2436 = DIRECTION ( 'NONE',  ( 1.000000000000000000, 0.000000000000000000, 0.000000000000000000 ) ) ;
#2437 = VECTOR ( 'NONE', #495, 1000.000000000000000 ) ;
#2438 = DIRECTION ( 'NONE',  ( 0.000000000000000000, -0.002326958494241674995, 0.9999972926284180774 ) ) ;
#2439 = CARTESIAN_POINT ( 'NONE',  ( -61.14912393641174049, 32.47925252702813737, 169.4484306092196562 ) ) ;
#2440 = ADVANCED_FACE ( 'NONE', ( #7241 ), #214, .T. ) ;
#2441 = CARTESIAN_POINT ( 'NONE',  ( -34.42158801052261907, 31.22457371253793568, 168.1937517947294793 ) ) ;
#2442 = ORIENTED_EDGE ( 'NONE', *, *, #2298, .T. ) ;
#2443 = CARTESIAN_POINT ( 'NONE',  ( -13.49882254373829227, 38.20508303720667698, 175.1742611193982952 ) ) ;
#2444 = CARTESIAN_POINT ( 'NONE',  ( 306.0000000000000000, 26.16153081877110864, -96.26200640576358580 ) ) ;
#2445 = DIRECTION ( 'NONE',  ( 1.000000000000000000, 0.000000000000000000, 0.000000000000000000 ) ) ;
#2446 = CARTESIAN_POINT ( 'NONE',  ( 301.0000000000000000, 31.73719449731106934, -94.79509048763074475 ) ) ;
#2447 = ADVANCED_FACE ( 'NONE', ( #3871 ), #2868, .T. ) ;
#2448 = CARTESIAN_POINT ( 'NONE',  ( 301.0000000000000000, 42.68005451361125324, -101.8937783304522071 ) ) ;
#2449 = CARTESIAN_POINT ( 'NONE',  ( -29.88468213256944495, 45.10604213433075671, 182.0752202165224105 ) ) ;
#2450 = EDGE_CURVE ( 'NONE', #7077, #3002, #1535, .T. ) ;
#2451 = CARTESIAN_POINT ( 'NONE',  ( 306.0000000000000000, 26.83971542900961538, -102.6157245694931532 ) ) ;
#2452 = DIRECTION ( 'NONE',  ( -1.000000000000000000, 0.000000000000000000, -0.000000000000000000 ) ) ;
#2453 = CARTESIAN_POINT ( 'NONE',  ( 10.73481746199518128, 28.56342626619529312, 165.5326043483869398 ) ) ;
#2454 = ORIENTED_EDGE ( 'NONE', *, *, #4631, .F. ) ;
#2455 = DIRECTION ( 'NONE',  ( 0.000000000000000000, -0.9682611462521856227, -0.2499406982834197488 ) ) ;
#2456 = DIRECTION ( 'NONE',  ( -1.000000000000000000, 0.000000000000000000, -0.000000000000000000 ) ) ;
#2457 = ORIENTED_EDGE ( 'NONE', *, *, #1987, .T. ) ;
#2458 = CARTESIAN_POINT ( 'NONE',  ( 2.047898403645175947, 47.71892606184550800, 177.6170363321716366 ) ) ;
#2459 = CARTESIAN_POINT ( 'NONE',  ( -5.965395482392019666, 45.52655552352542401, 182.4957336057169925 ) ) ;
#2460 = ORIENTED_EDGE ( 'NONE', *, *, #3509, .T. ) ;
#2461 = CARTESIAN_POINT ( 'NONE',  ( 301.0000000000000000, 33.13054645356284311, -157.9682059094869828 ) ) ;
#2462 = ORIENTED_EDGE ( 'NONE', *, *, #3580, .T. ) ;
#2463 = CARTESIAN_POINT ( 'NONE',  ( -33.89532075560439495, 49.43586832284536570, 179.3339785931715085 ) ) ;
#2464 = EDGE_LOOP ( 'NONE', ( #1418, #3180, #4364, #5255 ) ) ;
#2465 = CARTESIAN_POINT ( 'NONE',  ( -22.25295299774973756, 45.38667300780532088, 175.2847832781314708 ) ) ;
#2466 = DIRECTION ( 'NONE',  ( -0.2565504880724459591, 0.000000000000000000, 0.9665308308945916860 ) ) ;
#2467 = CARTESIAN_POINT ( 'NONE',  ( -29.86736719244745686, 31.78246125726250781, 168.7516393394539591 ) ) ;
#2468 = DIRECTION ( 'NONE',  ( -1.000000000000000000, 0.000000000000000000, 0.000000000000000000 ) ) ;
#2469 = CARTESIAN_POINT ( 'NONE',  ( 96.49704700225025533, 31.27676230248784606, 161.1748725728139391 ) ) ;
#2470 = EDGE_CURVE ( 'NONE', #7123, #7389, #7402, .T. ) ;
#2471 = CARTESIAN_POINT ( 'NONE',  ( 306.0000000000000000, 50.63054645356283601, -170.0515392428203256 ) ) ;
#2472 = ORIENTED_EDGE ( 'NONE', *, *, #5635, .F. ) ;
#2473 = CARTESIAN_POINT ( 'NONE',  ( 1.558291232726141784, 31.89438162645199526, 168.8635597086435780 ) ) ;
#2474 = ORIENTED_EDGE ( 'NONE', *, *, #4869, .F. ) ;
#2475 = CARTESIAN_POINT ( 'NONE',  ( -66.81416208659558720, 47.56350476956582440, 177.4616150398920240 ) ) ;
#2476 = CARTESIAN_POINT ( 'NONE',  ( 306.0000000000000000, 51.04721312022950741, -106.5489350761536542 ) ) ;
#2477 = DIRECTION ( 'NONE',  ( 0.000000000000000000, -0.7071067811865489050, 0.7071067811865461294 ) ) ;
#2478 = CARTESIAN_POINT ( 'NONE',  ( -62.24303482280678423, 37.89065289216857479, 167.7887631624946323 ) ) ;
#2479 = DIRECTION ( 'NONE',  ( -0.000000000000000000, 1.000000000000000000, -0.000000000000000000 ) ) ;
#2480 = EDGE_LOOP ( 'NONE', ( #8260, #1580, #5590, #6159 ) ) ;
#2481 = ADVANCED_FACE ( 'NONE', ( #7446 ), #4875, .F. ) ;
#2482 = CARTESIAN_POINT ( 'NONE',  ( -32.42402592229235836, 30.98676124925137643, 160.8848715195774446 ) ) ;
#2483 = CARTESIAN_POINT ( 'NONE',  ( 306.0000000000000000, 27.42711151986272000, -95.76511368351471276 ) ) ;
#2484 = DIRECTION ( 'NONE',  ( -0.000000000000000000, -0.7071067811865489050, 0.7071067811865460184 ) ) ;
#2485 = AXIS2_PLACEMENT_3D ( 'NONE', #2554, #3273, #5005 ) ;
#2486 = CARTESIAN_POINT ( 'NONE',  ( -53.08628633108307326, 33.61076710757623687, 170.5799451897678409 ) ) ;
#2487 = CARTESIAN_POINT ( 'NONE',  ( -54.90782146479871528, 40.48626824707370986, 177.4554463292652144 ) ) ;
#2488 = CARTESIAN_POINT ( 'NONE',  ( 305.9999999999999432, 30.79532325680062854, -111.2982408423026328 ) ) ;
#2489 = CARTESIAN_POINT ( 'NONE',  ( -43.89152324005807060, 40.75716318583280184, 170.6552734561589091 ) ) ;
#2490 = PLANE ( 'NONE',  #1556 ) ;
#2491 = CARTESIAN_POINT ( 'NONE',  ( 301.0000000000000000, 31.73719449731106934, -94.79509048763074475 ) ) ;
#2492 = VECTOR ( 'NONE', #5177, 1000.000000000000114 ) ;
#2493 = VECTOR ( 'NONE', #1215, 999.9999999999998863 ) ;
#2494 = ORIENTED_EDGE ( 'NONE', *, *, #7200, .F. ) ;
#2495 = LINE ( 'NONE', #5701, #2824 ) ;
#2496 = ADVANCED_FACE ( 'NONE', ( #6012 ), #1591, .T. ) ;
#2497 = DIRECTION ( 'NONE',  ( -0.9750982642520366062, 0.1568173699764558171, 0.1568173699764564555 ) ) ;
#2498 = ORIENTED_EDGE ( 'NONE', *, *, #6643, .T. ) ;
#2499 = CARTESIAN_POINT ( 'NONE',  ( 301.0000000000000000, 44.71950280370884201, -116.2669382121033408 ) ) ;
#2500 = AXIS2_PLACEMENT_3D ( 'NONE', #3736, #8160, #1708 ) ;
#2501 = CARTESIAN_POINT ( 'NONE',  ( 301.0000000000000000, 50.63054645356283601, -127.5515392428203114 ) ) ;
#2502 = VECTOR ( 'NONE', #3892, 1000.000000000000114 ) ;
#2503 = CARTESIAN_POINT ( 'NONE',  ( 301.0000000000000568, 46.04052676966755797, -106.0513679482107534 ) ) ;
#2504 = ORIENTED_EDGE ( 'NONE', *, *, #1661, .T. ) ;
#2505 = CARTESIAN_POINT ( 'NONE',  ( -3.089830434985268770, 38.20200065668999656, 175.1711787388815935 ) ) ;
#2506 = VECTOR ( 'NONE', #2468, 1000.000000000000000 ) ;
#2507 = ORIENTED_EDGE ( 'NONE', *, *, #3360, .T. ) ;
#2508 = CARTESIAN_POINT ( 'NONE',  ( -12.20208542929639428, 27.82283057395254744, 164.7920086561440201 ) ) ;
#2509 = EDGE_LOOP ( 'NONE', ( #7537, #6635, #5710, #7728 ) ) ;
#2510 = CARTESIAN_POINT ( 'NONE',  ( -56.82318998386350017, 44.57650934974949308, 174.4746196200756003 ) ) ;
#2511 = DIRECTION ( 'NONE',  ( 1.000000000000000000, -0.000000000000000000, -0.000000000000000000 ) ) ;
#2512 = CARTESIAN_POINT ( 'NONE',  ( 301.0000000000000000, 24.80255773061290370, -106.6229084715915150 ) ) ;
#2513 = CARTESIAN_POINT ( 'NONE',  ( 23.85263717893752400, 32.46584256966990978, 162.3639528399959886 ) ) ;
#2514 = CARTESIAN_POINT ( 'NONE',  ( 7.394668858566867620, 37.75479280692078987, 167.6529030772469184 ) ) ;
#2515 = PLANE ( 'NONE',  #3231 ) ;
#2516 = ORIENTED_EDGE ( 'NONE', *, *, #4913, .T. ) ;
#2517 = CARTESIAN_POINT ( 'NONE',  ( 301.0000000000001705, 45.50663962150977682, -108.6105057216594219 ) ) ;
#2518 = ORIENTED_EDGE ( 'NONE', *, *, #4645, .T. ) ;
#2519 = CARTESIAN_POINT ( 'NONE',  ( -65.41171415986100612, 46.83612463324583786, 183.8053027154373922 ) ) ;
#2520 = CARTESIAN_POINT ( 'NONE',  ( -25.56877127207319944, 47.62428422242669512, 184.5934623046182992 ) ) ;
#2521 = EDGE_CURVE ( 'NONE', #7519, #937, #4078, .T. ) ;
#2522 = DIRECTION ( 'NONE',  ( 0.000000000000000000, -0.9791300786950063451, 0.2032345664366934090 ) ) ;
#2523 = CARTESIAN_POINT ( 'NONE',  ( 301.0000000000000000, 20.21387978689617881, -184.1075288261536684 ) ) ;
#2524 = LINE ( 'NONE', #3240, #1706 ) ;
#2525 = EDGE_LOOP ( 'NONE', ( #3646, #44, #1627, #3864 ) ) ;
#2526 = CARTESIAN_POINT ( 'NONE',  ( -28.73130492715204198, 27.89889220503205181, 164.8680702872236168 ) ) ;
#2527 = CARTESIAN_POINT ( 'NONE',  ( -335.9999999999999432, 0.000000000000000000, 0.000000000000000000 ) ) ;
#2528 = DIRECTION ( 'NONE',  ( 0.000000000000000000, 0.9308380375108222804, 0.3654320017773497464 ) ) ;
#2529 = LINE ( 'NONE', #4519, #7018 ) ;
#2530 = CARTESIAN_POINT ( 'NONE',  ( -49.75351246894948076, 42.11099838458256528, 172.0091086549087436 ) ) ;
#2531 = CARTESIAN_POINT ( 'NONE',  ( -28.26617887242004912, 42.38913142542298829, 179.3583095076146776 ) ) ;
#2532 = CARTESIAN_POINT ( 'NONE',  ( 8.738753158991009684, 33.61674729691659991, 163.5148575672426716 ) ) ;
#2533 = CARTESIAN_POINT ( 'NONE',  ( -53.09459463774819454, 37.27890860653862859, 167.1770188768647358 ) ) ;
#2534 = EDGE_CURVE ( 'NONE', #2432, #2635, #4247, .T. ) ;
#2535 = CARTESIAN_POINT ( 'NONE',  ( 301.0000000000000000, 34.45842926382709948, -94.64347767095141251 ) ) ;
#2536 = ORIENTED_EDGE ( 'NONE', *, *, #1020, .F. ) ;
#2537 = CARTESIAN_POINT ( 'NONE',  ( -19.04551159364672941, 33.74177920423904453, 170.7109572864305562 ) ) ;
#2538 = CARTESIAN_POINT ( 'NONE',  ( -51.54605328391982511, 39.40384197595472671, 176.3730200581463237 ) ) ;
#2539 = ORIENTED_EDGE ( 'NONE', *, *, #7486, .F. ) ;
#2540 = CARTESIAN_POINT ( 'NONE',  ( 306.0000000000000000, 48.02632345128954228, -114.2977461031157702 ) ) ;
#2541 = B_SPLINE_CURVE_WITH_KNOTS ( 'NONE', 3,
 ( #5600, #1683, #469, #4216, #8055, #6947, #4295, #1756, #6861, #2431, #2270, #4971, #7463, #4258, #3669, #2314, #4936, #2392, #4338 ),
 .UNSPECIFIED., .F., .F.,
 ( 4, 1, 1, 1, 1, 1, 1, 1, 1, 1, 1, 1, 1, 1, 1, 1, 4 ),
 ( 0.000000000000000000, 0.07881071124438387976, 0.1538136617640049053, 0.2252599767730434077, 0.2931587887397555381, 0.3581305895072937062, 0.4205584685789197641, 0.4806150661803166857, 0.5390500984180484068, 0.5958696710282167519, 0.6507658062815362410, 0.7051132502087817944, 0.7597156697204959785, 0.8155666309038623885, 0.8738734779362231642, 0.9349531644877057124, 1.000000000000000000 ),
 .UNSPECIFIED. ) ;
#2542 = CARTESIAN_POINT ( 'NONE',  ( -306.0000000000000000, 0.000000000000000000, 136.9691780821914620 ) ) ;
#2543 = CARTESIAN_POINT ( 'NONE',  ( 305.9999999999999432, 39.03010957675714110, -101.0605491835753327 ) ) ;
#2544 = EDGE_CURVE ( 'NONE', #3024, #2838, #4994, .T. ) ;
#2545 = ADVANCED_FACE ( 'NONE', ( #1096 ), #6104, .T. ) ;
#2546 = ORIENTED_EDGE ( 'NONE', *, *, #1874, .T. ) ;
#2547 = CARTESIAN_POINT ( 'NONE',  ( 301.0000000000000000, 23.54721312022951096, -112.8965913261536542 ) ) ;
#2548 = ORIENTED_EDGE ( 'NONE', *, *, #7819, .F. ) ;
#2549 = CARTESIAN_POINT ( 'NONE',  ( -35.76193385120126322, 48.44493050035261916, 178.3430407706787832 ) ) ;
#2550 = ORIENTED_EDGE ( 'NONE', *, *, #2389, .F. ) ;
#2551 = CARTESIAN_POINT ( 'NONE',  ( 2.779729254610590061, 45.66722826529839807, 175.5653385356245053 ) ) ;
#2552 = EDGE_CURVE ( 'NONE', #7815, #5283, #8077, .T. ) ;
#2553 = VECTOR ( 'NONE', #1777, 1000.000000000000000 ) ;
#2554 = CARTESIAN_POINT ( 'NONE',  ( -335.9999999999999432, -73.86697205968057744, 115.3244233150094402 ) ) ;
#2555 = EDGE_CURVE ( 'NONE', #5915, #159, #3262, .T. ) ;
#2556 = CARTESIAN_POINT ( 'NONE',  ( -29.09809786191231851, 36.17313954865289105, 166.0712498189789983 ) ) ;
#2557 = DIRECTION ( 'NONE',  ( 0.000000000000000000, 0.9931034482758616111, 0.1172413793103483926 ) ) ;
#2558 = CARTESIAN_POINT ( 'NONE',  ( -37.65912697984600044, 40.89775302166221138, 170.7958632919883826 ) ) ;
#2559 = VECTOR ( 'NONE', #894, 1000.000000000000114 ) ;
#2560 = CARTESIAN_POINT ( 'NONE',  ( -60.58628633108306616, 47.26952895510542163, 177.1676392254315715 ) ) ;
#2561 = ORIENTED_EDGE ( 'NONE', *, *, #4041, .T. ) ;
#2562 = DIRECTION ( 'NONE',  ( 0.000000000000000000, -0.7071067811865461294, -0.7071067811865489050 ) ) ;
#2563 = EDGE_LOOP ( 'NONE', ( #6502, #774, #7022, #1479 ) ) ;
#2564 = CARTESIAN_POINT ( 'NONE',  ( -29.56584100153086325, 49.28359143060291814, 186.2527695127946004 ) ) ;
#2565 = CARTESIAN_POINT ( 'NONE',  ( -23.42806237961969984, 48.74478900722254338, 178.6428992775487359 ) ) ;
#2566 = CARTESIAN_POINT ( 'NONE',  ( -61.43054672469931177, 27.83622725202623371, 164.8054053342177667 ) ) ;
#2567 = LINE ( 'NONE', #4384, #8034 ) ;
#2568 = VECTOR ( 'NONE', #5692, 999.9999999999998863 ) ;
#2569 = CARTESIAN_POINT ( 'NONE',  ( -35.76278159850590299, 32.00054208959768687, 168.9697201717893051 ) ) ;
#2570 = VERTEX_POINT ( 'NONE', #2036 ) ;
#2571 = CARTESIAN_POINT ( 'NONE',  ( -32.42402592229235836, 27.45122734331863512, 164.4204054255101823 ) ) ;
#2572 = CARTESIAN_POINT ( 'NONE',  ( 306.0000000000000000, 48.23670732222217339, 115.6222004174907170 ) ) ;
#2573 = CARTESIAN_POINT ( 'NONE',  ( 301.0000000000000000, 41.26856728689617881, -189.4265392428203256 ) ) ;
#2574 = CARTESIAN_POINT ( 'NONE',  ( -53.09751464938256049, 36.96725703294252696, 166.8653673032686413 ) ) ;
#2575 = CARTESIAN_POINT ( 'NONE',  ( -48.39321840974150746, 41.07134042091863790, 170.9694506912447594 ) ) ;
#2576 = CARTESIAN_POINT ( 'NONE',  ( 306.0000000000000568, 25.17527991311654034, -108.5604120867930078 ) ) ;
#2577 = CARTESIAN_POINT ( 'NONE',  ( 7.750026413353743315, 35.55545715459785328, 165.4535674249240174 ) ) ;
#2578 = LINE ( 'NONE', #485, #6261 ) ;
#2579 = CARTESIAN_POINT ( 'NONE',  ( 14.16359797696619616, 27.60743476176716271, 164.5766128439587135 ) ) ;
#2580 = VECTOR ( 'NONE', #5669, 1000.000000000000000 ) ;
#2581 = VERTEX_POINT ( 'NONE', #2542 ) ;
#2582 = CARTESIAN_POINT ( 'NONE',  ( -12.20208542929639428, 27.82283057395251546, 164.7920086561440485 ) ) ;
#2583 = CARTESIAN_POINT ( 'NONE',  ( 335.9999999999999432, -53.52771198192617419, -311.2480616263205206 ) ) ;
#2584 = DIRECTION ( 'NONE',  ( 0.000000000000000000, 0.000000000000000000, -1.000000000000000000 ) ) ;
#2585 = ORIENTED_EDGE ( 'NONE', *, *, #2832, .T. ) ;
#2586 = CARTESIAN_POINT ( 'NONE',  ( 306.0000000000001137, 41.47690062022950741, -117.1348725761536542 ) ) ;
#2587 = CARTESIAN_POINT ( 'NONE',  ( 79.83038033558359814, 31.27676230248784606, 161.1748725728139391 ) ) ;
#2588 = AXIS2_PLACEMENT_3D ( 'NONE', #8012, #1639, #7257 ) ;
#2589 = CARTESIAN_POINT ( 'NONE',  ( 305.9999999999998863, 46.04721312022950741, -106.2689871594869828 ) ) ;
#2590 = ORIENTED_EDGE ( 'NONE', *, *, #6041, .T. ) ;
#2591 = LINE ( 'NONE', #628, #2166 ) ;
#2592 = EDGE_LOOP ( 'NONE', ( #3908, #169, #551, #4320 ) ) ;
#2593 = CARTESIAN_POINT ( 'NONE',  ( -55.40399466441639476, 40.62659220216148270, 177.5957702843531081 ) ) ;
#2594 = EDGE_CURVE ( 'NONE', #773, #3996, #6466, .T. ) ;
#2595 = EDGE_LOOP ( 'NONE', ( #5291, #2970, #5970, #5887 ) ) ;
#2596 = ORIENTED_EDGE ( 'NONE', *, *, #2782, .F. ) ;
#2597 = CARTESIAN_POINT ( 'NONE',  ( -0.5198354156923330471, 47.36386390810502434, 184.3330419902966639 ) ) ;
#2598 = LINE ( 'NONE', #7746, #5583 ) ;
#2599 = CARTESIAN_POINT ( 'NONE',  ( -29.32905522485741301, 32.31369255314811539, 169.2828706353396626 ) ) ;
#2600 = DIRECTION ( 'NONE',  ( 0.000000000000000000, 1.000000000000000000, 0.000000000000000000 ) ) ;
#2601 = CARTESIAN_POINT ( 'NONE',  ( -65.12127378201834915, 43.24740090827359040, 173.1455111785996905 ) ) ;
#2602 = CARTESIAN_POINT ( 'NONE',  ( -60.03260650397404419, 45.92614444053089073, 175.8242547108569909 ) ) ;
#2603 = VERTEX_POINT ( 'NONE', #4658 ) ;
#2604 = EDGE_CURVE ( 'NONE', #6765, #5898, #759, .T. ) ;
#2605 = CARTESIAN_POINT ( 'NONE',  ( 306.0000000000003979, 45.50663962150977682, -108.6105057216594219 ) ) ;
#2606 = EDGE_LOOP ( 'NONE', ( #6664, #55, #5173, #1630, #7152, #2083, #5496, #2637 ) ) ;
#2607 = CARTESIAN_POINT ( 'NONE',  ( 85.66371366891692674, 52.78459356357862475, 182.6827038339048102 ) ) ;
#2608 = LINE ( 'NONE', #1336, #7217 ) ;
#2609 = CARTESIAN_POINT ( 'NONE',  ( -59.87528433338582801, 35.05379187998796198, 164.9519021503141119 ) ) ;
#2610 = CARTESIAN_POINT ( 'NONE',  ( -36.12583532892202953, 32.37261085026953111, 169.3417889324610712 ) ) ;
#2611 = ORIENTED_EDGE ( 'NONE', *, *, #3686, .F. ) ;
#2612 = CARTESIAN_POINT ( 'NONE',  ( -22.25295299774973756, 38.41688351095354648, 168.3149937812796679 ) ) ;
#2613 = EDGE_CURVE ( 'NONE', #4326, #6770, #1316, .T. ) ;
#2614 = CARTESIAN_POINT ( 'NONE',  ( -10.27335926771906749, 49.28243067540169875, 179.1805409457279268 ) ) ;
#2615 = CARTESIAN_POINT ( 'NONE',  ( -46.83628633108306616, 37.56982851265717471, 167.4679387829833104 ) ) ;
#2616 = CARTESIAN_POINT ( 'NONE',  ( 77.61683866891691252, 52.78459356357862475, 182.6827038339048102 ) ) ;
#2617 = LINE ( 'NONE', #4433, #7475 ) ;
#2618 = DIRECTION ( 'NONE',  ( -1.000000000000000000, 0.000000000000000000, -0.000000000000000000 ) ) ;
#2619 = CARTESIAN_POINT ( 'NONE',  ( 16.42045276843677115, 30.99080362321256032, 160.8889138935386427 ) ) ;
#2620 = CARTESIAN_POINT ( 'NONE',  ( -54.07697172580115108, 38.84906147245094843, 168.7471717427770557 ) ) ;
#2621 = FACE_OUTER_BOUND ( 'NONE', #1262, .T. ) ;
#2622 = VERTEX_POINT ( 'NONE', #5881 ) ;
#2623 = VECTOR ( 'NONE', #4742, 1000.000000000000000 ) ;
#2624 = PLANE ( 'NONE',  #3225 ) ;
#2625 = FACE_OUTER_BOUND ( 'NONE', #4676, .T. ) ;
#2626 = CARTESIAN_POINT ( 'NONE',  ( -8.444359247749735786, 34.51766838292617479, 164.4157786532522607 ) ) ;
#2627 = CARTESIAN_POINT ( 'NONE',  ( -335.9999999999999432, -73.86697205968059166, 61.32442331500944732 ) ) ;
#2628 = CARTESIAN_POINT ( 'NONE',  ( 17.21987271476669434, 27.44996649597869975, 164.4191445781702896 ) ) ;
#2629 = CARTESIAN_POINT ( 'NONE',  ( 305.9999999999998863, 42.68005451361125324, -101.8937783304522071 ) ) ;
#2630 = VECTOR ( 'NONE', #5300, 1000.000000000000114 ) ;
#2631 = EDGE_CURVE ( 'NONE', #5646, #580, #2634, .T. ) ;
#2632 = EDGE_LOOP ( 'NONE', ( #4134, #2931, #1180, #5813 ) ) ;
#2633 = LINE ( 'NONE', #7236, #3110 ) ;
#2634 = B_SPLINE_CURVE_WITH_KNOTS ( 'NONE', 3,
 ( #576, #7863, #4489, #3175, #5751, #5248, #7189, #3348, #7108, #5122, #1226, #2075, #7149, #5837, #1908, #1400, #26, #1358, #3987, #3946, #3215, #3904, #6551, #4535, #5920, #2628, #110 ),
 .UNSPECIFIED., .F., .F.,
 ( 4, 1, 1, 1, 1, 1, 1, 1, 1, 1, 1, 1, 1, 1, 1, 1, 1, 1, 1, 1, 1, 1, 1, 1, 4 ),
 ( 0.000000000000000000, 0.05590784625908018501, 0.1083495384710666670, 0.1580270331407163109, 0.2046581972240887060, 0.2482233920554153817, 0.2888430493267900578, 0.3264715683707732352, 0.3613048020798571569, 0.3945729176601862065, 0.4274719911469874178, 0.4607694534002011455, 0.4944950031233131260, 0.5290378594948053070, 0.5646304238502892758, 0.6015117377593389714, 0.6396686735551306846, 0.6789295500384742166, 0.7194046743423679890, 0.7611260262203360938, 0.8045677350999579369, 0.8500859496549125760, 0.8974265021299865364, 0.9475687855323973174, 1.000000000000000000 ),
 .UNSPECIFIED. ) ;
#2635 = VERTEX_POINT ( 'NONE', #2714 ) ;
#2636 = PLANE ( 'NONE',  #7966 ) ;
#2637 = ORIENTED_EDGE ( 'NONE', *, *, #3848, .T. ) ;
#2638 = VECTOR ( 'NONE', #5240, 1000.000000000000114 ) ;
#2639 = VECTOR ( 'NONE', #4741, 1000.000000000000000 ) ;
#2640 = CARTESIAN_POINT ( 'NONE',  ( 306.0000000000000000, 20.70250618045085034, -110.3404218051051515 ) ) ;
#2641 = CARTESIAN_POINT ( 'NONE',  ( -36.60953633073974345, 31.38503225216991765, 161.2831425224960071 ) ) ;
#2642 = DIRECTION ( 'NONE',  ( 0.9723873019805175932, 0.1650195972408286249, 0.1650195972408262657 ) ) ;
#2643 = CARTESIAN_POINT ( 'NONE',  ( 17.85703500838996050, 27.45655140338388023, 164.4257294855753742 ) ) ;
#2644 = VECTOR ( 'NONE', #4630, 1000.000000000000000 ) ;
#2645 = CARTESIAN_POINT ( 'NONE',  ( -57.79331758108306616, 40.22608250188007162, 170.1241927722061860 ) ) ;
#2646 = LINE ( 'NONE', #5721, #2421 ) ;
#2647 = EDGE_LOOP ( 'NONE', ( #4622, #5889, #3486, #2289 ) ) ;
#2648 = ORIENTED_EDGE ( 'NONE', *, *, #3788, .T. ) ;
#2649 = AXIS2_PLACEMENT_3D ( 'NONE', #5009, #3830, #6943 ) ;
#2650 = CARTESIAN_POINT ( 'NONE',  ( -57.90433689271031881, 49.53858120357087103, 186.5077592857624040 ) ) ;
#2651 = CARTESIAN_POINT ( 'NONE',  ( 301.0000000000000000, 35.02507770356284311, -94.63487257615366843 ) ) ;
#2652 = DIRECTION ( 'NONE',  ( 0.000000000000000000, 0.000000000000000000, -1.000000000000000000 ) ) ;
#2653 = ADVANCED_FACE ( 'NONE', ( #5210, #7060 ), #1268, .F. ) ;
#2654 = CARTESIAN_POINT ( 'NONE',  ( 74.08819283558359814, 31.27676230248784606, 161.1748725728139391 ) ) ;
#2655 = ORIENTED_EDGE ( 'NONE', *, *, #5883, .T. ) ;
#2656 = CARTESIAN_POINT ( 'NONE',  ( -28.73130492715204198, 31.43442611096479311, 161.3325363812908790 ) ) ;
#2657 = CARTESIAN_POINT ( 'NONE',  ( -13.05599911639579247, 45.89441115590229003, 175.7925214262284328 ) ) ;
#2658 = DIRECTION ( 'NONE',  ( -1.000000000000000000, 0.000000000000000000, -0.000000000000000000 ) ) ;
#2659 = CARTESIAN_POINT ( 'NONE',  ( -56.98033892926461874, 34.52462622500332401, 164.4227364953294170 ) ) ;
#2660 = CARTESIAN_POINT ( 'NONE',  ( 335.9999999999999432, -73.76327744973373512, 115.6831564879060750 ) ) ;
#2661 = CARTESIAN_POINT ( 'NONE',  ( 20.70130799965589219, 36.16769819897938731, 166.0658084693055798 ) ) ;
#2662 = CARTESIAN_POINT ( 'NONE',  ( -13.32892685660427290, 48.85173458189830598, 185.8209126640899456 ) ) ;
#2663 = LINE ( 'NONE', #3341, #190 ) ;
#2664 = EDGE_CURVE ( 'NONE', #5724, #3198, #8376, .T. ) ;
#2665 = CARTESIAN_POINT ( 'NONE',  ( 306.0000000000000000, 35.45476520356284311, -100.8848725761536542 ) ) ;
#2666 = VERTEX_POINT ( 'NONE', #7735 ) ;
#2667 = CARTESIAN_POINT ( 'NONE',  ( 301.0000000000000000, 45.63054645356284311, -157.9682059094869828 ) ) ;
#2668 = FACE_BOUND ( 'NONE', #2606, .T. ) ;
#2669 = PLANE ( 'NONE',  #4870 ) ;
#2670 = CARTESIAN_POINT ( 'NONE',  ( 41.49704700225026244, 31.27676230248784606, 161.1748725728139391 ) ) ;
#2671 = CARTESIAN_POINT ( 'NONE',  ( -29.66562321728425999, 27.69600958703293969, 164.6651876692244798 ) ) ;
#2672 = CARTESIAN_POINT ( 'NONE',  ( -57.31154674774973756, 34.51766838292617479, 164.4157786532522891 ) ) ;
#2673 = ORIENTED_EDGE ( 'NONE', *, *, #1467, .F. ) ;
#2674 = LINE ( 'NONE', #3865, #5001 ) ;
#2675 = ORIENTED_EDGE ( 'NONE', *, *, #379, .T. ) ;
#2676 = CARTESIAN_POINT ( 'NONE',  ( -59.61056102914624688, 31.07489138337275847, 160.9730016536988160 ) ) ;
#2677 = ORIENTED_EDGE ( 'NONE', *, *, #8003, .T. ) ;
#2678 = EDGE_CURVE ( 'NONE', #6594, #113, #1954, .T. ) ;
#2679 = CARTESIAN_POINT ( 'NONE',  ( 2.449946289536896860, 46.72911519222143539, 176.6272254625476705 ) ) ;
#2680 = CARTESIAN_POINT ( 'NONE',  ( -42.87766313511522043, 32.98402343415127547, 169.9532015163428014 ) ) ;
#2681 = CARTESIAN_POINT ( 'NONE',  ( 300.9999999999998863, 45.13950878126412647, -109.1737851898855070 ) ) ;
#2682 = CARTESIAN_POINT ( 'NONE',  ( -19.58759703400943764, 44.54914077247382664, 174.4472510427999907 ) ) ;
#2683 = APPROVAL ( #2269, 'UNSPECIFIED' ) ;
#2684 = B_SPLINE_SURFACE_WITH_KNOTS ( 'NONE', 3, 1, ( 
 ( #1931, #556 ),
 ( #6953, #1163 ),
 ( #3754, #3884 ),
 ( #1802, #1848 ),
 ( #7041, #5606 ),
 ( #3797, #603 ),
 ( #6315, #1889 ),
 ( #4470, #1248 ),
 ( #513, #7716 ),
 ( #3715, #4343 ),
 ( #3839, #7632 ),
 ( #3195, #8352 ),
 ( #3112, #8185 ),
 ( #4510, #6402 ),
 ( #6357, #7085 ),
 ( #1293, #5730 ),
 ( #1763, #5643 ),
 ( #5685, #1206 ),
 ( #2397, #6446 ) ),
 .UNSPECIFIED., .F., .F., .F.,
 ( 4, 1, 1, 1, 1, 1, 1, 1, 1, 1, 1, 1, 1, 1, 1, 1, 4 ),
 ( 2, 2 ),
 ( 0.000000000000000000, 0.09619523693051384994, 0.1866805802500461353, 0.2706416480855469153, 0.3491651986008406094, 0.4220465865201841749, 0.4900452044572417010, 0.5524257059420210059, 0.6106806885723352618, 0.6646699237804807314, 0.7152889111212084039, 0.7633785561991777158, 0.8102077307408552809, 0.8558425033647667490, 0.9022439127876653586, 0.9498799648559359543, 1.000000000000000000 ),
 ( 0.000000000000000000, 1.000000000000000000 ),
 .UNSPECIFIED. ) ;
#2685 = DIRECTION ( 'NONE',  ( 1.000000000000000000, 0.000000000000000000, 0.000000000000000000 ) ) ;
#2686 = DIRECTION ( 'NONE',  ( 0.000000000000000000, 0.000000000000000000, 1.000000000000000000 ) ) ;
#2687 = ORIENTED_EDGE ( 'NONE', *, *, #6679, .T. ) ;
#2688 = ORIENTED_EDGE ( 'NONE', *, *, #5693, .F. ) ;
#2689 = CARTESIAN_POINT ( 'NONE',  ( -5.032043624062271014, 35.61000330027290772, 165.5081135705989936 ) ) ;
#2690 = CARTESIAN_POINT ( 'NONE',  ( -65.68701357650783734, 29.94470320465210733, 166.9138812868436048 ) ) ;
#2691 = LINE ( 'NONE', #7801, #2770 ) ;
#2692 = DIRECTION ( 'NONE',  ( 1.000000000000000000, 0.000000000000000000, 0.000000000000000000 ) ) ;
#2693 = VECTOR ( 'NONE', #274, 1000.000000000000114 ) ;
#2694 = ORIENTED_EDGE ( 'NONE', *, *, #6277, .T. ) ;
#2695 = CARTESIAN_POINT ( 'NONE',  ( 13.58194808591950853, 35.91560977584178715, 172.8847878580333770 ) ) ;
#2696 = CARTESIAN_POINT ( 'NONE',  ( -8.724849209775964454, 49.53692056686089984, 179.4350308371870995 ) ) ;
#2697 = CARTESIAN_POINT ( 'NONE',  ( -29.88468213256944495, 48.64157604026350157, 178.5396863105897012 ) ) ;
#2698 = ADVANCED_FACE ( 'NONE', ( #1485 ), #1572, .T. ) ;
#2699 = CARTESIAN_POINT ( 'NONE',  ( -37.37824266245299754, 35.06833582391109161, 172.0375139061025322 ) ) ;
#2700 = AXIS2_PLACEMENT_3D ( 'NONE', #1500, #1375, #812 ) ;
#2701 = CARTESIAN_POINT ( 'NONE',  ( 306.0000000000000000, 69.99999999999995737, 206.9691780821917462 ) ) ;
#2702 = CARTESIAN_POINT ( 'NONE',  ( 20.80796341029799734, 36.48033738142864735, 166.3784476517547546 ) ) ;
#2703 = ADVANCED_FACE ( 'NONE', ( #3514 ), #6672, .T. ) ;
#2704 = LINE ( 'NONE', #2026, #7883 ) ;
#2705 = CARTESIAN_POINT ( 'NONE',  ( -32.57380128118223439, 46.00478802182435345, 182.9739661040159149 ) ) ;
#2706 = CARTESIAN_POINT ( 'NONE',  ( 306.0000000000000000, 45.01729915266824378, -103.4135007699979809 ) ) ;
#2707 = ORIENTED_EDGE ( 'NONE', *, *, #239, .T. ) ;
#2708 = VECTOR ( 'NONE', #4765, 1000.000000000000000 ) ;
#2709 = CARTESIAN_POINT ( 'NONE',  ( 306.0000000000000000, 19.79721312022951096, -105.7937267428203256 ) ) ;
#2710 = DIRECTION ( 'NONE',  ( 0.000000000000000000, -0.7071067811865461294, -0.7071067811865489050 ) ) ;
#2711 = CARTESIAN_POINT ( 'NONE',  ( 306.0000000000000000, 50.63054645356283601, -121.3015392428203256 ) ) ;
#2712 = EDGE_CURVE ( 'NONE', #7797, #6765, #6714, .T. ) ;
#2713 = CARTESIAN_POINT ( 'NONE',  ( 13.59899038463071896, 38.62092978994490267, 168.5190400602710099 ) ) ;
#2714 = CARTESIAN_POINT ( 'NONE',  ( 3.163713668916934285, 42.03988505257993324, 171.9379953229060618 ) ) ;
#2715 = CARTESIAN_POINT ( 'NONE',  ( 306.0000000000001705, 45.50663962150977682, -108.6105057216594219 ) ) ;
#2716 = AXIS2_PLACEMENT_3D ( 'NONE', #7367, #1584, #5379 ) ;
#2717 = ORIENTED_EDGE ( 'NONE', *, *, #1080, .T. ) ;
#2718 = CARTESIAN_POINT ( 'NONE',  ( 91.08038033558358393, 27.74122839655510120, 164.7104064787466484 ) ) ;
#2719 = ORIENTED_EDGE ( 'NONE', *, *, #7925, .T. ) ;
#2720 = FACE_OUTER_BOUND ( 'NONE', #8045, .T. ) ;
#2721 = ORIENTED_EDGE ( 'NONE', *, *, #5271, .F. ) ;
#2722 = EDGE_CURVE ( 'NONE', #3394, #5402, #3473, .T. ) ;
#2723 = VECTOR ( 'NONE', #6585, 1000.000000000000114 ) ;
#2724 = CARTESIAN_POINT ( 'NONE',  ( 0.9454580888991809262, 45.92971175354843894, 182.8988898357399933 ) ) ;
#2725 = DIRECTION ( 'NONE',  ( -0.000000000000000000, -0.7071067811865489050, 0.7071067811865460184 ) ) ;
#2726 = DIRECTION ( 'NONE',  ( 0.000000000000000000, -1.000000000000000000, 0.000000000000000000 ) ) ;
#2727 = CARTESIAN_POINT ( 'NONE',  ( 22.66752178894142489, 28.34913321502840944, 165.3183112972198217 ) ) ;
#2728 = CARTESIAN_POINT ( 'NONE',  ( -66.21844306627275500, 44.56485087099079578, 174.4629611413168675 ) ) ;
#2729 = CARTESIAN_POINT ( 'NONE',  ( -66.69052896369117889, 34.58691863764256169, 164.4850289079686547 ) ) ;
#2730 = VERTEX_POINT ( 'NONE', #233 ) ;
#2731 = ORIENTED_EDGE ( 'NONE', *, *, #1679, .T. ) ;
#2732 = DIRECTION ( 'NONE',  ( 1.000000000000000000, -0.000000000000000000, -0.000000000000000000 ) ) ;
#2733 = CARTESIAN_POINT ( 'NONE',  ( -32.56530267498935416, 30.98635708488490081, 167.9555351670764765 ) ) ;
#2734 = CARTESIAN_POINT ( 'NONE',  ( -60.55505779301789460, 31.93953410258092163, 168.9087121847724688 ) ) ;
#2735 = CARTESIAN_POINT ( 'NONE',  ( 306.0000000000000000, -73.76327744973373512, 115.6831564879060750 ) ) ;
#2736 = EDGE_CURVE ( 'NONE', #3774, #5798, #2156, .T. ) ;
#2737 = DIRECTION ( 'NONE',  ( 0.000000000000000000, -0.9130342604405264906, 0.4078828744404707773 ) ) ;
#2738 = CARTESIAN_POINT ( 'NONE',  ( 15.94983471963793242, 31.08717188852610036, 168.0563499707176334 ) ) ;
#2739 = CARTESIAN_POINT ( 'NONE',  ( 301.0000000000000000, 27.71387978689617526, -85.45518507615365422 ) ) ;
#2740 = VERTEX_POINT ( 'NONE', #5407 ) ;
#2741 = LINE ( 'NONE', #6657, #3307 ) ;
#2742 = LINE ( 'NONE', #5520, #4922 ) ;
#2743 = CARTESIAN_POINT ( 'NONE',  ( 3.163713668916934285, 38.50435114664718839, 175.4735292288387996 ) ) ;
#2744 = CARTESIAN_POINT ( 'NONE',  ( -51.81734259783937802, 52.02597471762576475, 181.9240849879519146 ) ) ;
#2745 = CARTESIAN_POINT ( 'NONE',  ( -28.81258453382977791, 47.30748812974036355, 177.2055984000665205 ) ) ;
#2746 = CARTESIAN_POINT ( 'NONE',  ( -66.82321926251826483, 43.11944304274872053, 180.0886211249403459 ) ) ;
#2747 = ORIENTED_EDGE ( 'NONE', *, *, #7530, .F. ) ;
#2748 = CARTESIAN_POINT ( 'NONE',  ( 14.01627113335345598, 36.01445467185063620, 165.9125649421767150 ) ) ;
#2749 = DIRECTION ( 'NONE',  ( 0.000000000000000000, 0.000000000000000000, -1.000000000000000000 ) ) ;
#2750 = DIRECTION ( 'NONE',  ( 0.000000000000000000, 0.000000000000000000, -1.000000000000000000 ) ) ;
#2751 = LINE ( 'NONE', #5328, #6073 ) ;
#2752 = CARTESIAN_POINT ( 'NONE',  ( -19.72885507944525685, 40.74764828501531611, 170.6457585553414162 ) ) ;
#2753 = CARTESIAN_POINT ( 'NONE',  ( 305.9999999999999432, 46.00900131778217172, -107.0919203124098829 ) ) ;
#2754 = EDGE_CURVE ( 'NONE', #6404, #4872, #1527, .T. ) ;
#2755 = ORIENTED_EDGE ( 'NONE', *, *, #909, .T. ) ;
#2756 = ORIENTED_EDGE ( 'NONE', *, *, #566, .T. ) ;
#2757 = CARTESIAN_POINT ( 'NONE',  ( -62.26417402843969739, 28.06254114478004880, 165.0317192269715747 ) ) ;
#2758 = VERTEX_POINT ( 'NONE', #5448 ) ;
#2759 = VECTOR ( 'NONE', #2511, 1000.000000000000000 ) ;
#2760 = CARTESIAN_POINT ( 'NONE',  ( -12.85881625740820766, 34.04468644031150149, 171.0138645225030700 ) ) ;
#2761 = CARTESIAN_POINT ( 'NONE',  ( -22.25295299774973756, 41.85113910187260444, 178.8203171840641517 ) ) ;
#2762 = CARTESIAN_POINT ( 'NONE',  ( 301.0000000000000000, 41.10507251571742415, -111.1897307221009470 ) ) ;
#2763 = CARTESIAN_POINT ( 'NONE',  ( 19.66524335594790074, 27.60236188738096885, 164.5715399695723988 ) ) ;
#2764 = EDGE_CURVE ( 'NONE', #6150, #4326, #922, .T. ) ;
#2765 = CARTESIAN_POINT ( 'NONE',  ( -57.31154674774973756, 34.51766838292617479, 164.4157786532522891 ) ) ;
#2766 = VECTOR ( 'NONE', #2436, 1000.000000000000000 ) ;
#2767 = DIRECTION ( 'NONE',  ( 0.000000000000000000, 0.9074075006366860707, 0.4202518623257752717 ) ) ;
#2768 = EDGE_LOOP ( 'NONE', ( #3280, #884, #3189, #3878, #7079, #8165, #1185, #415, #6169, #4113, #3404, #7718, #7274 ) ) ;
#2769 = EDGE_LOOP ( 'NONE', ( #2293, #3177, #6206, #6093 ) ) ;
#2770 = VECTOR ( 'NONE', #8006, 1000.000000000000000 ) ;
#2771 = CARTESIAN_POINT ( 'NONE',  ( -24.37921757280513546, 46.53705030402196741, 183.5062283862136212 ) ) ;
#2772 = DIRECTION ( 'NONE',  ( 0.000000000000000000, 0.3654320017773497464, -0.9308380375108222804 ) ) ;
#2773 = CARTESIAN_POINT ( 'NONE',  ( 63.99704700225025533, 49.14778134263217879, 179.0458916129583429 ) ) ;
#2774 = CARTESIAN_POINT ( 'NONE',  ( -4.015345496477078058, 47.04120698930027089, 176.9393172596264492 ) ) ;
#2775 = CARTESIAN_POINT ( 'NONE',  ( -66.69620020792919490, 48.17781892688689283, 178.0759291972130711 ) ) ;
#2776 = VECTOR ( 'NONE', #946, 1000.000000000000000 ) ;
#2777 = DIRECTION ( 'NONE',  ( 1.000000000000000000, -0.000000000000000000, -0.000000000000000000 ) ) ;
#2778 = APPLICATION_PROTOCOL_DEFINITION ( 'international standard', 'config_control_design', 1994, #7142 ) ;
#2779 = FACE_OUTER_BOUND ( 'NONE', #6317, .T. ) ;
#2780 = VERTEX_POINT ( 'NONE', #6125 ) ;
#2781 = CARTESIAN_POINT ( 'NONE',  ( 301.0000000000000000, 45.63054645356284311, -170.0515392428203256 ) ) ;
#2782 = EDGE_CURVE ( 'NONE', #5558, #2393, #2794, .T. ) ;
#2783 = DIRECTION ( 'NONE',  ( -0.000000000000000000, -0.000000000000000000, 1.000000000000000000 ) ) ;
#2784 = CARTESIAN_POINT ( 'NONE',  ( 20.52677084003666863, 32.29994503582560128, 169.2691231180173475 ) ) ;
#2785 = DIRECTION ( 'NONE',  ( 0.000000000000000000, -0.7071067811865489050, 0.7071067811865460184 ) ) ;
#2786 = CARTESIAN_POINT ( 'NONE',  ( -29.03586373173659041, 44.16266962884809288, 181.1318477110396543 ) ) ;
#2787 = CARTESIAN_POINT ( 'NONE',  ( 28.58038033558359103, 49.24905965764587989, 186.2182377398375195 ) ) ;
#2788 = ORIENTED_EDGE ( 'NONE', *, *, #8284, .T. ) ;
#2789 = DIRECTION ( 'NONE',  ( 1.000000000000000000, -0.000000000000000000, -0.000000000000000000 ) ) ;
#2790 = CARTESIAN_POINT ( 'NONE',  ( 2.774581109181317284, 34.86468255483056566, 171.8338606370221271 ) ) ;
#2791 = CARTESIAN_POINT ( 'NONE',  ( 301.0000000000000000, 24.88310201603878014, -107.5634628289436421 ) ) ;
#2792 = CARTESIAN_POINT ( 'NONE',  ( 13.73133087802038155, 37.03656322808596713, 166.9346734984121099 ) ) ;
#2793 = EDGE_CURVE ( 'NONE', #3530, #139, #7907, .T. ) ;
#2794 = LINE ( 'NONE', #2201, #5596 ) ;
#2795 = CARTESIAN_POINT ( 'NONE',  ( 98.05954700225025533, 52.78459356357862475, 182.6827038339048102 ) ) ;
#2796 = ORIENTED_EDGE ( 'NONE', *, *, #6772, .F. ) ;
#2797 = ORIENTED_EDGE ( 'NONE', *, *, #593, .F. ) ;
#2798 = CARTESIAN_POINT ( 'NONE',  ( -66.69052896369117889, 34.58691863764256169, 164.4850289079686547 ) ) ;
#2799 = ORIENTED_EDGE ( 'NONE', *, *, #4564, .T. ) ;
#2800 = EDGE_CURVE ( 'NONE', #6470, #2044, #2285, .T. ) ;
#2801 = CARTESIAN_POINT ( 'NONE',  ( -335.9999999999999432, 47.28212551604982394, -274.4730072434720682 ) ) ;
#2802 = CARTESIAN_POINT ( 'NONE',  ( 111.4970470022502411, 52.78459356357862475, 182.6827038339048102 ) ) ;
#2803 = EDGE_CURVE ( 'NONE', #3084, #46, #7947, .T. ) ;
#2804 = CARTESIAN_POINT ( 'NONE',  ( -54.74378760153977908, 48.82246726066155418, 178.7205775309878106 ) ) ;
#2805 = FACE_OUTER_BOUND ( 'NONE', #6583, .T. ) ;
#2806 = CARTESIAN_POINT ( 'NONE',  ( 63.99704700225025533, 49.14778134263217879, 179.0458916129583429 ) ) ;
#2807 = VERTEX_POINT ( 'NONE', #840 ) ;
#2808 = EDGE_CURVE ( 'NONE', #6680, #4544, #3242, .T. ) ;
#2809 = EDGE_CURVE ( 'NONE', #4810, #3737, #6002, .T. ) ;
#2810 = CARTESIAN_POINT ( 'NONE',  ( -8.211591173546965550, 30.98862324194080387, 167.9578013241323049 ) ) ;
#2811 = CARTESIAN_POINT ( 'NONE',  ( -66.21113568839814434, 45.79085691799321012, 182.7600350001848710 ) ) ;
#2812 = DIRECTION ( 'NONE',  ( -0.2217732514363836283, -0.6894985949758455357, -0.6894985949758487553 ) ) ;
#2813 = CARTESIAN_POINT ( 'NONE',  ( 301.0000000000000000, 31.04721312022951096, -105.8848725761536542 ) ) ;
#2814 = CARTESIAN_POINT ( 'NONE',  ( -41.05040010036530163, 46.64358939183641439, 183.6127674740281179 ) ) ;
#2815 = CARTESIAN_POINT ( 'NONE',  ( 306.0000000000000000, 69.99999999999995737, 206.9691780821917462 ) ) ;
#2816 = PERSON_AND_ORGANIZATION ( #675, #1090 ) ;
#2817 = CARTESIAN_POINT ( 'NONE',  ( -59.42267055915377227, 37.14479205602936673, 174.1139701382210205 ) ) ;
#2818 = EDGE_LOOP ( 'NONE', ( #8168, #7602, #3133, #4279 ) ) ;
#2819 = CARTESIAN_POINT ( 'NONE',  ( -55.40399466441639476, 44.16212610809422756, 174.0602363784203988 ) ) ;
#2820 = CARTESIAN_POINT ( 'NONE',  ( -57.18531722273196749, 30.98830558675090430, 160.8864158570769689 ) ) ;
#2821 = LINE ( 'NONE', #349, #4929 ) ;
#2822 = CARTESIAN_POINT ( 'NONE',  ( -53.24260971171827350, 52.54682016856069993, 182.4449304388868143 ) ) ;
#2823 = CARTESIAN_POINT ( 'NONE',  ( -29.88468213256944495, 48.64157604026350157, 178.5396863105897012 ) ) ;
#2824 = VECTOR ( 'NONE', #6170, 1000.000000000000000 ) ;
#2825 = DIRECTION ( 'NONE',  ( 1.000000000000000000, 0.000000000000000000, 0.000000000000000000 ) ) ;
#2826 = VERTEX_POINT ( 'NONE', #7437 ) ;
#2827 = CARTESIAN_POINT ( 'NONE',  ( 13.58038033558359103, 39.62761973134458060, 169.5257300016706949 ) ) ;
#2828 = CARTESIAN_POINT ( 'NONE',  ( -5.742229726197304984, 31.14320016552056813, 161.0413104358466398 ) ) ;
#2829 = CARTESIAN_POINT ( 'NONE',  ( 306.0000000000000000, 30.30601770638835646, -111.2918335750198793 ) ) ;
#2830 = VECTOR ( 'NONE', #1670, 1000.000000000000114 ) ;
#2831 = CARTESIAN_POINT ( 'NONE',  ( 13.68797871310178316, 37.37618870563518669, 167.2742989759612726 ) ) ;
#2832 = EDGE_CURVE ( 'NONE', #460, #8014, #1734, .T. ) ;
#2833 = CARTESIAN_POINT ( 'NONE',  ( 301.0000000000000000, 50.63054645356283601, -121.3015392428203256 ) ) ;
#2834 = CARTESIAN_POINT ( 'NONE',  ( -58.82153721087773590, 49.39729587576584890, 179.2954061460919775 ) ) ;
#2835 = CARTESIAN_POINT ( 'NONE',  ( 305.9999999999999432, 45.82310240177048399, -107.8821034835958272 ) ) ;
#2836 = VECTOR ( 'NONE', #6655, 1000.000000000000000 ) ;
#2837 = VERTEX_POINT ( 'NONE', #3604 ) ;
#2838 = VERTEX_POINT ( 'NONE', #4311 ) ;
#2839 = CARTESIAN_POINT ( 'NONE',  ( -67.11973386710130285, 31.67746723470745707, 168.6466453168989972 ) ) ;
#2840 = ORIENTED_EDGE ( 'NONE', *, *, #6724, .F. ) ;
#2841 = CARTESIAN_POINT ( 'NONE',  ( -13.49079859609418008, 37.64160159181118814, 174.6107796740028277 ) ) ;
#2842 = AXIS2_PLACEMENT_3D ( 'NONE', #6849, #6726, #7406 ) ;
#2843 = LINE ( 'NONE', #1454, #4667 ) ;
#2844 = CARTESIAN_POINT ( 'NONE',  ( 300.9999999999998863, 22.10163912792451768, -99.16791667378662112 ) ) ;
#2845 = DIRECTION ( 'NONE',  ( 0.000000000000000000, 0.000000000000000000, -1.000000000000000000 ) ) ;
#2846 = ADVANCED_FACE ( 'NONE', ( #4272 ), #7516, .F. ) ;
#2847 = ORIENTED_EDGE ( 'NONE', *, *, #3924, .F. ) ;
#2848 = PRODUCT_DEFINITION_FORMATION_WITH_SPECIFIED_SOURCE ( 'ANY', '', #3970, .NOT_KNOWN. ) ;
#2849 = LINE ( 'NONE', #5422, #2428 ) ;
#2850 = VERTEX_POINT ( 'NONE', #2405 ) ;
#2851 = CARTESIAN_POINT ( 'NONE',  ( -3.089830434985268770, 41.73753456262274142, 171.6356448329488842 ) ) ;
#2852 = CARTESIAN_POINT ( 'NONE',  ( -29.09809786191231851, 32.63760564272014619, 169.6067837249117360 ) ) ;
#2853 = LINE ( 'NONE', #2263, #5880 ) ;
#2854 = CARTESIAN_POINT ( 'NONE',  ( 8.738753158991009684, 33.61674729691659991, 163.5148575672426716 ) ) ;
#2855 = ADVANCED_FACE ( 'NONE', ( #3762 ), #3079, .T. ) ;
#2856 = CARTESIAN_POINT ( 'NONE',  ( -34.13526066984860563, 31.00485575789854309, 160.9029660282246823 ) ) ;
#2857 = CARTESIAN_POINT ( 'NONE',  ( -53.96972047528845451, 43.75649551971515905, 173.6546057900412734 ) ) ;
#2858 = ORIENTED_EDGE ( 'NONE', *, *, #6242, .T. ) ;
#2859 = CARTESIAN_POINT ( 'NONE',  ( -62.49162551302641333, 38.13528285179216937, 175.1044609339838303 ) ) ;
#2860 = ORIENTED_EDGE ( 'NONE', *, *, #2555, .F. ) ;
#2861 = DIRECTION ( 'NONE',  ( 0.000000000000000000, 0.000000000000000000, 1.000000000000000000 ) ) ;
#2862 = LINE ( 'NONE', #2701, #49 ) ;
#2863 = DIRECTION ( 'NONE',  ( 0.000000000000000000, -0.4392837636536817136, -0.8983483594854817511 ) ) ;
#2864 = CARTESIAN_POINT ( 'NONE',  ( 301.0000000000000568, 49.23182325825202099, -112.9710839730524015 ) ) ;
#2865 = DIRECTION ( 'NONE',  ( 1.000000000000000000, 0.000000000000000000, 0.000000000000000000 ) ) ;
#2866 = CARTESIAN_POINT ( 'NONE',  ( -37.37775580624064276, 41.60862804667092973, 178.5778061288625622 ) ) ;
#2867 = ORIENTED_EDGE ( 'NONE', *, *, #6665, .F. ) ;
#2868 = B_SPLINE_SURFACE_WITH_KNOTS ( 'NONE', 3, 1, ( 
 ( #1453, #3998 ),
 ( #3224, #4586 ),
 ( #5890, #7832 ),
 ( #7159, #766 ),
 ( #2046, #3355 ),
 ( #4498, #5805 ),
 ( #8385, #5131 ),
 ( #5929, #119 ),
 ( #35, #2597 ),
 ( #806, #79 ),
 ( #5175, #2724 ),
 ( #7745, #4545 ),
 ( #5298, #1369 ),
 ( #2679, #8340 ),
 ( #2551, #1964 ),
 ( #5256, #7116 ),
 ( #3912, #6477 ),
 ( #204, #1664 ),
 ( #4237, #4158 ) ),
 .UNSPECIFIED., .F., .F., .F.,
 ( 4, 1, 1, 1, 1, 1, 1, 1, 1, 1, 1, 1, 1, 1, 1, 1, 4 ),
 ( 2, 2 ),
 ( 0.000000000000000000, 0.06337303283493017636, 0.1231682760295920026, 0.1800134961143039503, 0.2350194234886375799, 0.2887851633263027740, 0.3421470788154643006, 0.3960907008056631651, 0.4515494693117408365, 0.5090459906541066060, 0.5684331548331195139, 0.6308190041293127992, 0.6965028815291435249, 0.7658058217094777520, 0.8392590072860687256, 0.9172366981615461823, 1.000000000000000000 ),
 ( 0.000000000000000000, 1.000000000000000000 ),
 .UNSPECIFIED. ) ;
#2869 = CARTESIAN_POINT ( 'NONE',  ( 3.163713668916934285, 42.03988505257993324, 171.9379953229060618 ) ) ;
#2870 = CARTESIAN_POINT ( 'NONE',  ( -60.03260650397404419, 42.39061053459814588, 179.3597886167897286 ) ) ;
#2871 = CARTESIAN_POINT ( 'NONE',  ( -306.0000000000000000, 47.28212551604982394, -274.4730072434720682 ) ) ;
#2872 = CARTESIAN_POINT ( 'NONE',  ( 301.0000000000000000, 50.63054645356283601, -199.2182059094869828 ) ) ;
#2873 = DIRECTION ( 'NONE',  ( 0.000000000000000000, 0.7071067811865459074, 0.7071067811865491270 ) ) ;
#2874 = PLANE ( 'NONE',  #1408 ) ;
#2875 = CARTESIAN_POINT ( 'NONE',  ( -13.49859503259212268, 38.78826064545076235, 175.7574387276424090 ) ) ;
#2876 = ORIENTED_EDGE ( 'NONE', *, *, #7121, .T. ) ;
#2877 = ORIENTED_EDGE ( 'NONE', *, *, #228, .T. ) ;
#2878 = CARTESIAN_POINT ( 'NONE',  ( 26.91371366891692674, 39.79334788318517724, 169.6914581535112916 ) ) ;
#2879 = ORIENTED_EDGE ( 'NONE', *, *, #6885, .F. ) ;
#2880 = DIRECTION ( 'NONE',  ( 1.000000000000000000, -0.000000000000000000, -0.000000000000000000 ) ) ;
#2881 = EDGE_CURVE ( 'NONE', #2079, #6404, #2367, .T. ) ;
#2882 = LINE ( 'NONE', #6640, #1138 ) ;
#2883 = CARTESIAN_POINT ( 'NONE',  ( -61.64919489722979051, 33.14104613951812439, 170.1102242217096716 ) ) ;
#2884 = CARTESIAN_POINT ( 'NONE',  ( 306.0000000000000568, 49.23182325825202099, -112.9710839730524015 ) ) ;
#2885 = ORIENTED_EDGE ( 'NONE', *, *, #3332, .T. ) ;
#2886 = CARTESIAN_POINT ( 'NONE',  ( -23.88124820660270942, 49.43543680852202726, 179.3335470788481985 ) ) ;
#2887 = AXIS2_PLACEMENT_3D ( 'NONE', #5592, #6895, #4964 ) ;
#2888 = EDGE_LOOP ( 'NONE', ( #2271, #5035, #677, #5225 ) ) ;
#2889 = ADVANCED_FACE ( 'NONE', ( #400 ), #3683, .T. ) ;
#2890 = CARTESIAN_POINT ( 'NONE',  ( 21.08038033558359814, 36.15193210246538058, 173.1211101846569704 ) ) ;
#2891 = CARTESIAN_POINT ( 'NONE',  ( -32.79331758108306616, 30.98213447699344769, 160.8802447473195230 ) ) ;
#2892 = LINE ( 'NONE', #3537, #2376 ) ;
#2893 = VECTOR ( 'NONE', #1114, 1000.000000000000114 ) ;
#2894 = AXIS2_PLACEMENT_3D ( 'NONE', #2781, #7975, #5357 ) ;
#2895 = CARTESIAN_POINT ( 'NONE',  ( 16.42045276843677115, 27.45526971727978349, 164.4244477994714089 ) ) ;
#2896 = CARTESIAN_POINT ( 'NONE',  ( -32.79331758108306616, 30.98213447699344769, 160.8802447473195230 ) ) ;
#2897 = CARTESIAN_POINT ( 'NONE',  ( -32.73472383108308037, 34.51766838292617479, 164.4157786532522891 ) ) ;
#2898 = ORIENTED_EDGE ( 'NONE', *, *, #6409, .T. ) ;
#2899 = DATE_AND_TIME ( #303, #4204 ) ;
#2900 = DIRECTION ( 'NONE',  ( 0.2394661215810580668, -0.6865333118701969495, -0.6865333118701996140 ) ) ;
#2901 = ORIENTED_EDGE ( 'NONE', *, *, #7397, .F. ) ;
#2902 = AXIS2_PLACEMENT_3D ( 'NONE', #2099, #4682, #7252 ) ;
#2903 = CARTESIAN_POINT ( 'NONE',  ( -60.55100922373102179, 46.77765266534613886, 176.6757629356722816 ) ) ;
#2904 = CARTESIAN_POINT ( 'NONE',  ( 301.0000000000000000, 25.21387978689617526, -157.9682059094869828 ) ) ;
#2905 = CARTESIAN_POINT ( 'NONE',  ( 306.0000000000000000, 20.21387978689617881, -151.7182059094869828 ) ) ;
#2906 = ADVANCED_FACE ( 'NONE', ( #3724 ), #3121, .F. ) ;
#2907 = CARTESIAN_POINT ( 'NONE',  ( -55.71161043033867344, 53.00089849212157134, 182.8990087624477496 ) ) ;
#2908 = CARTESIAN_POINT ( 'NONE',  ( 18.51569352476949248, 34.61431418878640187, 164.5124244591125091 ) ) ;
#2909 = CARTESIAN_POINT ( 'NONE',  ( -36.74668793348264728, 43.53270344658314883, 180.5018815287748453 ) ) ;
#2910 = VECTOR ( 'NONE', #5401, 1000.000000000000114 ) ;
#2911 = ORIENTED_EDGE ( 'NONE', *, *, #8112, .F. ) ;
#2912 = CARTESIAN_POINT ( 'NONE',  ( -12.61914723325894805, 33.47590740637978968, 170.4450854885713511 ) ) ;
#2913 = CARTESIAN_POINT ( 'NONE',  ( 2.468717331469225229, 37.33216280445881807, 167.2302730747849466 ) ) ;
#2914 = CARTESIAN_POINT ( 'NONE',  ( 301.0000000000000568, 29.59789919893696464, -111.2297185289126276 ) ) ;
#2915 = CARTESIAN_POINT ( 'NONE',  ( 305.9999999999998295, 33.35162361221956218, -94.66028556608861777 ) ) ;
#2916 = EDGE_CURVE ( 'NONE', #4005, #4074, #8179, .T. ) ;
#2917 = DIRECTION ( 'NONE',  ( 1.000000000000000000, 0.000000000000000000, -0.000000000000000000 ) ) ;
#2918 = EDGE_CURVE ( 'NONE', #3832, #5549, #6962, .T. ) ;
#2919 = CARTESIAN_POINT ( 'NONE',  ( -33.24989004299752082, 30.98986499198140976, 160.8879752623075206 ) ) ;
#2920 = DIRECTION ( 'NONE',  ( 0.000000000000000000, 0.000000000000000000, -1.000000000000000000 ) ) ;
#2921 = ORIENTED_EDGE ( 'NONE', *, *, #2552, .T. ) ;
#2922 = ORIENTED_EDGE ( 'NONE', *, *, #7501, .T. ) ;
#2923 = CARTESIAN_POINT ( 'NONE',  ( -65.68701357650783734, 33.48023711058485219, 163.3783473809108955 ) ) ;
#2924 = ORIENTED_EDGE ( 'NONE', *, *, #6852, .T. ) ;
#2925 = DIRECTION ( 'NONE',  ( -1.000000000000000000, -0.000000000000000000, -0.000000000000000000 ) ) ;
#2926 = CARTESIAN_POINT ( 'NONE',  ( -3.254934950204970701, 40.93021308440111028, 177.8993911665927783 ) ) ;
#2927 = CARTESIAN_POINT ( 'NONE',  ( -60.55505779301789460, 31.93953410258091452, 168.9087121847724688 ) ) ;
#2928 = DIRECTION ( 'NONE',  ( 0.000000000000000000, 0.000000000000000000, -1.000000000000000000 ) ) ;
#2929 = VERTEX_POINT ( 'NONE', #2327 ) ;
#2930 = CARTESIAN_POINT ( 'NONE',  ( -22.32035231113711404, 45.69714172747220005, 175.5952519977983570 ) ) ;
#2931 = ORIENTED_EDGE ( 'NONE', *, *, #6496, .F. ) ;
#2932 = CC_DESIGN_PERSON_AND_ORGANIZATION_ASSIGNMENT ( #4092, #6654, ( #265 ) ) ;
#2933 = CARTESIAN_POINT ( 'NONE',  ( -48.97398199879594927, 33.43667578748353009, 163.3347860578096515 ) ) ;
#2934 = CARTESIAN_POINT ( 'NONE',  ( -28.06735499956951685, 35.21413219000544359, 172.1833102721970477 ) ) ;
#2935 = DIRECTION ( 'NONE',  ( -1.000000000000000000, 0.000000000000000000, 0.000000000000000000 ) ) ;
#2936 = CARTESIAN_POINT ( 'NONE',  ( -8.276632978548770225, 49.53754540863967293, 179.4356556789658441 ) ) ;
#2937 = MANIFOLD_SOLID_BREP ( 'Boss-Extrude3', #1192 ) ;
#2938 = EDGE_CURVE ( 'NONE', #5466, #6773, #4907, .T. ) ;
#2939 = CARTESIAN_POINT ( 'NONE',  ( -36.74668793348264728, 47.06823735251590080, 176.9663476228421075 ) ) ;
#2940 = CARTESIAN_POINT ( 'NONE',  ( -35.21180288782193912, 52.92004270718891945, 182.8181529775150693 ) ) ;
#2941 = ORIENTED_EDGE ( 'NONE', *, *, #4568, .T. ) ;
#2942 = DIRECTION ( 'NONE',  ( 0.000000000000000000, 0.000000000000000000, -1.000000000000000000 ) ) ;
#2943 = ORIENTED_EDGE ( 'NONE', *, *, #7155, .T. ) ;
#2944 = CARTESIAN_POINT ( 'NONE',  ( -34.42481149133537599, 49.28222745735135391, 179.1803377276775109 ) ) ;
#2945 = CARTESIAN_POINT ( 'NONE',  ( 301.0000000000000000, 25.21387978689617526, -170.0515392428203256 ) ) ;
#2946 = DIRECTION ( 'NONE',  ( -0.9709047206677521302, -0.1693281184344080925, -0.1693281184344087864 ) ) ;
#2947 = DIRECTION ( 'NONE',  ( 1.000000000000000000, -0.000000000000000000, -0.000000000000000000 ) ) ;
#2948 = LINE ( 'NONE', #1726, #7225 ) ;
#2949 = CARTESIAN_POINT ( 'NONE',  ( -19.05349629653115784, 43.22899929078257486, 180.1981773729741292 ) ) ;
#2950 = ORIENTED_EDGE ( 'NONE', *, *, #5902, .F. ) ;
#2951 = EDGE_CURVE ( 'NONE', #6225, #2807, #7477, .T. ) ;
#2952 = LINE ( 'NONE', #436, #4857 ) ;
#2953 = CARTESIAN_POINT ( 'NONE',  ( -1.349264395210885814, 32.57494611416620955, 162.4730563844923381 ) ) ;
#2954 = CARTESIAN_POINT ( 'NONE',  ( 0.2887933724838134264, 33.83650631613289761, 163.7346165864589977 ) ) ;
#2955 = ADVANCED_FACE ( 'NONE', ( #5573 ), #8148, .F. ) ;
#2956 = CARTESIAN_POINT ( 'NONE',  ( 300.9999999999999432, 19.83188543067214837, -104.5279346829488816 ) ) ;
#2957 = AXIS2_PLACEMENT_3D ( 'NONE', #530, #3085, #5538 ) ;
#2958 = CARTESIAN_POINT ( 'NONE',  ( 301.0000000000000000, 37.91071327473926544, -100.9617054369579279 ) ) ;
#2959 = CARTESIAN_POINT ( 'NONE',  ( -43.76976575635539035, 36.07142268256889395, 173.0406007647604270 ) ) ;
#2960 = CARTESIAN_POINT ( 'NONE',  ( -13.21328964132247208, 45.22303891855390390, 175.1211491888801106 ) ) ;
#2961 = VERTEX_POINT ( 'NONE', #611 ) ;
#2962 = EDGE_CURVE ( 'NONE', #4176, #6512, #1897, .T. ) ;
#2963 = PLANE ( 'NONE',  #1617 ) ;
#2964 = EDGE_CURVE ( 'NONE', #6360, #6395, #7050, .T. ) ;
#2965 = CARTESIAN_POINT ( 'NONE',  ( 26.91437689048951754, 39.07189954367519391, 168.9700098140013438 ) ) ;
#2966 = VERTEX_POINT ( 'NONE', #3849 ) ;
#2967 = CARTESIAN_POINT ( 'NONE',  ( 301.0000000000000000, 35.61997289653990606, -94.64315775650379692 ) ) ;
#2968 = CARTESIAN_POINT ( 'NONE',  ( -3.086286331083071488, 38.49514402710048699, 175.4643221092920840 ) ) ;
#2969 = VECTOR ( 'NONE', #5246, 1000.000000000000000 ) ;
#2970 = ORIENTED_EDGE ( 'NONE', *, *, #4770, .F. ) ;
#2971 = PLANE ( 'NONE',  #2716 ) ;
#2972 = ORIENTED_EDGE ( 'NONE', *, *, #1569, .T. ) ;
#2973 = DIRECTION ( 'NONE',  ( 0.000000000000000000, -0.7071067811865489050, 0.7071067811865460184 ) ) ;
#2974 = ORIENTED_EDGE ( 'NONE', *, *, #2298, .F. ) ;
#2975 = CARTESIAN_POINT ( 'NONE',  ( -48.40355383620609331, 33.96433735782480312, 163.8624476281509033 ) ) ;
#2976 = CARTESIAN_POINT ( 'NONE',  ( -22.45058189064841869, 37.52992440311387412, 167.4280346734400382 ) ) ;
#2977 = CARTESIAN_POINT ( 'NONE',  ( -8.450869664416403637, 30.98213447699344769, 160.8802447473195230 ) ) ;
#2978 = VECTOR ( 'NONE', #4918, 1000.000000000000000 ) ;
#2979 = CARTESIAN_POINT ( 'NONE',  ( 10.26566664441628873, 32.34446518135521842, 162.2425754516812333 ) ) ;
#2980 = CARTESIAN_POINT ( 'NONE',  ( -18.14631576937661706, 35.37025851582949798, 165.2683687861556052 ) ) ;
#2981 = CARTESIAN_POINT ( 'NONE',  ( -32.64357799774973756, 49.54368748314023208, 186.5128655653319356 ) ) ;
#2982 = ORIENTED_EDGE ( 'NONE', *, *, #3137, .F. ) ;
#2983 = FACE_OUTER_BOUND ( 'NONE', #7407, .T. ) ;
#2984 = ORIENTED_EDGE ( 'NONE', *, *, #6665, .T. ) ;
#2985 = VECTOR ( 'NONE', #8357, 1000.000000000000114 ) ;
#2986 = DESIGN_CONTEXT ( 'detailed design', #3529, 'design' ) ;
#2987 = CARTESIAN_POINT ( 'NONE',  ( -335.9999999999999432, -53.90640872115755400, -301.0474397647021192 ) ) ;
#2988 = DIRECTION ( 'NONE',  ( 1.000000000000000000, 0.000000000000000000, 0.000000000000000000 ) ) ;
#2989 = EDGE_CURVE ( 'NONE', #3308, #6491, #7810, .T. ) ;
#2990 = LINE ( 'NONE', #6906, #1415 ) ;
#2991 = CARTESIAN_POINT ( 'NONE',  ( -53.09459463774819454, 33.74337470060588373, 170.7125527827974452 ) ) ;
#2992 = DIRECTION ( 'NONE',  ( 0.000000000000000000, 0.000000000000000000, 1.000000000000000000 ) ) ;
#2993 = ORIENTED_EDGE ( 'NONE', *, *, #8360, .T. ) ;
#2994 = CARTESIAN_POINT ( 'NONE',  ( -9.703741874110018983, 31.09419721114793234, 168.0633752933394476 ) ) ;
#2995 = CARTESIAN_POINT ( 'NONE',  ( -40.28866203019163095, 50.86493157836338241, 180.7630418486895110 ) ) ;
#2996 = CARTESIAN_POINT ( 'NONE',  ( -29.86736719244745686, 35.31799516319522780, 165.2161054335212498 ) ) ;
#2997 = DIRECTION ( 'NONE',  ( 0.000000000000000000, -0.7071067811865460184, -0.7071067811865490160 ) ) ;
#2998 = CARTESIAN_POINT ( 'NONE',  ( 300.9999999999999432, 45.39477905882571207, -103.9025359331846943 ) ) ;
#2999 = FACE_BOUND ( 'NONE', #2360, .T. ) ;
#3000 = CARTESIAN_POINT ( 'NONE',  ( -48.63558108985553474, 45.86586622308303873, 182.8350443052747778 ) ) ;
#3001 = EDGE_CURVE ( 'NONE', #7249, #2412, #7137, .T. ) ;
#3002 = VERTEX_POINT ( 'NONE', #14 ) ;
#3003 = ORIENTED_EDGE ( 'NONE', *, *, #6306, .T. ) ;
#3004 = CARTESIAN_POINT ( 'NONE',  ( 79.83038033558359814, 49.12936710353879022, 179.0274773738649685 ) ) ;
#3005 = ORIENTED_EDGE ( 'NONE', *, *, #7080, .F. ) ;
#3006 = CARTESIAN_POINT ( 'NONE',  ( -22.25295299774973756, 34.88134960502080162, 171.8505276872124057 ) ) ;
#3007 = DIRECTION ( 'NONE',  ( -0.000000000000000000, -0.7071067811865489050, 0.7071067811865460184 ) ) ;
#3008 = EDGE_CURVE ( 'NONE', #5541, #7786, #2617, .T. ) ;
#3009 = B_SPLINE_CURVE_WITH_KNOTS ( 'NONE', 3,
 ( #4435, #1128, #7641, #3726, #7599, #1735, #4313, #1774, #6877, #7006, #2451, #1088, #6284, #3684, #4394, #4908, #1858, #484, #3764 ),
 .UNSPECIFIED., .F., .F.,
 ( 4, 1, 1, 1, 1, 1, 1, 1, 1, 1, 1, 1, 1, 1, 1, 1, 4 ),
 ( 0.000000000000000000, 0.09619523693051384994, 0.1866805802500461353, 0.2706416480855469153, 0.3491651986008406094, 0.4220465865201841749, 0.4900452044572417010, 0.5524257059420210059, 0.6106806885723352618, 0.6646699237804807314, 0.7152889111212084039, 0.7633785561991777158, 0.8102077307408552809, 0.8558425033647667490, 0.9022439127876653586, 0.9498799648559359543, 1.000000000000000000 ),
 .UNSPECIFIED. ) ;
#3010 = ORIENTED_EDGE ( 'NONE', *, *, #4063, .F. ) ;
#3011 = CARTESIAN_POINT ( 'NONE',  ( 69.58298450225025533, 31.27676230248784606, 161.1748725728139391 ) ) ;
#3012 = EDGE_LOOP ( 'NONE', ( #4355, #3467, #128, #2648 ) ) ;
#3013 = DIRECTION ( 'NONE',  ( 0.000000000000000000, 0.7071067811865489050, -0.7071067811865460184 ) ) ;
#3014 = EDGE_LOOP ( 'NONE', ( #3991, #5270, #8205, #7335 ) ) ;
#3015 = ORIENTED_EDGE ( 'NONE', *, *, #3001, .T. ) ;
#3016 = CARTESIAN_POINT ( 'NONE',  ( -47.51835871192189842, 35.08242915899291603, 164.9805394293190375 ) ) ;
#3017 = CARTESIAN_POINT ( 'NONE',  ( -32.73472383108307326, 30.98213447699345480, 167.9513125591849700 ) ) ;
#3018 = CARTESIAN_POINT ( 'NONE',  ( 26.91437689048951754, 39.07189954367519391, 168.9700098140013438 ) ) ;
#3019 = CARTESIAN_POINT ( 'NONE',  ( 301.0000000000000000, 24.80299000100406559, -106.2009528035903969 ) ) ;
#3020 = VECTOR ( 'NONE', #3827, 1000.000000000000000 ) ;
#3021 = CARTESIAN_POINT ( 'NONE',  ( 301.0000000000000000, 50.63054645356283601, -78.55414340948699703 ) ) ;
#3022 = ORIENTED_EDGE ( 'NONE', *, *, #2782, .T. ) ;
#3023 = CARTESIAN_POINT ( 'NONE',  ( 91.08038033558358393, 49.24905965764587989, 186.2182377398375195 ) ) ;
#3024 = VERTEX_POINT ( 'NONE', #8362 ) ;
#3025 = VECTOR ( 'NONE', #4965, 1000.000000000000000 ) ;
#3026 = DIRECTION ( 'NONE',  ( 0.000000000000000000, -0.7071067811865459074, -0.7071067811865491270 ) ) ;
#3027 = CARTESIAN_POINT ( 'NONE',  ( -57.31154674774973756, 30.98213447699342993, 167.9513125591850269 ) ) ;
#3028 = DIRECTION ( 'NONE',  ( 0.000000000000000000, -1.000000000000000000, -0.000000000000000000 ) ) ;
#3029 = PLANE ( 'NONE',  #591 ) ;
#3030 = DIRECTION ( 'NONE',  ( 1.000000000000000000, -0.000000000000000000, -0.000000000000000000 ) ) ;
#3031 = ORIENTED_EDGE ( 'NONE', *, *, #4657, .T. ) ;
#3032 = VECTOR ( 'NONE', #568, 1000.000000000000000 ) ;
#3033 = DIRECTION ( 'NONE',  ( 0.000000000000000000, -1.000000000000000000, -0.000000000000000000 ) ) ;
#3034 = ADVANCED_FACE ( 'NONE', ( #5198 ), #4833, .T. ) ;
#3035 = CARTESIAN_POINT ( 'NONE',  ( -42.81173712753892602, 47.65193227390598452, 177.5500425442321557 ) ) ;
#3036 = CARTESIAN_POINT ( 'NONE',  ( -28.48049052721754038, 37.38106285759916148, 167.2791731279252474 ) ) ;
#3037 = CARTESIAN_POINT ( 'NONE',  ( 305.9999999999998863, 28.77497223887772648, -95.34523441021852364 ) ) ;
#3038 = CARTESIAN_POINT ( 'NONE',  ( 301.0000000000001137, 46.02743965370814294, -105.6254244044818194 ) ) ;
#3039 = DIRECTION ( 'NONE',  ( 0.000000000000000000, -0.7071067811865461294, -0.7071067811865489050 ) ) ;
#3040 = CC_DESIGN_PERSON_AND_ORGANIZATION_ASSIGNMENT ( #3415, #5986, ( #2848 ) ) ;
#3041 = DIRECTION ( 'NONE',  ( 0.000000000000000000, 0.7071067811865491270, -0.7071067811865459074 ) ) ;
#3042 = CARTESIAN_POINT ( 'NONE',  ( -13.44225863892880746, 40.18739932913708657, 177.1565774113288967 ) ) ;
#3043 = VECTOR ( 'NONE', #3622, 1000.000000000000000 ) ;
#3044 = ORIENTED_EDGE ( 'NONE', *, *, #5082, .F. ) ;
#3045 = CARTESIAN_POINT ( 'NONE',  ( 306.0000000000000000, 20.21387978689617881, -200.0515392428203256 ) ) ;
#3046 = CARTESIAN_POINT ( 'NONE',  ( 105.4618907522502695, 27.74122839655510120, 164.7104064787466484 ) ) ;
#3047 = EDGE_CURVE ( 'NONE', #7701, #1618, #4520, .T. ) ;
#3048 = ORIENTED_EDGE ( 'NONE', *, *, #8076, .T. ) ;
#3049 = VECTOR ( 'NONE', #3453, 1000.000000000000000 ) ;
#3050 = CARTESIAN_POINT ( 'NONE',  ( -0.5198354156923330471, 50.89939781403773367, 180.7975080843639546 ) ) ;
#3051 = CARTESIAN_POINT ( 'NONE',  ( -5.468489082213654484, 45.23972667801197645, 182.2089047602036089 ) ) ;
#3052 = ORIENTED_EDGE ( 'NONE', *, *, #7336, .F. ) ;
#3053 = CARTESIAN_POINT ( 'NONE',  ( -3.252003306356050949, 36.02892944482061921, 172.9981075270122233 ) ) ;
#3054 = EDGE_LOOP ( 'NONE', ( #4595, #1230, #7527, #7569 ) ) ;
#3055 = EDGE_CURVE ( 'NONE', #5549, #6834, #1985, .T. ) ;
#3056 = LINE ( 'NONE', #23, #6744 ) ;
#3057 = ORIENTED_EDGE ( 'NONE', *, *, #2712, .F. ) ;
#3058 = EDGE_CURVE ( 'NONE', #2393, #3823, #6453, .T. ) ;
#3059 = CARTESIAN_POINT ( 'NONE',  ( 20.70130799965589219, 32.63216429304664246, 169.6013423752382892 ) ) ;
#3060 = CARTESIAN_POINT ( 'NONE',  ( -24.96725288625021832, 33.33066533633252959, 163.2287756066587008 ) ) ;
#3061 = CARTESIAN_POINT ( 'NONE',  ( 26.44909682259161343, 35.52305184686435524, 165.4211621171904198 ) ) ;
#3062 = CARTESIAN_POINT ( 'NONE',  ( 74.08819283558359814, 31.27676230248784606, 161.1748725728139391 ) ) ;
#3063 = EDGE_CURVE ( 'NONE', #4807, #8339, #2024, .T. ) ;
#3064 = DIRECTION ( 'NONE',  ( 0.000000000000000000, 0.000000000000000000, -1.000000000000000000 ) ) ;
#3065 = VERTEX_POINT ( 'NONE', #267 ) ;
#3066 = EDGE_CURVE ( 'NONE', #6514, #8133, #7220, .T. ) ;
#3067 = CARTESIAN_POINT ( 'NONE',  ( -306.0000000000000000, 47.28212551604982394, -328.4730072434720682 ) ) ;
#3068 = ORIENTED_EDGE ( 'NONE', *, *, #6820, .F. ) ;
#3069 = CARTESIAN_POINT ( 'NONE',  ( -10.27335926771906749, 45.74689676946895389, 182.7160748516606645 ) ) ;
#3070 = CARTESIAN_POINT ( 'NONE',  ( 305.9999999999999432, 40.07987475557928292, -95.02252769119097309 ) ) ;
#3071 = LINE ( 'NONE', #1646, #7751 ) ;
#3072 = CARTESIAN_POINT ( 'NONE',  ( -61.41084486154422706, 32.79554475314317585, 169.7647228353347941 ) ) ;
#3073 = CARTESIAN_POINT ( 'NONE',  ( -8.915882992416815256, 49.53445343828048664, 186.5036315204721404 ) ) ;
#3074 = ORIENTED_EDGE ( 'NONE', *, *, #3356, .F. ) ;
#3075 = CARTESIAN_POINT ( 'NONE',  ( 301.0000000000000000, 50.63054645356283601, -151.7182059094869828 ) ) ;
#3076 = FACE_OUTER_BOUND ( 'NONE', #5749, .T. ) ;
#3077 = CARTESIAN_POINT ( 'NONE',  ( 2.774581109181317284, 38.40021646076327499, 168.2983267310894462 ) ) ;
#3078 = DIRECTION ( 'NONE',  ( -0.000000000000000000, 0.9999972926284180774, 0.002326958494241732241 ) ) ;
#3079 = PLANE ( 'NONE',  #2092 ) ;
#3080 = CARTESIAN_POINT ( 'NONE',  ( 306.0000000000000000, 24.80255773061290370, -106.6229084715915150 ) ) ;
#3081 = DIRECTION ( 'NONE',  ( 0.000000000000000000, 0.000000000000000000, 1.000000000000000000 ) ) ;
#3082 = DIRECTION ( 'NONE',  ( 0.000000000000000000, 0.000000000000000000, 1.000000000000000000 ) ) ;
#3083 = CARTESIAN_POINT ( 'NONE',  ( -57.32555046654673703, 49.53545757249278125, 179.4335678428189738 ) ) ;
#3084 = VERTEX_POINT ( 'NONE', #6659 ) ;
#3085 = DIRECTION ( 'NONE',  ( 0.000000000000000000, 0.000000000000000000, -1.000000000000000000 ) ) ;
#3086 = CARTESIAN_POINT ( 'NONE',  ( 63.99704700225025533, 49.14778134263217879, 179.0458916129583429 ) ) ;
#3087 = ORIENTED_EDGE ( 'NONE', *, *, #2604, .T. ) ;
#3088 = CARTESIAN_POINT ( 'NONE',  ( 301.0000000000000000, 35.02507770356284311, -94.63487257615366843 ) ) ;
#3089 = CARTESIAN_POINT ( 'NONE',  ( 305.9999999999997726, 44.55774588762201205, -102.9704865558559987 ) ) ;
#3090 = ADVANCED_FACE ( 'NONE', ( #5397 ), #3553, .T. ) ;
#3091 = VECTOR ( 'NONE', #2362, 1000.000000000000000 ) ;
#3092 = ORIENTED_EDGE ( 'NONE', *, *, #1101, .T. ) ;
#3093 = LINE ( 'NONE', #8163, #2172 ) ;
#3094 = ORIENTED_EDGE ( 'NONE', *, *, #2555, .T. ) ;
#3095 = ORIENTED_EDGE ( 'NONE', *, *, #7798, .F. ) ;
#3096 = AXIS2_PLACEMENT_3D ( 'NONE', #3574, #7369, #6814 ) ;
#3097 = CARTESIAN_POINT ( 'NONE',  ( -37.20219607701095299, 45.84495588015287382, 175.7430661504790237 ) ) ;
#3098 = DIRECTION ( 'NONE',  ( 1.000000000000000000, -0.000000000000000000, -0.000000000000000000 ) ) ;
#3099 = CARTESIAN_POINT ( 'NONE',  ( 301.0000000000000000, 25.66888794616118119, -109.4020252713095971 ) ) ;
#3100 = LINE ( 'NONE', #502, #2506 ) ;
#3101 = EDGE_CURVE ( 'NONE', #264, #1521, #141, .T. ) ;
#3102 = PLANE ( 'NONE',  #2649 ) ;
#3103 = VECTOR ( 'NONE', #3557, 1000.000000000000000 ) ;
#3104 = CARTESIAN_POINT ( 'NONE',  ( -60.36098182091014053, 46.32049740139228788, 176.2186076717185301 ) ) ;
#3105 = ORIENTED_EDGE ( 'NONE', *, *, #2736, .F. ) ;
#3106 = CARTESIAN_POINT ( 'NONE',  ( 2.056773534233584666, 32.80695051037262289, 169.7761285925642198 ) ) ;
#3107 = ORIENTED_EDGE ( 'NONE', *, *, #2242, .T. ) ;
#3108 = CARTESIAN_POINT ( 'NONE',  ( -66.82884119296440417, 43.60995158448923092, 180.5791296666807852 ) ) ;
#3109 = CARTESIAN_POINT ( 'NONE',  ( -32.28086933726429919, 53.07242391658689940, 182.9705341869130848 ) ) ;
#3110 = VECTOR ( 'NONE', #3351, 1000.000000000000114 ) ;
#3111 = FACE_OUTER_BOUND ( 'NONE', #1377, .T. ) ;
#3112 = CARTESIAN_POINT ( 'NONE',  ( 301.0000000000000568, 25.83201159972643524, -103.4884354857401974 ) ) ;
#3113 = EDGE_CURVE ( 'NONE', #7471, #1054, #2862, .T. ) ;
#3114 = CARTESIAN_POINT ( 'NONE',  ( 306.0000000000000000, -74.72648989080823867, -274.3250455023379573 ) ) ;
#3115 = ORIENTED_EDGE ( 'NONE', *, *, #660, .T. ) ;
#3116 = CARTESIAN_POINT ( 'NONE',  ( -30.65478843751511562, 27.55000381494632933, 164.5191818971378552 ) ) ;
#3117 = VECTOR ( 'NONE', #3931, 1000.000000000000000 ) ;
#3118 = FACE_OUTER_BOUND ( 'NONE', #4953, .T. ) ;
#3119 = PLANE ( 'NONE',  #4192 ) ;
#3120 = CARTESIAN_POINT ( 'NONE',  ( -55.48542855194074264, 31.14850639774789087, 168.1176844799394701 ) ) ;
#3121 = PLANE ( 'NONE',  #1817 ) ;
#3122 = LINE ( 'NONE', #5780, #6880 ) ;
#3123 = DIRECTION ( 'NONE',  ( 0.000000000000000000, 0.000000000000000000, -1.000000000000000000 ) ) ;
#3124 = CARTESIAN_POINT ( 'NONE',  ( 301.0000000000000000, 20.21387978689617881, -178.3848725761536400 ) ) ;
#3125 = CC_DESIGN_SECURITY_CLASSIFICATION ( #265, ( #2848 ) ) ;
#3126 = CARTESIAN_POINT ( 'NONE',  ( 301.0000000000000000, 19.79721312022951096, -113.3392996594869970 ) ) ;
#3127 = ORIENTED_EDGE ( 'NONE', *, *, #5429, .F. ) ;
#3128 = LINE ( 'NONE', #8198, #2553 ) ;
#3129 = CARTESIAN_POINT ( 'NONE',  ( -47.83859316399774286, 36.93035801164404575, 173.8995360938356782 ) ) ;
#3130 = VERTEX_POINT ( 'NONE', #5436 ) ;
#3131 = CARTESIAN_POINT ( 'NONE',  ( -24.40374506009727895, 30.35383285838748790, 167.3230109405790245 ) ) ;
#3132 = LINE ( 'NONE', #4405, #5874 ) ;
#3133 = ORIENTED_EDGE ( 'NONE', *, *, #2808, .T. ) ;
#3134 = CARTESIAN_POINT ( 'NONE',  ( 306.0000000000000000, -52.40044383621697932, 89.70254495192531863 ) ) ;
#3135 = ORIENTED_EDGE ( 'NONE', *, *, #7350, .F. ) ;
#3136 = CARTESIAN_POINT ( 'NONE',  ( -15.25471774626137034, 32.54985033297555219, 162.4479606033015386 ) ) ;
#3137 = EDGE_CURVE ( 'NONE', #8133, #4176, #6619, .T. ) ;
#3138 = ORIENTED_EDGE ( 'NONE', *, *, #6920, .T. ) ;
#3139 = CARTESIAN_POINT ( 'NONE',  ( 106.0803803355835839, 49.24905965764587989, 186.2182377398375195 ) ) ;
#3140 = CARTESIAN_POINT ( 'NONE',  ( 306.0000000000000000, 38.13054645356284311, -157.9682059094869828 ) ) ;
#3141 = CARTESIAN_POINT ( 'NONE',  ( 301.0000000000000568, 24.81293133326586897, -107.0065779068855107 ) ) ;
#3142 = CARTESIAN_POINT ( 'NONE',  ( 26.91371366891692674, 39.79334788318517724, 169.6914581535112916 ) ) ;
#3143 = CARTESIAN_POINT ( 'NONE',  ( -36.74604884339206023, 36.81615089941233521, 166.7142611697383927 ) ) ;
#3144 = CARTESIAN_POINT ( 'NONE',  ( 301.0000000000000000, 31.04721312022951096, -105.8848725761536542 ) ) ;
#3145 = VERTEX_POINT ( 'NONE', #5358 ) ;
#3146 = CARTESIAN_POINT ( 'NONE',  ( -8.450869664416403637, 27.44660057106069928, 164.4157786532522323 ) ) ;
#3147 = ORIENTED_EDGE ( 'NONE', *, *, #4780, .T. ) ;
#3148 = ADVANCED_FACE ( 'NONE', ( #7936 ), #2232, .T. ) ;
#3149 = CARTESIAN_POINT ( 'NONE',  ( -57.90433689271031881, 53.07411510950356615, 182.9722253798297515 ) ) ;
#3150 = CARTESIAN_POINT ( 'NONE',  ( 305.9999999999999432, 49.98879721505686291, -101.2590206488185913 ) ) ;
#3151 = CARTESIAN_POINT ( 'NONE',  ( 306.0000000000000000, 36.04721312022950741, -117.1348725761536542 ) ) ;
#3152 = CARTESIAN_POINT ( 'NONE',  ( -61.87367190705582232, 37.05041264763523401, 166.9485229179612986 ) ) ;
#3153 = CARTESIAN_POINT ( 'NONE',  ( -11.04768296213632084, 49.38787731191055030, 186.3570553941022183 ) ) ;
#3154 = ORIENTED_EDGE ( 'NONE', *, *, #6300, .T. ) ;
#3155 = LINE ( 'NONE', #5233, #5524 ) ;
#3156 = CARTESIAN_POINT ( 'NONE',  ( -41.05040010036530163, 50.17912329776915925, 180.0772335680953802 ) ) ;
#3157 = DIRECTION ( 'NONE',  ( 0.000000000000000000, -0.7071067811865489050, 0.7071067811865460184 ) ) ;
#3158 = VECTOR ( 'NONE', #5176, 1000.000000000000227 ) ;
#3159 = EDGE_CURVE ( 'NONE', #3690, #2807, #957, .T. ) ;
#3160 = CARTESIAN_POINT ( 'NONE',  ( -53.11948619650902259, 33.08137028237166533, 170.0505483645632410 ) ) ;
#3161 = DIRECTION ( 'NONE',  ( -0.000000000000000000, -0.7071067811865489050, 0.7071067811865460184 ) ) ;
#3162 = DIRECTION ( 'NONE',  ( 1.000000000000000000, -0.000000000000000000, -0.000000000000000000 ) ) ;
#3163 = CARTESIAN_POINT ( 'NONE',  ( 9.836706228968507659, 32.62235213518049193, 162.5204624055066347 ) ) ;
#3164 = DIRECTION ( 'NONE',  ( 0.000000000000000000, 0.000000000000000000, 1.000000000000000000 ) ) ;
#3165 = CARTESIAN_POINT ( 'NONE',  ( 300.9999999999999432, 28.77497223887772648, -95.34523441021852364 ) ) ;
#3166 = VECTOR ( 'NONE', #808, 1000.000000000000000 ) ;
#3167 = ORIENTED_EDGE ( 'NONE', *, *, #3055, .T. ) ;
#3168 = CARTESIAN_POINT ( 'NONE',  ( -8.896362274252069824, 27.45575138662403702, 164.4249294688156056 ) ) ;
#3169 = CARTESIAN_POINT ( 'NONE',  ( 19.66524335594790074, 31.13789579331365331, 161.0360060636397463 ) ) ;
#3170 = EDGE_CURVE ( 'NONE', #2079, #4045, #2742, .T. ) ;
#3171 = VERTEX_POINT ( 'NONE', #2904 ) ;
#3172 = EDGE_CURVE ( 'NONE', #3823, #6834, #998, .T. ) ;
#3173 = CARTESIAN_POINT ( 'NONE',  ( 301.0000000000000000, 33.13054645356284311, -157.9682059094869828 ) ) ;
#3174 = VECTOR ( 'NONE', #8041, 1000.000000000000000 ) ;
#3175 = CARTESIAN_POINT ( 'NONE',  ( 26.87564192438925659, 34.84284501914543597, 171.8120231013369903 ) ) ;
#3176 = CARTESIAN_POINT ( 'NONE',  ( 301.0000000000000000, 46.04721312022950741, -106.2689871594869828 ) ) ;
#3177 = ORIENTED_EDGE ( 'NONE', *, *, #7761, .F. ) ;
#3178 = CARTESIAN_POINT ( 'NONE',  ( 66.96579700225025533, 52.78459356357862475, 182.6827038339048102 ) ) ;
#3179 = VECTOR ( 'NONE', #4843, 1000.000000000000000 ) ;
#3180 = ORIENTED_EDGE ( 'NONE', *, *, #3063, .T. ) ;
#3181 = CARTESIAN_POINT ( 'NONE',  ( -33.89532075560439495, 45.90033441691259242, 182.8695124991042746 ) ) ;
#3182 = VERTEX_POINT ( 'NONE', #1038 ) ;
#3183 = CARTESIAN_POINT ( 'NONE',  ( -58.90858926745168134, 45.30138438443708537, 175.1994946547631855 ) ) ;
#3184 = CARTESIAN_POINT ( 'NONE',  ( 301.0000000000000000, 50.63054645356283601, -199.2182059094869828 ) ) ;
#3185 = FACE_OUTER_BOUND ( 'NONE', #1382, .T. ) ;
#3186 = CARTESIAN_POINT ( 'NONE',  ( 26.91437689048951754, 35.53636563774251300, 172.5055437199340247 ) ) ;
#3187 = CARTESIAN_POINT ( 'NONE',  ( -34.42158801052261907, 34.76010761847068409, 164.6582178887967416 ) ) ;
#3188 = CARTESIAN_POINT ( 'NONE',  ( 91.08038033558358393, 27.74122839655507988, 164.7104064787466768 ) ) ;
#3189 = ORIENTED_EDGE ( 'NONE', *, *, #676, .F. ) ;
#3190 = LINE ( 'NONE', #8347, #3787 ) ;
#3191 = ORIENTED_EDGE ( 'NONE', *, *, #735, .F. ) ;
#3192 = CARTESIAN_POINT ( 'NONE',  ( -32.64357799774973756, 49.54368748314025339, 186.5128655653319072 ) ) ;
#3193 = CARTESIAN_POINT ( 'NONE',  ( 306.0000000000000000, 50.79912469108536754, -103.7263575952775199 ) ) ;
#3194 = CARTESIAN_POINT ( 'NONE',  ( -60.54568588928420070, 27.66038655811725633, 164.6295646403088995 ) ) ;
#3195 = CARTESIAN_POINT ( 'NONE',  ( 301.0000000000000000, 26.29292081955613014, -103.0271979080478673 ) ) ;
#3196 = LINE ( 'NONE', #8313, #5344 ) ;
#3197 = EDGE_CURVE ( 'NONE', #7786, #4937, #7466, .T. ) ;
#3198 = VERTEX_POINT ( 'NONE', #3630 ) ;
#3199 = CARTESIAN_POINT ( 'NONE',  ( -26.29540922850597795, 32.39760233961677471, 162.2957126099428820 ) ) ;
#3200 = CARTESIAN_POINT ( 'NONE',  ( -13.34259004041977548, 44.49972866829596541, 174.3978389386220158 ) ) ;
#3201 = CARTESIAN_POINT ( 'NONE',  ( -29.03586373173659041, 47.69820353478080222, 177.5963138051069450 ) ) ;
#3202 = CARTESIAN_POINT ( 'NONE',  ( -53.33020150033579654, 36.11571348210113541, 166.0138237524272427 ) ) ;
#3203 = CARTESIAN_POINT ( 'NONE',  ( -49.75351246894948076, 38.57546447864987726, 175.5446425608413961 ) ) ;
#3204 = CARTESIAN_POINT ( 'NONE',  ( 305.9999999999999432, 28.93509050802865801, -111.1447159529536890 ) ) ;
#3205 = CARTESIAN_POINT ( 'NONE',  ( 301.0000000000000000, 35.88445270356284311, -186.0476329928203256 ) ) ;
#3206 = CARTESIAN_POINT ( 'NONE',  ( -53.26161870305781321, 37.93422500032818334, 167.8323352706543687 ) ) ;
#3207 = CARTESIAN_POINT ( 'NONE',  ( -60.15730806406256903, 37.35944350779835332, 174.3286215899898934 ) ) ;
#3208 = EDGE_CURVE ( 'NONE', #8123, #1542, #1821, .T. ) ;
#3209 = EDGE_LOOP ( 'NONE', ( #1073, #6691, #3650, #3941 ) ) ;
#3210 = DIRECTION ( 'NONE',  ( -0.000000000000000000, -0.7071067811865489050, 0.7071067811865460184 ) ) ;
#3211 = DIRECTION ( 'NONE',  ( -1.000000000000000000, 0.000000000000000000, 0.000000000000000000 ) ) ;
#3212 = CARTESIAN_POINT ( 'NONE',  ( -56.62381035359815940, 49.53011824219289139, 186.4992963243844599 ) ) ;
#3213 = ORIENTED_EDGE ( 'NONE', *, *, #149, .T. ) ;
#3214 = CARTESIAN_POINT ( 'NONE',  ( 111.4970470022502411, 52.78459356357862475, 182.6827038339048102 ) ) ;
#3215 = CARTESIAN_POINT ( 'NONE',  ( 21.26906302678430905, 27.90166216090415574, 164.8708402430957278 ) ) ;
#3216 = DIRECTION ( 'NONE',  ( 0.000000000000000000, 0.000000000000000000, -1.000000000000000000 ) ) ;
#3217 = EDGE_CURVE ( 'NONE', #5164, #4810, #8058, .T. ) ;
#3218 = VERTEX_POINT ( 'NONE', #8182 ) ;
#3219 = CARTESIAN_POINT ( 'NONE',  ( -306.0000000000000000, 69.99999999999995737, 206.9691780821917462 ) ) ;
#3220 = VERTEX_POINT ( 'NONE', #6114 ) ;
#3221 = FACE_OUTER_BOUND ( 'NONE', #5938, .T. ) ;
#3222 = ORIENTED_EDGE ( 'NONE', *, *, #7044, .T. ) ;
#3223 = ORIENTED_EDGE ( 'NONE', *, *, #3570, .F. ) ;
#3224 = CARTESIAN_POINT ( 'NONE',  ( -8.003140690239877841, 53.07060920555553452, 182.9687194758817554 ) ) ;
#3225 = AXIS2_PLACEMENT_3D ( 'NONE', #5876, #7144, #3942 ) ;
#3226 = FACE_BOUND ( 'NONE', #8135, .T. ) ;
#3227 = CARTESIAN_POINT ( 'NONE',  ( -28.02118216441640186, 35.40155185940935212, 172.3707299416009278 ) ) ;
#3228 = CARTESIAN_POINT ( 'NONE',  ( -9.784657568440675135, 53.05197920470726558, 182.9500894750334226 ) ) ;
#3229 = ADVANCED_FACE ( 'NONE', ( #2394 ), #4896, .T. ) ;
#3230 = DIRECTION ( 'NONE',  ( -0.000000000000000000, -0.7071067811865489050, 0.7071067811865460184 ) ) ;
#3231 = AXIS2_PLACEMENT_3D ( 'NONE', #7623, #5181, #5812 ) ;
#3232 = CARTESIAN_POINT ( 'NONE',  ( -58.00072254447559317, 44.95666474008636726, 174.8547750104124532 ) ) ;
#3233 = VERTEX_POINT ( 'NONE', #1686 ) ;
#3234 = CARTESIAN_POINT ( 'NONE',  ( 306.0000000000001705, 46.00900131778217172, -107.0919203124098829 ) ) ;
#3235 = ORIENTED_EDGE ( 'NONE', *, *, #2754, .T. ) ;
#3236 = CARTESIAN_POINT ( 'NONE',  ( -56.78026359345349761, 45.98420370788651468, 182.9533817900781116 ) ) ;
#3237 = CARTESIAN_POINT ( 'NONE',  ( -62.38967174774973046, 38.34783011435331446, 168.2459403846794146 ) ) ;
#3238 = FACE_OUTER_BOUND ( 'NONE', #4215, .T. ) ;
#3239 = AXIS2_PLACEMENT_3D ( 'NONE', #1008, #6795, #6279 ) ;
#3240 = CARTESIAN_POINT ( 'NONE',  ( 301.0000000000000000, 41.26856728689617881, -189.4265392428203256 ) ) ;
#3241 = ORIENTED_EDGE ( 'NONE', *, *, #1093, .T. ) ;
#3242 = B_SPLINE_CURVE_WITH_KNOTS ( 'NONE', 3,
 ( #8030, #7352, #2246, #8071, #7232, #2120, #4824, #6588, #3389, #7394, #5965, #6757, #4700, #967, #322, #154, #2752, #5329, #3432 ),
 .UNSPECIFIED., .F., .F.,
 ( 4, 1, 1, 1, 1, 1, 1, 1, 1, 1, 1, 1, 1, 1, 1, 1, 4 ),
 ( 0.000000000000000000, 0.06106928187956478515, 0.1188022400854139293, 0.1742319522641090634, 0.2277718904615758100, 0.2803709364222077838, 0.3331581607500624376, 0.3866136993324840732, 0.4417784392788373649, 0.4992200654321184983, 0.5588338851580624267, 0.6217687260763248291, 0.6886336793158603919, 0.7591870209591506935, 0.8345934359180328110, 0.9148766057244703820, 1.000000000000000000 ),
 .UNSPECIFIED. ) ;
#3243 = LINE ( 'NONE', #4515, #7415 ) ;
#3244 = CARTESIAN_POINT ( 'NONE',  ( -8.515973831083066159, 49.54368748314028181, 179.4417977534664317 ) ) ;
#3245 = CARTESIAN_POINT ( 'NONE',  ( -29.57740105568655054, 48.36349048801261574, 178.2616007583387727 ) ) ;
#3246 = VECTOR ( 'NONE', #7570, 1000.000000000000114 ) ;
#3247 = LINE ( 'NONE', #3806, #5531 ) ;
#3248 = EDGE_CURVE ( 'NONE', #1333, #4240, #4852, .T. ) ;
#3249 = CARTESIAN_POINT ( 'NONE',  ( -47.38375157091996215, 36.27103467937918424, 173.2402127615706604 ) ) ;
#3250 = CARTESIAN_POINT ( 'NONE',  ( 17.42211935858050609, 34.52214665746065947, 164.4202569277867099 ) ) ;
#3251 = CARTESIAN_POINT ( 'NONE',  ( 301.0000000000000000, 46.04721312022950741, -106.2689871594869828 ) ) ;
#3252 = PLANE ( 'NONE',  #1283 ) ;
#3253 = DIRECTION ( 'NONE',  ( 0.000000000000000000, 0.000000000000000000, -1.000000000000000000 ) ) ;
#3254 = CC_DESIGN_APPROVAL ( #2683, ( #915 ) ) ;
#3255 = ORIENTED_EDGE ( 'NONE', *, *, #791, .F. ) ;
#3256 = CARTESIAN_POINT ( 'NONE',  ( -18.65224836636462769, 32.74531011200445363, 169.7144881941961216 ) ) ;
#3257 = DIRECTION ( 'NONE',  ( -1.000000000000000000, -0.000000000000000000, -0.000000000000000000 ) ) ;
#3258 = CARTESIAN_POINT ( 'NONE',  ( -12.03203041144708862, 36.02910693222351313, 165.9272172025496559 ) ) ;
#3259 = ORIENTED_EDGE ( 'NONE', *, *, #4382, .F. ) ;
#3260 = CARTESIAN_POINT ( 'NONE',  ( 300.9999999999999432, 41.86416809104718340, -117.0590838847194846 ) ) ;
#3261 = EDGE_CURVE ( 'NONE', #3964, #3084, #388, .T. ) ;
#3262 = LINE ( 'NONE', #3304, #4930 ) ;
#3263 = VECTOR ( 'NONE', #7268, 1000.000000000000114 ) ;
#3264 = PLANE ( 'NONE',  #5338 ) ;
#3265 = ORIENTED_EDGE ( 'NONE', *, *, #6106, .T. ) ;
#3266 = CARTESIAN_POINT ( 'NONE',  ( 306.0000000000000000, 27.71387978689617526, -78.05935174282031142 ) ) ;
#3267 = ORIENTED_EDGE ( 'NONE', *, *, #3058, .T. ) ;
#3268 = CARTESIAN_POINT ( 'NONE',  ( 58.58038033558360524, 31.27676230248784606, 161.1748725728139391 ) ) ;
#3269 = VERTEX_POINT ( 'NONE', #6228 ) ;
#3270 = VERTEX_POINT ( 'NONE', #4261 ) ;
#3272 = EDGE_CURVE ( 'NONE', #1914, #5283, #6787, .T. ) ;
#3271 = CARTESIAN_POINT ( 'NONE',  ( 301.0000000000000000, 20.29165788111691526, -109.3775586147784509 ) ) ;
#3273 = DIRECTION ( 'NONE',  ( 0.000000000000000000, 1.000000000000000000, -2.569960705150825398E-16 ) ) ;
#3274 = CARTESIAN_POINT ( 'NONE',  ( 306.0000000000000000, 41.26856728689617881, -189.4265392428203256 ) ) ;
#3275 = DIRECTION ( 'NONE',  ( 1.000000000000000000, 0.000000000000000000, -0.000000000000000000 ) ) ;
#3276 = CARTESIAN_POINT ( 'NONE',  ( -3.089830434985268770, 41.73753456262274142, 171.6356448329488842 ) ) ;
#3277 = CARTESIAN_POINT ( 'NONE',  ( -55.40399466441639476, 44.16212610809422756, 174.0602363784203988 ) ) ;
#3278 = ORIENTED_EDGE ( 'NONE', *, *, #3324, .F. ) ;
#3279 = CARTESIAN_POINT ( 'NONE',  ( 106.0803803355835839, 37.67571038744421230, 167.5738206577703124 ) ) ;
#3280 = ORIENTED_EDGE ( 'NONE', *, *, #7448, .F. ) ;
#3281 = EDGE_CURVE ( 'NONE', #5263, #3619, #6828, .T. ) ;
#3282 = LINE ( 'NONE', #5227, #4111 ) ;
#3283 = DIRECTION ( 'NONE',  ( 0.3514360319032393543, -0.6620017807680358413, -0.6620017807680389499 ) ) ;
#3284 = FACE_OUTER_BOUND ( 'NONE', #1491, .T. ) ;
#3285 = CARTESIAN_POINT ( 'NONE',  ( -57.32555046654673703, 45.99992366656004350, 182.9691017487516831 ) ) ;
#3286 = ORIENTED_EDGE ( 'NONE', *, *, #4878, .T. ) ;
#3287 = CARTESIAN_POINT ( 'NONE',  ( 301.0000000000000000, 0.000000000000000000, 0.000000000000000000 ) ) ;
#3288 = CARTESIAN_POINT ( 'NONE',  ( -12.84423839980042459, 46.51117646949946050, 176.4092867398256317 ) ) ;
#3289 = PLANE ( 'NONE',  #1213 ) ;
#3290 = CARTESIAN_POINT ( 'NONE',  ( 305.9999999999998863, 22.65833323354138074, -112.4844062214557709 ) ) ;
#3291 = DIRECTION ( 'NONE',  ( -1.000000000000000000, 0.000000000000000000, 0.000000000000000000 ) ) ;
#3292 = CARTESIAN_POINT ( 'NONE',  ( 21.07432375429410953, 39.07826439127069307, 168.9763746615968216 ) ) ;
#3293 = CARTESIAN_POINT ( 'NONE',  ( -306.0000000000000000, -53.90640872115755400, -311.0474397647021192 ) ) ;
#3294 = CARTESIAN_POINT ( 'NONE',  ( -29.57740105568655054, 48.36349048801261574, 178.2616007583387727 ) ) ;
#3295 = LINE ( 'NONE', #5744, #7361 ) ;
#3296 = VERTEX_POINT ( 'NONE', #2945 ) ;
#3297 = EDGE_CURVE ( 'NONE', #7344, #773, #7210, .T. ) ;
#3298 = VECTOR ( 'NONE', #5940, 1000.000000000000000 ) ;
#3299 = LINE ( 'NONE', #4529, #2284 ) ;
#3300 = CARTESIAN_POINT ( 'NONE',  ( -281.0000000000000000, 0.000000000000000000, -348.0308219178082254 ) ) ;
#3301 = CARTESIAN_POINT ( 'NONE',  ( -38.72664803170169279, 28.60482771770800525, 165.5740057998995951 ) ) ;
#3302 = CARTESIAN_POINT ( 'NONE',  ( 300.9999999999999432, 43.70875545987203736, -116.6195880325007437 ) ) ;
#3303 = EDGE_CURVE ( 'NONE', #4514, #4895, #895, .T. ) ;
#3304 = CARTESIAN_POINT ( 'NONE',  ( -306.0000000000000000, 0.000000000000000000, 206.9691780821917462 ) ) ;
#3305 = DIRECTION ( 'NONE',  ( 0.000000000000000000, 0.000000000000000000, 1.000000000000000000 ) ) ;
#3306 = VECTOR ( 'NONE', #4221, 1000.000000000000114 ) ;
#3307 = VECTOR ( 'NONE', #7616, 1000.000000000000000 ) ;
#3308 = VERTEX_POINT ( 'NONE', #2607 ) ;
#3309 = CARTESIAN_POINT ( 'NONE',  ( -56.36869445316828120, 27.46479336373468527, 164.4339714459262893 ) ) ;
#3310 = EDGE_CURVE ( 'NONE', #6834, #2, #48, .T. ) ;
#3311 = ORIENTED_EDGE ( 'NONE', *, *, #298, .T. ) ;
#3312 = CARTESIAN_POINT ( 'NONE',  ( -60.54568588928420070, 31.19592046405000119, 161.0940307343761617 ) ) ;
#3313 = EDGE_LOOP ( 'NONE', ( #5722, #6048, #1166, #4386, #3022, #3267, #5476, #2123, #5032, #5041 ) ) ;
#3314 = AXIS2_PLACEMENT_3D ( 'NONE', #7509, #3549, #1077 ) ;
#3315 = CARTESIAN_POINT ( 'NONE',  ( 306.0000000000000000, 21.89107809117118464, -111.8881202126515575 ) ) ;
#3316 = CARTESIAN_POINT ( 'NONE',  ( 306.0000000000000000, 50.63054645356283601, -85.53331007615365422 ) ) ;
#3317 = CARTESIAN_POINT ( 'NONE',  ( 300.9999999999999432, 45.82310240177048399, -107.8821034835958272 ) ) ;
#3318 = DIRECTION ( 'NONE',  ( -1.000000000000000000, 0.000000000000000000, -0.000000000000000000 ) ) ;
#3319 = VECTOR ( 'NONE', #4650, 1000.000000000000000 ) ;
#3320 = DIRECTION ( 'NONE',  ( 0.000000000000000000, 0.000000000000000000, 1.000000000000000000 ) ) ;
#3321 = EDGE_CURVE ( 'NONE', #1776, #1489, #5682, .T. ) ;
#3322 = CARTESIAN_POINT ( 'NONE',  ( -63.78541375746794984, 32.19943439839751420, 162.0975446687236285 ) ) ;
#3323 = ORIENTED_EDGE ( 'NONE', *, *, #3483, .F. ) ;
#3324 = EDGE_CURVE ( 'NONE', #6531, #2342, #5185, .T. ) ;
#3325 = ORIENTED_EDGE ( 'NONE', *, *, #1191, .F. ) ;
#3326 = AXIS2_PLACEMENT_3D ( 'NONE', #1677, #7459, #1635 ) ;
#3327 = CARTESIAN_POINT ( 'NONE',  ( -4.639708961419516164, 36.00702914808672972, 165.9051394184128583 ) ) ;
#3328 = CARTESIAN_POINT ( 'NONE',  ( -65.10595403992361696, 29.46759046323224140, 166.4367685454238313 ) ) ;
#3329 = FACE_BOUND ( 'NONE', #6720, .T. ) ;
#3330 = DIRECTION ( 'NONE',  ( 0.000000000000000000, 0.000000000000000000, -1.000000000000000000 ) ) ;
#3331 = ADVANCED_FACE ( 'NONE', ( #7713 ), #975, .T. ) ;
#3332 = EDGE_CURVE ( 'NONE', #5060, #7815, #3282, .T. ) ;
#3333 = ORIENTED_EDGE ( 'NONE', *, *, #593, .T. ) ;
#3334 = DIRECTION ( 'NONE',  ( -1.000000000000000000, 0.000000000000000000, 0.000000000000000000 ) ) ;
#3335 = LINE ( 'NONE', #5273, #4334 ) ;
#3336 = CARTESIAN_POINT ( 'NONE',  ( 301.0000000000000000, 20.21387978689617881, -170.0515392428203256 ) ) ;
#3337 = FACE_OUTER_BOUND ( 'NONE', #78, .T. ) ;
#3338 = CARTESIAN_POINT ( 'NONE',  ( -46.87271869931166179, 38.34702161409538235, 168.2451318844215677 ) ) ;
#3339 = LINE ( 'NONE', #1435, #6805 ) ;
#3340 = CARTESIAN_POINT ( 'NONE',  ( 7.330380335583599916, 39.56316989451768507, 169.4612801648438278 ) ) ;
#3341 = CARTESIAN_POINT ( 'NONE',  ( 335.9999999999999432, 48.23670732222217339, 61.96704619280065174 ) ) ;
#3342 = CARTESIAN_POINT ( 'NONE',  ( 85.66371366891692674, 49.24905965764587989, 186.2182377398375195 ) ) ;
#3343 = ORIENTED_EDGE ( 'NONE', *, *, #8003, .F. ) ;
#3344 = LINE ( 'NONE', #6372, #6997 ) ;
#3345 = FACE_BOUND ( 'NONE', #273, .T. ) ;
#3346 = DIRECTION ( 'NONE',  ( 0.000000000000000000, -0.7071067811865461294, -0.7071067811865490160 ) ) ;
#3347 = CARTESIAN_POINT ( 'NONE',  ( 14.56860009912891130, 35.26846720264012447, 165.1665774729661393 ) ) ;
#3348 = CARTESIAN_POINT ( 'NONE',  ( 26.56693898027186762, 32.47724719357432832, 169.4464252757659892 ) ) ;
#3349 = CARTESIAN_POINT ( 'NONE',  ( -8.724849209775964454, 46.00138666092811235, 182.9705647431198656 ) ) ;
#3350 = EDGE_LOOP ( 'NONE', ( #7398, #5977, #6699, #291 ) ) ;
#3351 = DIRECTION ( 'NONE',  ( 0.000000000000000000, 0.9664337826578214274, -0.2569158300644295290 ) ) ;
#3352 = ORIENTED_EDGE ( 'NONE', *, *, #2242, .F. ) ;
#3353 = LINE ( 'NONE', #3268, #396 ) ;
#3354 = ORIENTED_EDGE ( 'NONE', *, *, #6016, .T. ) ;
#3355 = CARTESIAN_POINT ( 'NONE',  ( -4.550124139531575018, 49.16320305064336793, 186.1323811328349507 ) ) ;
#3356 = EDGE_CURVE ( 'NONE', #7738, #6381, #8161, .T. ) ;
#3357 = PLANE ( 'NONE',  #3989 ) ;
#3358 = CARTESIAN_POINT ( 'NONE',  ( 7.330380335583599916, 39.56316989451768507, 169.4612801648438278 ) ) ;
#3359 = CARTESIAN_POINT ( 'NONE',  ( 16.89418241891692318, 27.44660057106076323, 164.4157786532521754 ) ) ;
#3360 = EDGE_CURVE ( 'NONE', #8114, #4817, #6526, .T. ) ;
#3361 = CARTESIAN_POINT ( 'NONE',  ( -60.82919803323083840, 41.10363925166847565, 171.0017495219945829 ) ) ;
#3362 = CARTESIAN_POINT ( 'NONE',  ( -66.21601105436711521, 34.00760987005875791, 163.9057201403849433 ) ) ;
#3363 = EDGE_LOOP ( 'NONE', ( #363, #6338, #7399, #33 ) ) ;
#3364 = VERTEX_POINT ( 'NONE', #89 ) ;
#3365 = EDGE_CURVE ( 'NONE', #5712, #6071, #7289, .T. ) ;
#3366 = CARTESIAN_POINT ( 'NONE',  ( -26.98983251075688727, 48.47236851119559731, 185.4415465933872440 ) ) ;
#3367 = CARTESIAN_POINT ( 'NONE',  ( -62.15041024204666087, 48.85851000508706932, 185.8276880872787444 ) ) ;
#3368 = DIRECTION ( 'NONE',  ( -1.000000000000000000, -0.000000000000000000, -0.000000000000000000 ) ) ;
#3369 = CARTESIAN_POINT ( 'NONE',  ( 301.0000000000000000, 20.21387978689617881, -200.0515392428203256 ) ) ;
#3370 = VECTOR ( 'NONE', #700, 1000.000000000000114 ) ;
#3371 = CARTESIAN_POINT ( 'NONE',  ( -60.46274684152301404, 52.84236407163619731, 182.7404743419623969 ) ) ;
#3372 = DIRECTION ( 'NONE',  ( 0.000000000000000000, 0.7071067811865491270, -0.7071067811865459074 ) ) ;
#3373 = DIRECTION ( 'NONE',  ( 0.000000000000000000, -0.9682611462521856227, -0.2499406982834197488 ) ) ;
#3374 = PLANE ( 'NONE',  #3376 ) ;
#3375 = DIRECTION ( 'NONE',  ( 1.000000000000000000, -0.000000000000000000, -0.000000000000000000 ) ) ;
#3376 = AXIS2_PLACEMENT_3D ( 'NONE', #1471, #138, #4725 ) ;
#3377 = CARTESIAN_POINT ( 'NONE',  ( -48.40355383620609331, 30.42880345189209379, 167.3979815340836126 ) ) ;
#3378 = DIRECTION ( 'NONE',  ( -0.000000000000000000, -0.7071067811865489050, 0.7071067811865460184 ) ) ;
#3379 = ADVANCED_FACE ( 'NONE', ( #4085 ), #5501, .T. ) ;
#3380 = FACE_OUTER_BOUND ( 'NONE', #2768, .T. ) ;
#3381 = FACE_OUTER_BOUND ( 'NONE', #7154, .T. ) ;
#3382 = LINE ( 'NONE', #6582, #4944 ) ;
#3383 = VERTEX_POINT ( 'NONE', #775 ) ;
#3384 = VECTOR ( 'NONE', #2900, 1000.000000000000114 ) ;
#3385 = FACE_OUTER_BOUND ( 'NONE', #6742, .T. ) ;
#3386 = DIRECTION ( 'NONE',  ( 1.000000000000000000, -0.000000000000000000, -0.000000000000000000 ) ) ;
#3387 = CARTESIAN_POINT ( 'NONE',  ( -47.75800066534964827, 44.20314644967758966, 181.1723245318691795 ) ) ;
#3388 = CARTESIAN_POINT ( 'NONE',  ( -5.965395482392019666, 45.52655552352541690, 182.4957336057169925 ) ) ;
#3389 = CARTESIAN_POINT ( 'NONE',  ( -16.10678681925192635, 33.12722873831822312, 163.0253390086444369 ) ) ;
#3390 = CARTESIAN_POINT ( 'NONE',  ( -8.724849209775964454, 49.53692056686089984, 179.4350308371870995 ) ) ;
#3391 = VERTEX_POINT ( 'NONE', #1463 ) ;
#3392 = EDGE_LOOP ( 'NONE', ( #5668, #2797, #3352, #9 ) ) ;
#3393 = CARTESIAN_POINT ( 'NONE',  ( -63.78541375746794984, 32.19943439839751420, 162.0975446687236285 ) ) ;
#3394 = VERTEX_POINT ( 'NONE', #6608 ) ;
#3395 = VECTOR ( 'NONE', #4068, 1000.000000000000000 ) ;
#3396 = CARTESIAN_POINT ( 'NONE',  ( 300.9999999999998863, 23.24788734185630190, -112.7577900897377390 ) ) ;
#3397 = CARTESIAN_POINT ( 'NONE',  ( 301.0000000000000000, 45.63054645356284311, -170.0515392428203256 ) ) ;
#3398 = CARTESIAN_POINT ( 'NONE',  ( 301.0000000000000000, 41.93561305985374332, -110.9603002612586522 ) ) ;
#3399 = CARTESIAN_POINT ( 'NONE',  ( -18.65462465564770156, 47.75439152986547953, 177.6525018001916862 ) ) ;
#3400 = LINE ( 'NONE', #729, #1150 ) ;
#3401 = EDGE_CURVE ( 'NONE', #2059, #4914, #172, .T. ) ;
#3402 = CARTESIAN_POINT ( 'NONE',  ( -64.46969756009298180, 32.57722324706554673, 162.4753335173915900 ) ) ;
#3403 = VERTEX_POINT ( 'NONE', #8171 ) ;
#3404 = ORIENTED_EDGE ( 'NONE', *, *, #6899, .F. ) ;
#3405 = CARTESIAN_POINT ( 'NONE',  ( -3.563051191461435341, 38.16959983223134856, 168.0677101025575269 ) ) ;
#3406 = CARTESIAN_POINT ( 'NONE',  ( -58.68609571231911559, 34.64439366705938284, 164.5425039373854759 ) ) ;
#3407 = DIRECTION ( 'NONE',  ( 1.000000000000000000, -0.000000000000000000, 0.000000000000000000 ) ) ;
#3408 = B_SPLINE_SURFACE_WITH_KNOTS ( 'NONE', 3, 1, ( 
 ( #2560, #5852 ),
 ( #594, #4551 ),
 ( #6440, #1198 ),
 ( #3104, #1285 ),
 ( #2602, #1240 ),
 ( #5764, #7122 ),
 ( #7076, #3789 ),
 ( #7708, #548 ),
 ( #4504, #640 ),
 ( #3232, #1924 ),
 ( #3919, #7752 ),
 ( #8257, #1330 ),
 ( #1970, #6483 ),
 ( #691, #43 ),
 ( #3277, #1794 ) ),
 .UNSPECIFIED., .F., .F., .F.,
 ( 4, 1, 1, 1, 1, 1, 1, 1, 1, 1, 1, 1, 4 ),
 ( 2, 2 ),
 ( 0.000000000000000000, 0.09768471262218053619, 0.1880375929431148951, 0.2740553127882872642, 0.3611496187057845475, 0.4102339364253222431, 0.4679398276653002897, 0.5339141825485744786, 0.6089483485822612119, 0.6931695465397319511, 0.7866845381358551492, 0.8886340909017108602, 1.000000000000000000 ),
 ( 0.000000000000000000, 1.000000000000000000 ),
 .UNSPECIFIED. ) ;
#3409 = B_SPLINE_CURVE_WITH_KNOTS ( 'NONE', 3,
 ( #2218, #4681, #945, #5425, #4637, #2811, #4167, #1424, #4801, #7372, #1589, #6693, #3367, #3451, #6734, #4717, #3536, #7290, #4086 ),
 .UNSPECIFIED., .F., .F.,
 ( 4, 1, 1, 1, 1, 1, 1, 1, 1, 1, 1, 1, 1, 1, 1, 1, 4 ),
 ( 0.000000000000000000, 0.06314838098243527598, 0.1245056554606072535, 0.1842702622704816273, 0.2429763802598449429, 0.3016664755938514575, 0.3605485550332765410, 0.4206201141014526690, 0.4824050888546099758, 0.5445929822138092513, 0.6065063660444830473, 0.6679181167773053929, 0.7303508651174961397, 0.7941135107809960125, 0.8600166734080392228, 0.9286295196055968093, 1.000000000000000000 ),
 .UNSPECIFIED. ) ;
#3410 = CARTESIAN_POINT ( 'NONE',  ( -57.61102591441640186, 46.00815357720753696, 182.9773316593991694 ) ) ;
#3411 = B_SPLINE_CURVE_WITH_KNOTS ( 'NONE', 3,
 ( #6161, #6711, #1609, #1524, #918, #4186, #3510, #5445, #6794, #3804, #1083, #2444, #2483, #7636, #479, #2402, #7473, #6236, #2364 ),
 .UNSPECIFIED., .F., .F.,
 ( 4, 1, 1, 1, 1, 1, 1, 1, 1, 1, 1, 1, 1, 1, 1, 1, 4 ),
 ( 0.000000000000000000, 0.06043379430427076732, 0.1181562149465328199, 0.1735391434724241622, 0.2277685716356109835, 0.2819979997987980269, 0.3366000246364201365, 0.3924932968416597889, 0.4506765226378643963, 0.5107613909151773601, 0.5724221895924865855, 0.6360850413022584027, 0.7024669138567307680, 0.7715212505757496064, 0.8437539146071986185, 0.9200070939518070201, 1.000000000000000000 ),
 .UNSPECIFIED. ) ;
#3412 = EDGE_CURVE ( 'NONE', #1017, #5263, #1674, .T. ) ;
#3413 = CARTESIAN_POINT ( 'NONE',  ( -43.89152324005807060, 40.75716318583280184, 170.6552734561589091 ) ) ;
#3414 = CARTESIAN_POINT ( 'NONE',  ( 63.99704700225025533, 49.14778134263217879, 179.0458916129583429 ) ) ;
#3415 = PERSON_AND_ORGANIZATION ( #675, #1090 ) ;
#3416 = CARTESIAN_POINT ( 'NONE',  ( -57.79331758108306616, 36.69054859594729834, 173.6597266781389521 ) ) ;
#3417 = ORIENTED_EDGE ( 'NONE', *, *, #941, .F. ) ;
#3418 = CARTESIAN_POINT ( 'NONE',  ( -34.42158801052261907, 31.22457371253802805, 168.1937517947293941 ) ) ;
#3419 = CARTESIAN_POINT ( 'NONE',  ( -57.60451549774973046, 27.44660057106073836, 164.4157786532522039 ) ) ;
#3420 = CARTESIAN_POINT ( 'NONE',  ( 18.51569352476949248, 34.61431418878640187, 164.5124244591125091 ) ) ;
#3421 = CARTESIAN_POINT ( 'NONE',  ( -281.0000000000000000, 80.00000000000000000, -373.0308219178082254 ) ) ;
#3422 = CARTESIAN_POINT ( 'NONE',  ( -29.29920946702422668, 44.51149467743751131, 181.4806727596290727 ) ) ;
#3423 = DIRECTION ( 'NONE',  ( -0.000000000000000000, -0.7071067811865489050, 0.7071067811865460184 ) ) ;
#3424 = EDGE_LOOP ( 'NONE', ( #5148, #435, #1318, #3741 ) ) ;
#3425 = EDGE_CURVE ( 'NONE', #3296, #4283, #422, .T. ) ;
#3426 = PLANE ( 'NONE',  #8354 ) ;
#3427 = EDGE_CURVE ( 'NONE', #5394, #8306, #3641, .T. ) ;
#3428 = CARTESIAN_POINT ( 'NONE',  ( -7.981445906165273385, 27.45528874864430691, 164.4244668308358257 ) ) ;
#3429 = PLANE ( 'NONE',  #6873 ) ;
#3430 = EDGE_CURVE ( 'NONE', #928, #8330, #6774, .T. ) ;
#3431 = CARTESIAN_POINT ( 'NONE',  ( 17.18064075225026244, 34.51766838292617479, 164.4157786532522891 ) ) ;
#3432 = CARTESIAN_POINT ( 'NONE',  ( -19.75295299774973401, 42.03988505257993324, 171.9379953229060618 ) ) ;
#3433 = CARTESIAN_POINT ( 'NONE',  ( 305.9999999999999432, 44.36149025942089708, -109.8882574321654317 ) ) ;
#3434 = AXIS2_PLACEMENT_3D ( 'NONE', #1918, #5090, #5807 ) ;
#3435 = ORIENTED_EDGE ( 'NONE', *, *, #2604, .F. ) ;
#3436 = EDGE_CURVE ( 'NONE', #3774, #3130, #8087, .T. ) ;
#3437 = ORIENTED_EDGE ( 'NONE', *, *, #2450, .F. ) ;
#3438 = EDGE_CURVE ( 'NONE', #1607, #6523, #673, .T. ) ;
#3439 = DIRECTION ( 'NONE',  ( 1.000000000000000000, 0.000000000000000000, 0.000000000000000000 ) ) ;
#3440 = ORIENTED_EDGE ( 'NONE', *, *, #6469, .T. ) ;
#3441 = VECTOR ( 'NONE', #2357, 1000.000000000000000 ) ;
#3442 = CARTESIAN_POINT ( 'NONE',  ( -8.664237241273166745, 34.52375948089088098, 164.4218697512169740 ) ) ;
#3443 = LINE ( 'NONE', #7872, #1962 ) ;
#3444 = DIRECTION ( 'NONE',  ( 0.000000000000000000, -1.000000000000000000, 0.000000000000000000 ) ) ;
#3445 = CARTESIAN_POINT ( 'NONE',  ( -4.020146729540541308, 36.98217473111310483, 166.8802850014393186 ) ) ;
#3446 = VECTOR ( 'NONE', #6117, 1000.000000000000114 ) ;
#3447 = DIRECTION ( 'NONE',  ( -0.000000000000000000, 2.569960705150825398E-16, 1.000000000000000000 ) ) ;
#3448 = ORIENTED_EDGE ( 'NONE', *, *, #2078, .F. ) ;
#3449 = AXIS2_PLACEMENT_3D ( 'NONE', #1507, #7128, #3926 ) ;
#3450 = CARTESIAN_POINT ( 'NONE',  ( -3.386710525268084915, 38.84064957273340468, 168.7387598430594835 ) ) ;
#3451 = CARTESIAN_POINT ( 'NONE',  ( -61.33530702293121806, 49.11492190729029517, 186.0840999894819845 ) ) ;
#3452 = LINE ( 'NONE', #899, #1145 ) ;
#3453 = DIRECTION ( 'NONE',  ( 1.000000000000000000, -0.000000000000000000, -0.000000000000000000 ) ) ;
#3454 = LINE ( 'NONE', #1509, #8383 ) ;
#3455 = VECTOR ( 'NONE', #4371, 1000.000000000000000 ) ;
#3456 = LINE ( 'NONE', #6698, #6737 ) ;
#3457 = B_SPLINE_CURVE_WITH_KNOTS ( 'NONE', 3,
 ( #2244, #4823, #798, #2155, #5406, #277, #5447, #5368, #839, #1443, #4027, #8029, #6587, #3388, #153, #3603, #5026, #4864, #7596 ),
 .UNSPECIFIED., .F., .F.,
 ( 4, 1, 1, 1, 1, 1, 1, 1, 1, 1, 1, 1, 1, 1, 1, 1, 4 ),
 ( 0.000000000000000000, 0.09163818679146101820, 0.1785017780267149634, 0.2597356750342094678, 0.3363884862149950083, 0.4082725983294855920, 0.4754172545848265319, 0.5387703957402584232, 0.5974176429128954524, 0.6525621503926547495, 0.7040696533613467478, 0.7526924968264565585, 0.8001884458468058181, 0.8475265964197384871, 0.8956214089105348775, 0.9462802952833909709, 1.000000000000000000 ),
 .UNSPECIFIED. ) ;
#3458 = PERSON_AND_ORGANIZATION ( #675, #1090 ) ;
#3459 = LINE ( 'NONE', #3023, #7424 ) ;
#3460 = ORIENTED_EDGE ( 'NONE', *, *, #941, .T. ) ;
#3461 = CARTESIAN_POINT ( 'NONE',  ( -36.98606515034028064, 33.82237627960819282, 170.7915543617996548 ) ) ;
#3462 = CARTESIAN_POINT ( 'NONE',  ( 335.9999999999999432, 48.23670732222217339, 115.6222004174907170 ) ) ;
#3463 = DIRECTION ( 'NONE',  ( 0.000000000000000000, -0.000000000000000000, 1.000000000000000000 ) ) ;
#3464 = CARTESIAN_POINT ( 'NONE',  ( 301.0000000000000000, 47.31041633425206072, -114.8749181547729847 ) ) ;
#3465 = CARTESIAN_POINT ( 'NONE',  ( -28.42187895444281054, 46.42257459634902972, 176.3206848666751796 ) ) ;
#3466 = LINE ( 'NONE', #4611, #2910 ) ;
#3467 = ORIENTED_EDGE ( 'NONE', *, *, #2470, .F. ) ;
#3468 = CARTESIAN_POINT ( 'NONE',  ( 301.0000000000000000, 20.55614218481916566, -109.9777844035717180 ) ) ;
#3469 = CARTESIAN_POINT ( 'NONE',  ( -8.450869664416403637, 27.44660057106073836, 164.4157786532522039 ) ) ;
#3470 = CARTESIAN_POINT ( 'NONE',  ( 306.0000000000000000, 25.66888794616118119, -109.4020252713095971 ) ) ;
#3471 = CARTESIAN_POINT ( 'NONE',  ( 16.54582874111257595, 34.53659281962564620, 164.4347030899517961 ) ) ;
#3472 = B_SPLINE_CURVE_WITH_KNOTS ( 'NONE', 3,
 ( #4212, #2309, #425, #4760, #378, #7330, #2222, #3665, #6147, #901, #1031, #4803, #6223, #4890, #1548, #8051, #4129, #3019, #948 ),
 .UNSPECIFIED., .F., .F.,
 ( 4, 1, 1, 1, 1, 1, 1, 1, 1, 1, 1, 1, 1, 1, 1, 1, 4 ),
 ( 0.000000000000000000, 0.09619523693051384994, 0.1866805802500461353, 0.2706416480855469153, 0.3491651986008406094, 0.4220465865201841749, 0.4900452044572417010, 0.5524257059420210059, 0.6106806885723352618, 0.6646699237804807314, 0.7152889111212084039, 0.7633785561991777158, 0.8102077307408552809, 0.8558425033647667490, 0.9022439127876653586, 0.9498799648559359543, 1.000000000000000000 ),
 .UNSPECIFIED. ) ;
#3473 = LINE ( 'NONE', #5493, #8026 ) ;
#3474 = DIRECTION ( 'NONE',  ( -0.000000000000000000, 1.000000000000000000, 0.000000000000000000 ) ) ;
#3475 = CARTESIAN_POINT ( 'NONE',  ( 306.0000000000000000, 41.93561305985374332, -110.9603002612586522 ) ) ;
#3476 = EDGE_CURVE ( 'NONE', #7389, #5171, #2345, .T. ) ;
#3477 = ORIENTED_EDGE ( 'NONE', *, *, #7362, .T. ) ;
#3478 = ORIENTED_EDGE ( 'NONE', *, *, #1933, .F. ) ;
#3479 = CARTESIAN_POINT ( 'NONE',  ( -60.55932493030788066, 44.19609979587109905, 181.1652778780626534 ) ) ;
#3480 = EDGE_LOOP ( 'NONE', ( #2299, #887, #6055, #3460 ) ) ;
#3481 = CARTESIAN_POINT ( 'NONE',  ( -12.34981248704488088, 36.49160873469601540, 166.3897190050221582 ) ) ;
#3482 = DIRECTION ( 'NONE',  ( 0.000000000000000000, 0.000000000000000000, 1.000000000000000000 ) ) ;
#3483 = EDGE_CURVE ( 'NONE', #1587, #4850, #4289, .T. ) ;
#3484 = CARTESIAN_POINT ( 'NONE',  ( -53.33020150033579654, 32.58017957616839055, 169.5493576583599520 ) ) ;
#3485 = CARTESIAN_POINT ( 'NONE',  ( -335.9999999999999432, 47.28212551604982394, -328.4730072434720682 ) ) ;
#3486 = ORIENTED_EDGE ( 'NONE', *, *, #2808, .F. ) ;
#3487 = LINE ( 'NONE', #6056, #3781 ) ;
#3488 = ORIENTED_EDGE ( 'NONE', *, *, #4935, .T. ) ;
#3489 = CARTESIAN_POINT ( 'NONE',  ( -7.762127090306396582, 31.00115273851543662, 167.9703308207069199 ) ) ;
#3490 = EDGE_CURVE ( 'NONE', #1691, #2393, #6854, .T. ) ;
#3491 = CARTESIAN_POINT ( 'NONE',  ( -29.86736719244745686, 31.78246125726247939, 168.7516393394539875 ) ) ;
#3492 = CARTESIAN_POINT ( 'NONE',  ( -306.0000000000000000, -53.90640872115755400, -291.0474397647021192 ) ) ;
#3493 = CARTESIAN_POINT ( 'NONE',  ( 14.16359797696619616, 27.60743476176713429, 164.5766128439587419 ) ) ;
#3494 = FACE_OUTER_BOUND ( 'NONE', #2818, .T. ) ;
#3495 = CARTESIAN_POINT ( 'NONE',  ( -55.40399466441639476, 44.16212610809422756, 174.0602363784203988 ) ) ;
#3496 = EDGE_LOOP ( 'NONE', ( #5382, #633, #6976, #5821 ) ) ;
#3497 = DIRECTION ( 'NONE',  ( -0.000000000000000000, 1.000000000000000000, -0.000000000000000000 ) ) ;
#3498 = CARTESIAN_POINT ( 'NONE',  ( 301.0000000000000000, 51.04721312022950741, -106.5489350761536542 ) ) ;
#3499 = ORIENTED_EDGE ( 'NONE', *, *, #6874, .T. ) ;
#3500 = LINE ( 'NONE', #4689, #7347 ) ;
#3501 = CARTESIAN_POINT ( 'NONE',  ( -57.18531722273196749, 27.45277168081819852, 164.4219497630096782 ) ) ;
#3502 = CARTESIAN_POINT ( 'NONE',  ( -0.5198354156923330471, 47.36386390810498881, 184.3330419902966923 ) ) ;
#3503 = CARTESIAN_POINT ( 'NONE',  ( 301.0000000000000568, 51.02426139315721088, -107.6191658043071442 ) ) ;
#3504 = CARTESIAN_POINT ( 'NONE',  ( -54.76834476451873712, 35.68414941002080099, 172.6533274922123269 ) ) ;
#3505 = AXIS2_PLACEMENT_3D ( 'NONE', #7776, #68, #3898 ) ;
#3506 = CARTESIAN_POINT ( 'NONE',  ( -37.66961966441640186, 38.21893044069950207, 175.1881085228910990 ) ) ;
#3507 = ORIENTED_EDGE ( 'NONE', *, *, #7035, .F. ) ;
#3508 = CARTESIAN_POINT ( 'NONE',  ( 17.18064075225026244, 34.51766838292617479, 164.4157786532522891 ) ) ;
#3509 = EDGE_CURVE ( 'NONE', #7360, #1616, #6800, .T. ) ;
#3510 = CARTESIAN_POINT ( 'NONE',  ( 306.0000000000000000, 21.38535836984637228, -100.0936894189878359 ) ) ;
#3511 = CARTESIAN_POINT ( 'NONE',  ( 301.0000000000000568, 27.75958707614083565, -110.8379870230677255 ) ) ;
#3512 = AXIS2_PLACEMENT_3D ( 'NONE', #6522, #7286, #7877 ) ;
#3513 = DIRECTION ( 'NONE',  ( -1.000000000000000000, 0.000000000000000000, 0.000000000000000000 ) ) ;
#3514 = FACE_OUTER_BOUND ( 'NONE', #4874, .T. ) ;
#3515 = CARTESIAN_POINT ( 'NONE',  ( -41.20415361528951337, 30.44971359105772990, 167.4188916732492487 ) ) ;
#3516 = CARTESIAN_POINT ( 'NONE',  ( -57.24623186817002107, 53.07462135481408438, 182.9727316251402840 ) ) ;
#3517 = VECTOR ( 'NONE', #2750, 1000.000000000000000 ) ;
#3518 = B_SPLINE_CURVE_WITH_KNOTS ( 'NONE', 3,
 ( #4458, #2512, #3141, #1371, #1194, #501, #7072, #3099, #3873, #1966, #1878, #7028, #1281, #1237, #1838, #4547, #3828, #636, #589 ),
 .UNSPECIFIED., .F., .F.,
 ( 4, 1, 1, 1, 1, 1, 1, 1, 1, 1, 1, 1, 1, 1, 1, 1, 4 ),
 ( 0.000000000000000000, 0.06550141546822060845, 0.1271347410815023560, 0.1855636666172975624, 0.2412882263504400882, 0.2953166271786772934, 0.3481693578045806925, 0.4016784276679011279, 0.4556637417312809912, 0.5115134368249635299, 0.5694223121318964242, 0.6307148987336913537, 0.6953220685368021181, 0.7645838915622417131, 0.8379075561357178792, 0.9165563449802962559, 1.000000000000000000 ),
 .UNSPECIFIED. ) ;
#3519 = ORIENTED_EDGE ( 'NONE', *, *, #7423, .F. ) ;
#3520 = ORIENTED_EDGE ( 'NONE', *, *, #2722, .F. ) ;
#3521 = CARTESIAN_POINT ( 'NONE',  ( -67.82242731949710901, 33.08133438273051041, 170.0505124649221216 ) ) ;
#3522 = ADVANCED_FACE ( 'NONE', ( #686 ), #1877, .F. ) ;
#3523 = VERTEX_POINT ( 'NONE', #8253 ) ;
#3524 = CARTESIAN_POINT ( 'NONE',  ( -12.03203041144708862, 32.49357302629077537, 169.4627511084823936 ) ) ;
#3525 = VECTOR ( 'NONE', #1773, 1000.000000000000114 ) ;
#3526 = CARTESIAN_POINT ( 'NONE',  ( 301.0000000000000000, 41.47690062022950741, -117.1348725761536542 ) ) ;
#3527 = CARTESIAN_POINT ( 'NONE',  ( -62.24303482280678423, 34.35511898623582283, 171.3242970684273700 ) ) ;
#3528 = FACE_OUTER_BOUND ( 'NONE', #3607, .T. ) ;
#3529 = APPLICATION_CONTEXT ( 'configuration controlled 3d designs of mechanical parts and assemblies' ) ;
#3530 = VERTEX_POINT ( 'NONE', #1326 ) ;
#3531 = APPROVAL_PERSON_ORGANIZATION ( #1553, #4330, #6700 ) ;
#3532 = FACE_OUTER_BOUND ( 'NONE', #3748, .T. ) ;
#3533 = EDGE_CURVE ( 'NONE', #2003, #2730, #36, .T. ) ;
#3534 = VERTEX_POINT ( 'NONE', #7575 ) ;
#3535 = CARTESIAN_POINT ( 'NONE',  ( 20.99568919097022857, 33.99227014575183148, 170.9614482279434355 ) ) ;
#3536 = CARTESIAN_POINT ( 'NONE',  ( -58.56901078425305229, 49.52856594240559929, 186.4977440245972389 ) ) ;
#3537 = CARTESIAN_POINT ( 'NONE',  ( 301.0000000000000000, 50.63054645356283601, -151.7182059094869828 ) ) ;
#3538 = LINE ( 'NONE', #6857, #7773 ) ;
#3539 = CARTESIAN_POINT ( 'NONE',  ( -37.71543318075013218, 31.71278122735531113, 161.6108914976814219 ) ) ;
#3540 = CARTESIAN_POINT ( 'NONE',  ( -42.81173712753892602, 44.11639836797321834, 181.0855764501648935 ) ) ;
#3541 = ORIENTED_EDGE ( 'NONE', *, *, #778, .F. ) ;
#3542 = ADVANCED_FACE ( 'NONE', ( #3914 ), #6344, .F. ) ;
#3543 = CARTESIAN_POINT ( 'NONE',  ( -66.57553482554013158, 41.77891583986853874, 178.7480939220602352 ) ) ;
#3544 = VERTEX_POINT ( 'NONE', #4369 ) ;
#3545 = CARTESIAN_POINT ( 'NONE',  ( 306.0000000000000000, 50.63054645356283601, -170.0515392428203256 ) ) ;
#3546 = CARTESIAN_POINT ( 'NONE',  ( -49.62835271066576581, 32.93752542085046997, 162.8356356911765488 ) ) ;
#3547 = DIRECTION ( 'NONE',  ( 0.000000000000000000, 1.000000000000000000, -0.000000000000000000 ) ) ;
#3548 = CARTESIAN_POINT ( 'NONE',  ( 41.49704700225026244, 49.24905965764588700, 179.1471699279720440 ) ) ;
#3549 = DIRECTION ( 'NONE',  ( -1.000000000000000000, 0.000000000000000000, -0.000000000000000000 ) ) ;
#3550 = B_SPLINE_CURVE_WITH_KNOTS ( 'NONE', 3,
 ( #7422, #6785, #3591, #6153, #2944, #8208, #1190, #2422, #1787, #4368, #1149, #6299, #3097, #6435, #6515, #2085, #7788, #6595, #2004 ),
 .UNSPECIFIED., .F., .F.,
 ( 4, 1, 1, 1, 1, 1, 1, 1, 1, 1, 1, 1, 1, 1, 1, 1, 4 ),
 ( 0.000000000000000000, 0.04510669722761705830, 0.08816397885543143798, 0.1304709200892869292, 0.1733279083273026322, 0.2173404269196000660, 0.2641630142886556287, 0.3143342892068510808, 0.3685555886151463678, 0.4275640897852742150, 0.4919029933815469158, 0.5617457246118896519, 0.6372182823699618082, 0.7184734246850045247, 0.8058019866969700074, 0.8997694595999516931, 1.000000000000000000 ),
 .UNSPECIFIED. ) ;
#3551 = DIRECTION ( 'NONE',  ( 1.000000000000000000, -0.000000000000000000, -0.000000000000000000 ) ) ;
#3552 = ORIENTED_EDGE ( 'NONE', *, *, #3436, .F. ) ;
#3553 = B_SPLINE_SURFACE_WITH_KNOTS ( 'NONE', 3, 1, ( 
 ( #2064, #6704 ),
 ( #6030, #1558 ),
 ( #2189, #184 ),
 ( #2145, #7894 ),
 ( #5991, #4690 ),
 ( #4730, #4179 ),
 ( #6745, #4018 ),
 ( #6578, #3377 ),
 ( #7976, #4646 ),
 ( #3546, #5317 ),
 ( #7852, #4768 ),
 ( #7339, #4139 ),
 ( #4059, #1474 ),
 ( #1434, #1515 ),
 ( #910, #5952 ),
 ( #221, #98 ),
 ( #5277, #4812 ),
 ( #2820, #3501 ),
 ( #4097, #3419 ) ),
 .UNSPECIFIED., .F., .F., .F.,
 ( 4, 1, 1, 1, 1, 1, 1, 1, 1, 1, 1, 1, 1, 1, 1, 1, 4 ),
 ( 2, 2 ),
 ( 0.000000000000000000, 0.05795458527692611689, 0.1143926538725679870, 0.1698566063314058960, 0.2254402674547479890, 0.2814067601780929628, 0.3385296255796853004, 0.3969866589058890782, 0.4575614070530504840, 0.5190712181008043657, 0.5808183010316654293, 0.6437383234980647018, 0.7084600693138175531, 0.7760465424554882086, 0.8466382043721620843, 0.9212745436731244464, 1.000000000000000000 ),
 ( 0.000000000000000000, 1.000000000000000000 ),
 .UNSPECIFIED. ) ;
#3554 = CARTESIAN_POINT ( 'NONE',  ( 14.96162213912369410, 34.99185461384091411, 164.8899648841670853 ) ) ;
#3555 = CARTESIAN_POINT ( 'NONE',  ( -7.066848558551443560, 27.47221627741516770, 164.4413943596067327 ) ) ;
#3556 = CARTESIAN_POINT ( 'NONE',  ( 301.0000000000000000, 30.30601770638835646, -111.2918335750198793 ) ) ;
#3557 = DIRECTION ( 'NONE',  ( 1.000000000000000000, -0.000000000000000000, -0.000000000000000000 ) ) ;
#3558 = DIRECTION ( 'NONE',  ( 0.000000000000000000, 0.7071067811865459074, 0.7071067811865491270 ) ) ;
#3559 = CARTESIAN_POINT ( 'NONE',  ( -59.78168721240245276, 48.90231018305514255, 178.8004204533813493 ) ) ;
#3560 = CARTESIAN_POINT ( 'NONE',  ( -50.57786128599458664, 47.78712666841209966, 184.7563047506038743 ) ) ;
#3561 = ORIENTED_EDGE ( 'NONE', *, *, #3717, .T. ) ;
#3562 = B_SPLINE_CURVE_WITH_KNOTS ( 'NONE', 3,
 ( #5473, #177, #7376, #2775, #6652, #7931, #7295, #4090, #135, #6024, #8052, #7969, #4052, #4131, #3371, #5310, #5945, #6697, #7885 ),
 .UNSPECIFIED., .F., .F.,
 ( 4, 1, 1, 1, 1, 1, 1, 1, 1, 1, 1, 1, 1, 1, 1, 1, 4 ),
 ( 0.000000000000000000, 0.06314838098243527598, 0.1245056554606072535, 0.1842702622704816273, 0.2429763802598449429, 0.3016664755938514575, 0.3605485550332765410, 0.4206201141014526690, 0.4824050888546099758, 0.5445929822138092513, 0.6065063660444830473, 0.6679181167773053929, 0.7303508651174961397, 0.7941135107809960125, 0.8600166734080392228, 0.9286295196055968093, 1.000000000000000000 ),
 .UNSPECIFIED. ) ;
#3563 = B_SPLINE_CURVE_WITH_KNOTS ( 'NONE', 3,
 ( #1475, #4060, #8059, #4140, #7507, #8137, #1602, #6705, #3502, #6746, #4262, #4098, #268, #2233, #5562, #389, #6660, #309, #7467 ),
 .UNSPECIFIED., .F., .F.,
 ( 4, 1, 1, 1, 1, 1, 1, 1, 1, 1, 1, 1, 1, 1, 1, 1, 4 ),
 ( 0.000000000000000000, 0.06337303283493017636, 0.1231682760295920026, 0.1800134961143039503, 0.2350194234886375799, 0.2887851633263027740, 0.3421470788154643006, 0.3960907008056631651, 0.4515494693117408365, 0.5090459906541066060, 0.5684331548331195139, 0.6308190041293127992, 0.6965028815291435249, 0.7658058217094777520, 0.8392590072860687256, 0.9172366981615461823, 1.000000000000000000 ),
 .UNSPECIFIED. ) ;
#3564 = EDGE_LOOP ( 'NONE', ( #1363, #3437, #3777, #305 ) ) ;
#3565 = DIRECTION ( 'NONE',  ( 1.000000000000000000, -0.000000000000000000, -0.000000000000000000 ) ) ;
#3566 = ORIENTED_EDGE ( 'NONE', *, *, #1569, .F. ) ;
#3567 = CARTESIAN_POINT ( 'NONE',  ( -10.78664380938163703, 35.00162521917845737, 164.8997354895044793 ) ) ;
#3568 = CARTESIAN_POINT ( 'NONE',  ( -3.086286331083071488, 42.03067793303323185, 171.9287882033593462 ) ) ;
#3569 = AXIS2_PLACEMENT_3D ( 'NONE', #7383, #1601, #2109 ) ;
#3570 = EDGE_CURVE ( 'NONE', #6179, #1745, #6982, .T. ) ;
#3571 = DIRECTION ( 'NONE',  ( -0.000000000000000000, -0.7071067811865489050, 0.7071067811865460184 ) ) ;
#3572 = CARTESIAN_POINT ( 'NONE',  ( -43.91961966441640186, 41.94781385711291932, 171.8459241274390763 ) ) ;
#3573 = ORIENTED_EDGE ( 'NONE', *, *, #1101, .F. ) ;
#3574 = CARTESIAN_POINT ( 'NONE',  ( 301.0000000000000000, 36.04721312022950741, -105.8848725761536542 ) ) ;
#3575 = VECTOR ( 'NONE', #6487, 1000.000000000000000 ) ;
#3576 = ORIENTED_EDGE ( 'NONE', *, *, #645, .F. ) ;
#3577 = CARTESIAN_POINT ( 'NONE',  ( -54.06771244231916285, 31.24308182716127646, 161.1411920974874192 ) ) ;
#3578 = CARTESIAN_POINT ( 'NONE',  ( -32.56530267498935416, 34.52189099081764567, 164.4200012611437671 ) ) ;
#3579 = DIRECTION ( 'NONE',  ( 0.000000000000000000, 0.000000000000000000, -1.000000000000000000 ) ) ;
#3580 = EDGE_CURVE ( 'NONE', #3383, #3964, #6478, .T. ) ;
#3581 = VECTOR ( 'NONE', #5563, 1000.000000000000000 ) ;
#3582 = CARTESIAN_POINT ( 'NONE',  ( 11.94769598594879056, 31.61708466333168488, 161.5151949336577957 ) ) ;
#3583 = EDGE_CURVE ( 'NONE', #3065, #6434, #6386, .T. ) ;
#3584 = CARTESIAN_POINT ( 'NONE',  ( -335.9999999999999432, 47.28212551604982394, -328.4730072434720682 ) ) ;
#3585 = CARTESIAN_POINT ( 'NONE',  ( -50.58358355036165221, 42.54193671420581069, 172.4400469845319321 ) ) ;
#3586 = ORIENTED_EDGE ( 'NONE', *, *, #516, .F. ) ;
#3587 = APPLICATION_PROTOCOL_DEFINITION ( 'international standard', 'config_control_design', 1994, #3529 ) ;
#3588 = LINE ( 'NONE', #8134, #5268 ) ;
#3589 = ORIENTED_EDGE ( 'NONE', *, *, #5365, .T. ) ;
#3590 = VECTOR ( 'NONE', #1978, 1000.000000000000000 ) ;
#3591 = CARTESIAN_POINT ( 'NONE',  ( -33.32641476067176711, 49.52391709031343936, 179.4220273606395892 ) ) ;
#3592 = CARTESIAN_POINT ( 'NONE',  ( -9.133331413139300636, 45.98815310085480945, 182.9573311830465059 ) ) ;
#3593 = DIRECTION ( 'NONE',  ( 0.000000000000000000, 1.000000000000000000, 0.000000000000000000 ) ) ;
#3594 = LINE ( 'NONE', #8100, #5589 ) ;
#3595 = CARTESIAN_POINT ( 'NONE',  ( -57.79331758108306616, 36.69054859594731965, 173.6597266781389237 ) ) ;
#3596 = ADVANCED_FACE ( 'NONE', ( #6436 ), #1193, .T. ) ;
#3597 = CARTESIAN_POINT ( 'NONE',  ( -16.89578285272866154, 46.71295508020742204, 183.6821331623989977 ) ) ;
#3598 = AXIS2_PLACEMENT_3D ( 'NONE', #8050, #4928, #1030 ) ;
#3599 = ORIENTED_EDGE ( 'NONE', *, *, #3651, .T. ) ;
#3600 = CARTESIAN_POINT ( 'NONE',  ( -12.03203041144708862, 32.49357302629076827, 169.4627511084823936 ) ) ;
#3601 = CARTESIAN_POINT ( 'NONE',  ( 0.9708806394050292221, 31.05645847811511473, 168.0256365603066229 ) ) ;
#3602 = CARTESIAN_POINT ( 'NONE',  ( 306.0000000000000000, 31.04721312022951096, -111.3015392428203256 ) ) ;
#3603 = CARTESIAN_POINT ( 'NONE',  ( -7.142613743155335371, 45.89654564016497318, 182.8657237223565630 ) ) ;
#3604 = CARTESIAN_POINT ( 'NONE',  ( 91.08038033558358393, 49.24905965764587989, 186.2182377398375195 ) ) ;
#3605 = CARTESIAN_POINT ( 'NONE',  ( -33.24989004299752082, 27.45433108604870043, 164.4235091682402299 ) ) ;
#3606 = CARTESIAN_POINT ( 'NONE',  ( -13.34259004041977548, 44.49972866829596541, 174.3978389386220158 ) ) ;
#3607 = EDGE_LOOP ( 'NONE', ( #2442, #681, #2070, #2982, #491 ) ) ;
#3608 = ORIENTED_EDGE ( 'NONE', *, *, #7064, .F. ) ;
#3609 = CARTESIAN_POINT ( 'NONE',  ( -65.10595403992361696, 29.46759046323224851, 166.4367685454238313 ) ) ;
#3610 = ORIENTED_EDGE ( 'NONE', *, *, #3695, .F. ) ;
#3611 = DIRECTION ( 'NONE',  ( 0.000000000000000000, -1.000000000000000000, 0.000000000000000000 ) ) ;
#3612 = CARTESIAN_POINT ( 'NONE',  ( -32.64357799774973756, 53.07922138907299825, 182.9773316593991979 ) ) ;
#3613 = B_SPLINE_CURVE_WITH_KNOTS ( 'NONE', 3,
 ( #809, #7073, #1282, #2682, #5933, #769, #3399, #7748, #7162, #3916, #2007, #3874, #7119, #122, #1372, #6438, #3228, #5810, #8389 ),
 .UNSPECIFIED., .F., .F.,
 ( 4, 1, 1, 1, 1, 1, 1, 1, 1, 1, 1, 1, 1, 1, 1, 1, 4 ),
 ( 0.000000000000000000, 0.08469534261570751954, 0.1642453373870153277, 0.2391691820093136689, 0.3095701254776733746, 0.3759941514437841192, 0.4389453051395791339, 0.4989433115251102890, 0.5563367197896755822, 0.6116521485117115686, 0.6654194154028068020, 0.7182486273428833057, 0.7710955021495455863, 0.8251290860776754332, 0.8806682164874628516, 0.9388101673808646463, 1.000000000000000000 ),
 .UNSPECIFIED. ) ;
#3614 = EDGE_LOOP ( 'NONE', ( #7110, #387, #5996, #5939 ) ) ;
#3615 = CARTESIAN_POINT ( 'NONE',  ( 305.9999999999999432, 43.70875545987203736, -116.6195880325007437 ) ) ;
#3616 = ORIENTED_EDGE ( 'NONE', *, *, #5696, .F. ) ;
#3617 = PLANE ( 'NONE',  #7825 ) ;
#3618 = EDGE_CURVE ( 'NONE', #928, #2381, #6301, .T. ) ;
#3619 = VERTEX_POINT ( 'NONE', #3140 ) ;
#3620 = CARTESIAN_POINT ( 'NONE',  ( 17.42211935858050609, 30.98661275152791461, 167.9557908337194476 ) ) ;
#3621 = DIRECTION ( 'NONE',  ( 0.000000000000000000, 0.000000000000000000, -1.000000000000000000 ) ) ;
#3622 = DIRECTION ( 'NONE',  ( 0.000000000000000000, 0.000000000000000000, -1.000000000000000000 ) ) ;
#3623 = CARTESIAN_POINT ( 'NONE',  ( 15.49942992916520446, 27.47212422840590307, 164.4413023105975640 ) ) ;
#3624 = CARTESIAN_POINT ( 'NONE',  ( -19.59020058938581954, 39.50874550611257519, 169.4068557764387322 ) ) ;
#3625 = CARTESIAN_POINT ( 'NONE',  ( 306.0000000000000000, 50.63054645356283601, -185.7481538261536400 ) ) ;
#3626 = VERTEX_POINT ( 'NONE', #5133 ) ;
#3627 = CARTESIAN_POINT ( 'NONE',  ( 306.0000000000000000, 46.04721312022950741, -106.2689871594869828 ) ) ;
#3628 = EDGE_LOOP ( 'NONE', ( #4666, #574, #517, #6243 ) ) ;
#3629 = EDGE_CURVE ( 'NONE', #1054, #7648, #588, .T. ) ;
#3630 = CARTESIAN_POINT ( 'NONE',  ( 79.83038033558359814, 27.74122839655510120, 164.7104064787466484 ) ) ;
#3631 = FACE_OUTER_BOUND ( 'NONE', #643, .T. ) ;
#3632 = CARTESIAN_POINT ( 'NONE',  ( -47.66961966441640186, 47.51351762309296589, 177.4116278934191087 ) ) ;
#3633 = FACE_OUTER_BOUND ( 'NONE', #1947, .T. ) ;
#3634 = CARTESIAN_POINT ( 'NONE',  ( -14.35119802075291062, 51.99089788199125195, 181.8890081523174445 ) ) ;
#3635 = ORIENTED_EDGE ( 'NONE', *, *, #2938, .F. ) ;
#3636 = CARTESIAN_POINT ( 'NONE',  ( 301.0000000000000000, 50.63054645356283601, -132.9682059094869828 ) ) ;
#3637 = FACE_OUTER_BOUND ( 'NONE', #1577, .T. ) ;
#3638 = CARTESIAN_POINT ( 'NONE',  ( -7.066848558551443560, 31.00775018334787703, 160.9058604536740233 ) ) ;
#3639 = EDGE_CURVE ( 'NONE', #937, #7657, #7617, .T. ) ;
#3640 = CARTESIAN_POINT ( 'NONE',  ( 300.9999999999998863, 20.34962989166588443, -102.1668270475618669 ) ) ;
#3641 = B_SPLINE_CURVE_WITH_KNOTS ( 'NONE', 3,
 ( #4926, #3620, #6101, #6220, #4248, #7497, #7531, #1714, #984, #3059, #5631, #4841, #6181, #3535, #944, #294, #1104, #338, #2890 ),
 .UNSPECIFIED., .F., .F.,
 ( 4, 1, 1, 1, 1, 1, 1, 1, 1, 1, 1, 1, 1, 1, 1, 1, 4 ),
 ( 0.000000000000000000, 0.07553387061068131403, 0.1425699456343859362, 0.2023112861831830589, 0.2574340725137624353, 0.3113243648336414537, 0.3665099357849692097, 0.4239944314211401277, 0.4863451212002821156, 0.5227662187937737182, 0.5663439455486899421, 0.6183462786292668323, 0.6783882743167065632, 0.7464598091591838624, 0.8226388639522632662, 0.9075864050478643641, 1.000000000000000000 ),
 .UNSPECIFIED. ) ;
#3642 = VECTOR ( 'NONE', #6882, 1000.000000000000000 ) ;
#3643 = CARTESIAN_POINT ( 'NONE',  ( 301.0000000000000000, 43.38682755599706553, -102.2151632352833133 ) ) ;
#3644 = DIRECTION ( 'NONE',  ( -0.000000000000000000, -0.000000000000000000, 1.000000000000000000 ) ) ;
#3645 = CARTESIAN_POINT ( 'NONE',  ( -48.26952550244050855, 45.27425994621290073, 182.2434380284046540 ) ) ;
#3646 = ORIENTED_EDGE ( 'NONE', *, *, #3208, .F. ) ;
#3647 = CIRCLE ( 'NONE', #8224, 10.00000000000000888 ) ;
#3648 = FACE_OUTER_BOUND ( 'NONE', #7676, .T. ) ;
#3649 = CARTESIAN_POINT ( 'NONE',  ( -64.46969756009298180, 29.04168934113280898, 166.0108674233243278 ) ) ;
#3650 = ORIENTED_EDGE ( 'NONE', *, *, #7875, .T. ) ;
#3651 = EDGE_CURVE ( 'NONE', #4614, #4409, #5715, .T. ) ;
#3652 = CARTESIAN_POINT ( 'NONE',  ( 2.449946289536896860, 46.72911519222143539, 176.6272254625476705 ) ) ;
#3653 = DIRECTION ( 'NONE',  ( 1.000000000000000000, -0.000000000000000000, -0.000000000000000000 ) ) ;
#3654 = AXIS2_PLACEMENT_3D ( 'NONE', #3932, #7092, #2658 ) ;
#3655 = EDGE_LOOP ( 'NONE', ( #5371, #1324, #200, #2941 ) ) ;
#3656 = CARTESIAN_POINT ( 'NONE',  ( 301.0000000000000000, 20.21387978689617881, -76.25596632615365422 ) ) ;
#3657 = ORIENTED_EDGE ( 'NONE', *, *, #606, .F. ) ;
#3658 = VECTOR ( 'NONE', #7680, 1000.000000000000000 ) ;
#3659 = CARTESIAN_POINT ( 'NONE',  ( -68.08628633108305905, 37.38108256194982459, 167.2791928322759247 ) ) ;
#3660 = EDGE_LOOP ( 'NONE', ( #2799, #2498, #1308, #1243, #191 ) ) ;
#3661 = DIRECTION ( 'NONE',  ( 1.000000000000000000, 0.000000000000000000, 0.000000000000000000 ) ) ;
#3662 = LINE ( 'NONE', #1789, #857 ) ;
#3663 = CARTESIAN_POINT ( 'NONE',  ( 7.330380335583599916, 49.24905965764587989, 186.2182377398375195 ) ) ;
#3664 = VECTOR ( 'NONE', #7654, 1000.000000000000000 ) ;
#3665 = CARTESIAN_POINT ( 'NONE',  ( 301.0000000000000568, 28.97831516770252591, -101.6487133518651547 ) ) ;
#3666 = ADVANCED_FACE ( 'NONE', ( #3226, #5672 ), #1836, .F. ) ;
#3667 = FACE_OUTER_BOUND ( 'NONE', #6227, .T. ) ;
#3668 = ORIENTED_EDGE ( 'NONE', *, *, #8120, .T. ) ;
#3669 = CARTESIAN_POINT ( 'NONE',  ( 301.0000000000000000, 50.46824754109720601, -102.4432568878073226 ) ) ;
#3670 = ORIENTED_EDGE ( 'NONE', *, *, #3436, .T. ) ;
#3671 = AXIS2_PLACEMENT_3D ( 'NONE', #3086, #2456, #7605 ) ;
#3672 = CARTESIAN_POINT ( 'NONE',  ( -12.60860691023514413, 43.54325994995841853, 180.5124380321500439 ) ) ;
#3673 = CARTESIAN_POINT ( 'NONE',  ( -25.56877127207319944, 51.15981812835941867, 181.0579283986855899 ) ) ;
#3674 = CARTESIAN_POINT ( 'NONE',  ( 301.0000000000000000, 20.21387978689617881, -184.1075288261536684 ) ) ;
#3675 = CARTESIAN_POINT ( 'NONE',  ( 301.0000000000000000, 20.21387978689617881, -193.3913829928203256 ) ) ;
#3676 = CARTESIAN_POINT ( 'NONE',  ( -19.75295299774973401, 42.03988505257993324, 171.9379953229060618 ) ) ;
#3677 = EDGE_CURVE ( 'NONE', #4911, #2208, #7660, .T. ) ;
#3678 = VERTEX_POINT ( 'NONE', #4499 ) ;
#3679 = CARTESIAN_POINT ( 'NONE',  ( 301.0000000000000000, 50.63054645356283601, -139.2182059094869828 ) ) ;
#3680 = CARTESIAN_POINT ( 'NONE',  ( -43.91961966441640186, 41.94781385711291932, 171.8459241274390763 ) ) ;
#3681 = CARTESIAN_POINT ( 'NONE',  ( -31.75670269636173160, 34.57386741812072017, 164.4719776884467990 ) ) ;
#3682 = CARTESIAN_POINT ( 'NONE',  ( 300.9999999999999432, 28.77497223887772648, -95.34523441021852364 ) ) ;
#3683 = PLANE ( 'NONE',  #1006 ) ;
#3684 = CARTESIAN_POINT ( 'NONE',  ( 305.9999999999999432, 25.44953717380417046, -103.9894308925259310 ) ) ;
#3685 = CARTESIAN_POINT ( 'NONE',  ( -47.93126941668155183, 44.64457237943403811, 181.6137504616257559 ) ) ;
#3686 = EDGE_CURVE ( 'NONE', #4267, #4399, #7071, .T. ) ;
#3687 = ORIENTED_EDGE ( 'NONE', *, *, #4631, .T. ) ;
#3688 = FACE_BOUND ( 'NONE', #1340, .T. ) ;
#3689 = CARTESIAN_POINT ( 'NONE',  ( 21.26906302678430905, 31.43719606683689705, 161.3353063371629901 ) ) ;
#3690 = VERTEX_POINT ( 'NONE', #635 ) ;
#3691 = B_SPLINE_SURFACE_WITH_KNOTS ( 'NONE', 3, 1, ( 
 ( #3716, #7674 ),
 ( #5102, #1849 ),
 ( #1891, #4471 ),
 ( #3841, #7086 ),
 ( #1295, #698 ),
 ( #2180, #3968 ),
 ( #6490, #4050 ),
 ( #4011, #4683 ),
 ( #7129, #7802 ),
 ( #1338, #3285 ),
 ( #5861, #3410 ) ),
 .UNSPECIFIED., .F., .F., .F.,
 ( 4, 1, 1, 1, 1, 1, 1, 1, 4 ),
 ( 2, 2 ),
 ( 0.000000000000000000, 0.1752808661683652180, 0.3268566712195344337, 0.4566612186565049969, 0.5668972303746157015, 0.6675643697767911222, 0.7708795911880118590, 0.8800479994124067451, 1.000000000000000000 ),
 ( 0.000000000000000000, 1.000000000000000000 ),
 .UNSPECIFIED. ) ;
#3692 = CARTESIAN_POINT ( 'NONE',  ( -25.60481210538235786, 29.30086823849941879, 166.2700463206909944 ) ) ;
#3693 = CARTESIAN_POINT ( 'NONE',  ( -5.468489082213654484, 48.77526058394471420, 178.6733708542708712 ) ) ;
#3694 = EDGE_CURVE ( 'NONE', #7462, #4810, #2598, .T. ) ;
#3695 = EDGE_CURVE ( 'NONE', #1275, #904, #4546, .T. ) ;
#3696 = VERTEX_POINT ( 'NONE', #4109 ) ;
#3697 = CARTESIAN_POINT ( 'NONE',  ( -4.639708961419516164, 32.47149524215398486, 169.4406733243455960 ) ) ;
#3698 = ORIENTED_EDGE ( 'NONE', *, *, #4161, .F. ) ;
#3699 = CARTESIAN_POINT ( 'NONE',  ( 74.08819283558359814, 31.27676230248784606, 161.1748725728139391 ) ) ;
#3700 = ORIENTED_EDGE ( 'NONE', *, *, #1093, .F. ) ;
#3701 = CARTESIAN_POINT ( 'NONE',  ( -46.83628633108306616, 37.56982851265717471, 167.4679387829833104 ) ) ;
#3702 = CARTESIAN_POINT ( 'NONE',  ( 301.0000000000000000, 45.03158812022950741, -81.71820590948698282 ) ) ;
#3703 = CARTESIAN_POINT ( 'NONE',  ( 25.58738576336430270, 30.31805528390874827, 167.2872333661002529 ) ) ;
#3704 = DIRECTION ( 'NONE',  ( 0.000000000000000000, 0.7071067811865461294, 0.7071067811865490160 ) ) ;
#3705 = VECTOR ( 'NONE', #5603, 1000.000000000000000 ) ;
#3706 = DIRECTION ( 'NONE',  ( 0.000000000000000000, -0.9307357584891948754, -0.3656924224940176771 ) ) ;
#3707 = ORIENTED_EDGE ( 'NONE', *, *, #6782, .F. ) ;
#3708 = CARTESIAN_POINT ( 'NONE',  ( 306.0000000000002274, 41.10507251571742415, -111.1897307221009470 ) ) ;
#3709 = VERTEX_POINT ( 'NONE', #2157 ) ;
#3710 = AXIS2_PLACEMENT_3D ( 'NONE', #6191, #2863, #7384 ) ;
#3711 = CARTESIAN_POINT ( 'NONE',  ( -53.76355186628950378, 44.26856929224593529, 181.2377473744375038 ) ) ;
#3712 = CARTESIAN_POINT ( 'NONE',  ( -29.56584100153086325, 49.28359143060294656, 186.2527695127945719 ) ) ;
#3713 = AXIS2_PLACEMENT_3D ( 'NONE', #5759, #1873, #4455 ) ;
#3714 = CARTESIAN_POINT ( 'NONE',  ( 306.0000000000000000, 20.21387978689617881, -149.2182059094869828 ) ) ;
#3715 = CARTESIAN_POINT ( 'NONE',  ( 301.0000000000000000, 27.47162621961450668, -102.2524477204880213 ) ) ;
#3716 = CARTESIAN_POINT ( 'NONE',  ( -52.93654674774973046, 46.30278140270193887, 176.2008916730280816 ) ) ;
#3717 = EDGE_CURVE ( 'NONE', #4807, #4817, #7790, .T. ) ;
#3718 = ORIENTED_EDGE ( 'NONE', *, *, #6909, .T. ) ;
#3719 = VECTOR ( 'NONE', #6500, 1000.000000000000000 ) ;
#3720 = CARTESIAN_POINT ( 'NONE',  ( 77.61683866891691252, 49.24905965764587989, 186.2182377398375195 ) ) ;
#3721 = CARTESIAN_POINT ( 'NONE',  ( -43.53034655108145756, 45.58741283155880097, 175.4855231018849793 ) ) ;
#3722 = DIRECTION ( 'NONE',  ( 0.000000000000000000, 0.9711261439659898409, 0.2385665787694233320 ) ) ;
#3723 = CARTESIAN_POINT ( 'NONE',  ( 301.0000000000000000, 26.16153081877110864, -96.26200640576358580 ) ) ;
#3724 = FACE_OUTER_BOUND ( 'NONE', #7112, .T. ) ;
#3725 = CARTESIAN_POINT ( 'NONE',  ( -335.9999999999999432, -74.71787448395015474, -274.4730072434720682 ) ) ;
#3726 = CARTESIAN_POINT ( 'NONE',  ( 306.0000000000000568, 32.98310816004312329, -100.9583666114871505 ) ) ;
#3727 = FACE_OUTER_BOUND ( 'NONE', #2563, .T. ) ;
#3728 = AXIS2_PLACEMENT_3D ( 'NONE', #7008, #6418, #661 ) ;
#3729 = CARTESIAN_POINT ( 'NONE',  ( -56.00795013764201968, 49.38393135915332266, 179.2820416294795223 ) ) ;
#3730 = ORIENTED_EDGE ( 'NONE', *, *, #6258, .F. ) ;
#3731 = CARTESIAN_POINT ( 'NONE',  ( 301.0000000000000000, 50.63054645356283601, -85.53331007615365422 ) ) ;
#3732 = CARTESIAN_POINT ( 'NONE',  ( 25.87998662737550148, 34.24147148598683543, 164.1395817563128503 ) ) ;
#3733 = VERTEX_POINT ( 'NONE', #8032 ) ;
#3734 = VECTOR ( 'NONE', #6736, 1000.000000000000000 ) ;
#3735 = CARTESIAN_POINT ( 'NONE',  ( 305.9999999999994884, 44.33326330951255301, -96.24918461498489819 ) ) ;
#3736 = CARTESIAN_POINT ( 'NONE',  ( 335.9999999999999432, 47.27351010919175422, -274.3250455023379573 ) ) ;
#3737 = VERTEX_POINT ( 'NONE', #3316 ) ;
#3738 = DIRECTION ( 'NONE',  ( 1.000000000000000000, -0.000000000000000000, -0.000000000000000000 ) ) ;
#3739 = ORIENTED_EDGE ( 'NONE', *, *, #3066, .F. ) ;
#3740 = LINE ( 'NONE', #5000, #521 ) ;
#3741 = ORIENTED_EDGE ( 'NONE', *, *, #2450, .T. ) ;
#3742 = PLANE ( 'NONE',  #4252 ) ;
#3743 = CARTESIAN_POINT ( 'NONE',  ( 306.0000000000000000, 32.29721312022951452, -84.43304965948698282 ) ) ;
#3744 = CARTESIAN_POINT ( 'NONE',  ( -25.60481210538235786, 32.83640214443216365, 162.7345124147582851 ) ) ;
#3745 = LINE ( 'NONE', #3785, #5743 ) ;
#3746 = CARTESIAN_POINT ( 'NONE',  ( -37.20191584723648504, 37.95219044798039931, 167.8503007183064426 ) ) ;
#3747 = LINE ( 'NONE', #4461, #5124 ) ;
#3748 = EDGE_LOOP ( 'NONE', ( #4859, #3343, #8337, #5088 ) ) ;
#3749 = LINE ( 'NONE', #6783, #8091 ) ;
#3750 = ORIENTED_EDGE ( 'NONE', *, *, #6979, .T. ) ;
#3751 = CARTESIAN_POINT ( 'NONE',  ( 301.0000000000000000, 20.21387978689617881, -149.2182059094869828 ) ) ;
#3752 = FACE_OUTER_BOUND ( 'NONE', #1024, .T. ) ;
#3753 = DIRECTION ( 'NONE',  ( 0.000000000000000000, -0.9999972926284180774, -0.002326958494241674995 ) ) ;
#3754 = CARTESIAN_POINT ( 'NONE',  ( 300.9999999999999432, 34.19098369443111096, -100.8940454517578331 ) ) ;
#3755 = CARTESIAN_POINT ( 'NONE',  ( -37.20191584723648504, 34.41665654204765445, 171.3858346242391804 ) ) ;
#3756 = EDGE_LOOP ( 'NONE', ( #2304, #470, #6636, #3779, #7247, #7991, #6727, #7195, #6889, #3255, #6815, #7889, #1667, #549 ) ) ;
#3757 = B_SPLINE_SURFACE_WITH_KNOTS ( 'NONE', 3, 1, ( 
 ( #7545, #8265 ),
 ( #4425, #5019 ),
 ( #2478, #5058 ),
 ( #6995, #6907 ),
 ( #3152, #8312 ),
 ( #1117, #6272 ),
 ( #475, #3072 ),
 ( #8222, #2439 ),
 ( #7587, #7172 ),
 ( #132, #2734 ),
 ( #1380, #4598 ),
 ( #2609, #4638 ),
 ( #7882, #697 ),
 ( #777, #6649 ),
 ( #7, #7928 ),
 ( #6570, #6610 ),
 ( #7209, #6528 ),
 ( #2015, #6489 ),
 ( #1337, #1425 ) ),
 .UNSPECIFIED., .F., .F., .F.,
 ( 4, 1, 1, 1, 1, 1, 1, 1, 1, 1, 1, 1, 1, 1, 1, 1, 4 ),
 ( 2, 2 ),
 ( 0.000000000000000000, 0.08315846755044305205, 0.1615014360265347448, 0.2359771911332315397, 0.3063462570513998950, 0.3733378569986204876, 0.4365342553694938066, 0.4974348390935939834, 0.5553876352808003736, 0.6114665870727202801, 0.6662665749783118763, 0.7202703948325049899, 0.7743751176638936640, 0.8288521454212798290, 0.8840313765225880083, 0.9406738928172728720, 1.000000000000000000 ),
 ( 0.000000000000000000, 1.000000000000000000 ),
 .UNSPECIFIED. ) ;
#3758 = CARTESIAN_POINT ( 'NONE',  ( 335.9999999999999432, -52.40044383621697932, 79.70254495192533284 ) ) ;
#3759 = DIRECTION ( 'NONE',  ( 0.000000000000000000, 0.000000000000000000, -1.000000000000000000 ) ) ;
#3760 = CARTESIAN_POINT ( 'NONE',  ( -1.349264395210885814, 32.57494611416620955, 162.4730563844923381 ) ) ;
#3761 = CARTESIAN_POINT ( 'NONE',  ( 305.9999999999998863, 23.24788734185630190, -112.7577900897377390 ) ) ;
#3762 = FACE_OUTER_BOUND ( 'NONE', #3480, .T. ) ;
#3763 = CARTESIAN_POINT ( 'NONE',  ( -29.29920946702422668, 44.51149467743748289, 181.4806727596291012 ) ) ;
#3764 = CARTESIAN_POINT ( 'NONE',  ( 306.0000000000000000, 24.79721312022951096, -106.4252371594869828 ) ) ;
#3765 = FACE_OUTER_BOUND ( 'NONE', #5506, .T. ) ;
#3766 = CARTESIAN_POINT ( 'NONE',  ( 7.474384418725601442, 33.41263694117816385, 170.3818150233697679 ) ) ;
#3767 = VERTEX_POINT ( 'NONE', #8072 ) ;
#3768 = PLANE ( 'NONE',  #1876 ) ;
#3769 = CARTESIAN_POINT ( 'NONE',  ( -54.90782146479871528, 40.48626824707364591, 177.4554463292652713 ) ) ;
#3770 = ORIENTED_EDGE ( 'NONE', *, *, #3217, .F. ) ;
#3771 = CARTESIAN_POINT ( 'NONE',  ( 300.9999999999999432, 44.33326330951255301, -96.24918461498489819 ) ) ;
#3772 = CARTESIAN_POINT ( 'NONE',  ( 305.9999999999998295, 41.88997838658689687, -101.6237316316986465 ) ) ;
#3773 = VECTOR ( 'NONE', #3210, 1000.000000000000114 ) ;
#3774 = VERTEX_POINT ( 'NONE', #234 ) ;
#3775 = CARTESIAN_POINT ( 'NONE',  ( -6.512252211654024237, 31.24093209948576089, 168.2101101816773223 ) ) ;
#3776 = EDGE_CURVE ( 'NONE', #851, #4427, #6730, .T. ) ;
#3777 = ORIENTED_EDGE ( 'NONE', *, *, #1926, .T. ) ;
#3778 = CARTESIAN_POINT ( 'NONE',  ( -19.74476516818036487, 41.60081748324049045, 171.4989277535666190 ) ) ;
#3779 = ORIENTED_EDGE ( 'NONE', *, *, #4006, .F. ) ;
#3780 = EDGE_LOOP ( 'NONE', ( #5968, #2796, #4115, #6459 ) ) ;
#3781 = VECTOR ( 'NONE', #3447, 1000.000000000000000 ) ;
#3782 = CARTESIAN_POINT ( 'NONE',  ( 301.0000000000000000, 0.000000000000000000, 0.000000000000000000 ) ) ;
#3783 = CARTESIAN_POINT ( 'NONE',  ( -335.9999999999999432, -53.90640872115755400, -301.0474397647021192 ) ) ;
#3784 = CARTESIAN_POINT ( 'NONE',  ( -28.31203667449843309, 34.32836469249136968, 171.2975427746828814 ) ) ;
#3785 = CARTESIAN_POINT ( 'NONE',  ( 306.0000000000000000, 19.79721312022951096, -113.3392996594869970 ) ) ;
#3786 = CARTESIAN_POINT ( 'NONE',  ( 7.341685093927407202, 38.63443098612610527, 168.5325412564521912 ) ) ;
#3787 = VECTOR ( 'NONE', #2562, 1000.000000000000114 ) ;
#3788 = EDGE_CURVE ( 'NONE', #1832, #5171, #6517, .T. ) ;
#3789 = CARTESIAN_POINT ( 'NONE',  ( -59.27069790749069256, 41.91695960950568178, 178.8861376916972290 ) ) ;
#3790 = ORIENTED_EDGE ( 'NONE', *, *, #4300, .F. ) ;
#3791 = CARTESIAN_POINT ( 'NONE',  ( 306.0000000000002842, 42.67181405191326604, -110.7026623965913785 ) ) ;
#3792 = ORIENTED_EDGE ( 'NONE', *, *, #7501, .F. ) ;
#3793 = CARTESIAN_POINT ( 'NONE',  ( -57.61102591441640186, 46.00815357720752985, 182.9773316593991694 ) ) ;
#3794 = CARTESIAN_POINT ( 'NONE',  ( 305.9999999999999432, 46.70087829103010080, -97.52526093576122435 ) ) ;
#3795 = VECTOR ( 'NONE', #7451, 1000.000000000000000 ) ;
#3796 = CARTESIAN_POINT ( 'NONE',  ( 335.9999999999999432, 47.27351010919175422, -328.0411557974455263 ) ) ;
#3797 = CARTESIAN_POINT ( 'NONE',  ( 301.0000000000000568, 30.81646140700958725, -101.2154491452680816 ) ) ;
#3798 = CARTESIAN_POINT ( 'NONE',  ( -37.65912697984600044, 37.36221911572945942, 174.3313971979210919 ) ) ;
#3799 = EDGE_CURVE ( 'NONE', #4359, #1296, #1656, .T. ) ;
#3800 = ADVANCED_FACE ( 'NONE', ( #7315 ), #2874, .F. ) ;
#3801 = ORIENTED_EDGE ( 'NONE', *, *, #1387, .F. ) ;
#3802 = CARTESIAN_POINT ( 'NONE',  ( -22.71503005145105547, 36.68444638623619625, 166.5825566565622751 ) ) ;
#3803 = VECTOR ( 'NONE', #7730, 1000.000000000000000 ) ;
#3804 = CARTESIAN_POINT ( 'NONE',  ( 306.0000000000000000, 23.91571109875849643, -97.55082111208078288 ) ) ;
#3805 = PLANE ( 'NONE',  #8231 ) ;
#3806 = CARTESIAN_POINT ( 'NONE',  ( 301.0000000000000000, 20.21387978689617881, -127.5515392428203114 ) ) ;
#3807 = CARTESIAN_POINT ( 'NONE',  ( -55.40399466441639476, 44.16212610809422756, 174.0602363784203988 ) ) ;
#3808 = CARTESIAN_POINT ( 'NONE',  ( 306.0000000000000568, 24.81293133326586897, -107.0065779068855107 ) ) ;
#3809 = CARTESIAN_POINT ( 'NONE',  ( 111.4970470022502411, 52.78459356357862475, 182.6827038339048102 ) ) ;
#3810 = CARTESIAN_POINT ( 'NONE',  ( 85.66371366891692674, 52.78459356357862475, 182.6827038339048102 ) ) ;
#3811 = CARTESIAN_POINT ( 'NONE',  ( 79.83038033558359814, 49.12936710353879022, 179.0274773738649685 ) ) ;
#3812 = ORIENTED_EDGE ( 'NONE', *, *, #2116, .T. ) ;
#3813 = FACE_OUTER_BOUND ( 'NONE', #763, .T. ) ;
#3814 = DIRECTION ( 'NONE',  ( -1.000000000000000000, -0.000000000000000000, -0.000000000000000000 ) ) ;
#3815 = ORIENTED_EDGE ( 'NONE', *, *, #6335, .T. ) ;
#3816 = CARTESIAN_POINT ( 'NONE',  ( 306.0000000000001137, 51.04721312022950741, -106.5489350761536542 ) ) ;
#3817 = CARTESIAN_POINT ( 'NONE',  ( -26.29540922850597795, 28.86206843368403341, 165.8312465158756197 ) ) ;
#3818 = CARTESIAN_POINT ( 'NONE',  ( 301.0000000000001137, 44.01489729884281132, -102.5684159543082643 ) ) ;
#3819 = VERTEX_POINT ( 'NONE', #5891 ) ;
#3820 = CARTESIAN_POINT ( 'NONE',  ( -5.472212087741557873, 31.73578187634831238, 168.7049599585398596 ) ) ;
#3821 = VERTEX_POINT ( 'NONE', #726 ) ;
#3822 = CARTESIAN_POINT ( 'NONE',  ( -35.35947838815312139, 45.25051946057496366, 182.2196975427666814 ) ) ;
#3823 = VERTEX_POINT ( 'NONE', #81 ) ;
#3824 = ORIENTED_EDGE ( 'NONE', *, *, #6422, .T. ) ;
#3825 = PLANE ( 'NONE',  #585 ) ;
#3826 = ADVANCED_FACE ( 'NONE', ( #2202 ), #354, .T. ) ;
#3827 = DIRECTION ( 'NONE',  ( 0.000000000000000000, -1.000000000000000000, 0.000000000000000000 ) ) ;
#3828 = CARTESIAN_POINT ( 'NONE',  ( 301.0000000000000000, 30.30601770638835646, -111.2918335750198793 ) ) ;
#3829 = CARTESIAN_POINT ( 'NONE',  ( 23.85263717893752400, 28.93030866373722532, 165.8994867459286695 ) ) ;
#3830 = DIRECTION ( 'NONE',  ( 0.000000000000000000, -0.7071067811865461294, -0.7071067811865490160 ) ) ;
#3831 = FACE_OUTER_BOUND ( 'NONE', #3350, .T. ) ;
#3832 = VERTEX_POINT ( 'NONE', #3809 ) ;
#3833 = CARTESIAN_POINT ( 'NONE',  ( 301.0000000000001137, 44.75294451597446965, -109.5931439772713958 ) ) ;
#3834 = ORIENTED_EDGE ( 'NONE', *, *, #4512, .T. ) ;
#3835 = EDGE_CURVE ( 'NONE', #3002, #3065, #5068, .T. ) ;
#3836 = CARTESIAN_POINT ( 'NONE',  ( -64.29924963004191341, 47.77494437921835413, 184.7441224614098871 ) ) ;
#3837 = CARTESIAN_POINT ( 'NONE',  ( -31.57283013024404639, 49.52362074649501267, 186.4927988286866309 ) ) ;
#3838 = LINE ( 'NONE', #1247, #8293 ) ;
#3839 = CARTESIAN_POINT ( 'NONE',  ( 301.0000000000000000, 26.83971542900961538, -102.6157245694931532 ) ) ;
#3840 = EDGE_CURVE ( 'NONE', #8348, #2391, #4951, .T. ) ;
#3841 = CARTESIAN_POINT ( 'NONE',  ( -53.76355186628950378, 47.80410319817868015, 177.7022134685047945 ) ) ;
#3842 = ORIENTED_EDGE ( 'NONE', *, *, #3570, .T. ) ;
#3843 = CARTESIAN_POINT ( 'NONE',  ( -27.04381494683957854, 32.01471512209291603, 161.9128253924190233 ) ) ;
#3844 = CARTESIAN_POINT ( 'NONE',  ( -13.21328964132247208, 45.22303891855390390, 175.1211491888801106 ) ) ;
#3845 = DIRECTION ( 'NONE',  ( 0.000000000000000000, 0.000000000000000000, 1.000000000000000000 ) ) ;
#3846 = VECTOR ( 'NONE', #3661, 1000.000000000000000 ) ;
#3847 = CARTESIAN_POINT ( 'NONE',  ( -57.31154674774973046, 30.98213447699343348, 167.9513125591849985 ) ) ;
#3848 = EDGE_CURVE ( 'NONE', #5171, #7462, #6917, .T. ) ;
#3849 = CARTESIAN_POINT ( 'NONE',  ( 301.0000000000000000, 20.21387978689617881, -93.38487257615365422 ) ) ;
#3850 = CARTESIAN_POINT ( 'NONE',  ( 306.0000000000000000, 24.88310201603878014, -107.5634628289436421 ) ) ;
#3851 = EDGE_CURVE ( 'NONE', #4924, #7358, #3009, .T. ) ;
#3852 = CARTESIAN_POINT ( 'NONE',  ( 7.599090296971093395, 36.21572609665794573, 166.1138363669839748 ) ) ;
#3853 = PLANE ( 'NONE',  #2230 ) ;
#3854 = CARTESIAN_POINT ( 'NONE',  ( 8.738753158991009684, 30.08121339098385505, 167.0503914731754094 ) ) ;
#3855 = VECTOR ( 'NONE', #4079, 1000.000000000000000 ) ;
#3856 = ORIENTED_EDGE ( 'NONE', *, *, #7857, .T. ) ;
#3857 = CARTESIAN_POINT ( 'NONE',  ( 85.66371366891692674, 31.27676230248784606, 161.1748725728139391 ) ) ;
#3858 = CARTESIAN_POINT ( 'NONE',  ( 335.9999999999999432, -74.72648989080823867, -274.3250455023379573 ) ) ;
#3859 = EDGE_LOOP ( 'NONE', ( #3867, #1462, #1797, #7062 ) ) ;
#3860 = DIRECTION ( 'NONE',  ( 1.000000000000000000, -0.000000000000000000, -0.000000000000000000 ) ) ;
#3861 = AXIS2_PLACEMENT_3D ( 'NONE', #1129, #659, #6325 ) ;
#3862 = DIRECTION ( 'NONE',  ( 1.000000000000000000, 0.000000000000000000, 0.000000000000000000 ) ) ;
#3863 = CARTESIAN_POINT ( 'NONE',  ( 305.9999999999998863, 35.88238965393543367, -100.8876571634177139 ) ) ;
#3864 = ORIENTED_EDGE ( 'NONE', *, *, #516, .T. ) ;
#3865 = CARTESIAN_POINT ( 'NONE',  ( 58.58038033558360524, 31.27676230248784606, 161.1748725728139391 ) ) ;
#3866 = AXIS2_PLACEMENT_3D ( 'NONE', #986, #5555, #8129 ) ;
#3867 = ORIENTED_EDGE ( 'NONE', *, *, #6106, .F. ) ;
#3868 = CARTESIAN_POINT ( 'NONE',  ( -15.25471774626137034, 29.01431642704283931, 165.9834945092342480 ) ) ;
#3869 = EDGE_LOOP ( 'NONE', ( #2536, #8162, #1531, #6988 ) ) ;
#3870 = ORIENTED_EDGE ( 'NONE', *, *, #5950, .F. ) ;
#3871 = FACE_OUTER_BOUND ( 'NONE', #76, .T. ) ;
#3872 = DIRECTION ( 'NONE',  ( -0.000000000000000000, -0.7071067811865489050, 0.7071067811865460184 ) ) ;
#3873 = CARTESIAN_POINT ( 'NONE',  ( 300.9999999999999432, 25.98929931853202291, -109.7663666299346517 ) ) ;
#3874 = CARTESIAN_POINT ( 'NONE',  ( -15.28111790843809814, 51.49571957626444174, 181.3938298465906485 ) ) ;
#3875 = CARTESIAN_POINT ( 'NONE',  ( 306.0000000000000000, 50.63054645356283601, -139.2182059094869828 ) ) ;
#3876 = EDGE_CURVE ( 'NONE', #7317, #2052, #7478, .T. ) ;
#3877 = CARTESIAN_POINT ( 'NONE',  ( 301.0000000000000000, 50.63054645356283601, -170.0515392428203256 ) ) ;
#3878 = ORIENTED_EDGE ( 'NONE', *, *, #566, .F. ) ;
#3879 = B_SPLINE_CURVE_WITH_KNOTS ( 'NONE', 3,
 ( #5387, #2100, #176, #92, #5903, #133, #4639, #7967, #2774, #5309, #5352, #7293, #5230, #2016, #4600, #7173, #8130, #2936, #297 ),
 .UNSPECIFIED., .F., .F.,
 ( 4, 1, 1, 1, 1, 1, 1, 1, 1, 1, 1, 1, 1, 1, 1, 1, 4 ),
 ( 0.000000000000000000, 0.09163818679146101820, 0.1785017780267149634, 0.2597356750342094678, 0.3363884862149950083, 0.4082725983294855920, 0.4754172545848265319, 0.5387703957402584232, 0.5974176429128954524, 0.6525621503926547495, 0.7040696533613467478, 0.7526924968264565585, 0.8001884458468058181, 0.8475265964197384871, 0.8956214089105348775, 0.9462802952833909709, 1.000000000000000000 ),
 .UNSPECIFIED. ) ;
#3880 = CARTESIAN_POINT ( 'NONE',  ( 0.9708806394050292221, 31.05645847811507920, 168.0256365603066513 ) ) ;
#3881 = VERTEX_POINT ( 'NONE', #1699 ) ;
#3882 = CARTESIAN_POINT ( 'NONE',  ( -60.46274684152301404, 49.30683016570350929, 186.2760082478950494 ) ) ;
#3883 = PLANE ( 'NONE',  #8024 ) ;
#3884 = CARTESIAN_POINT ( 'NONE',  ( 305.9999999999998295, 34.19098369443111096, -100.8940454517578331 ) ) ;
#3885 = CARTESIAN_POINT ( 'NONE',  ( -35.35236046893152206, 31.68820761935611685, 168.6573857015477245 ) ) ;
#3886 = ORIENTED_EDGE ( 'NONE', *, *, #6277, .F. ) ;
#3887 = ADVANCED_FACE ( 'NONE', ( #1217 ), #4273, .T. ) ;
#3888 = CARTESIAN_POINT ( 'NONE',  ( -23.04854630485348110, 35.89888989693925225, 165.7970001672653950 ) ) ;
#3889 = LINE ( 'NONE', #1384, #5282 ) ;
#3890 = DIRECTION ( 'NONE',  ( 0.000000000000000000, 0.9157183343378701990, -0.4018207711872004428 ) ) ;
#3891 = CARTESIAN_POINT ( 'NONE',  ( -53.66819983761008217, 32.12479108697096564, 169.0939691691625342 ) ) ;
#3892 = DIRECTION ( 'NONE',  ( -0.000000000000000000, -0.7071067811865489050, 0.7071067811865460184 ) ) ;
#3893 = CARTESIAN_POINT ( 'NONE',  ( -29.57740105568655054, 44.82795658207987088, 181.7971346642715105 ) ) ;
#3894 = CARTESIAN_POINT ( 'NONE',  ( -306.0000000000000000, -52.40044383621697932, 99.70254495192531863 ) ) ;
#3895 = PLANE ( 'NONE',  #451 ) ;
#3896 = CARTESIAN_POINT ( 'NONE',  ( -60.82919803323083840, 37.56810534573573079, 174.5372834279273206 ) ) ;
#3897 = ORIENTED_EDGE ( 'NONE', *, *, #6733, .T. ) ;
#3898 = DIRECTION ( 'NONE',  ( 0.000000000000000000, 0.000000000000000000, -1.000000000000000000 ) ) ;
#3899 = ADVANCED_FACE ( 'NONE', ( #6204, #5653, #2999, #5029, #5574, #6240, #443, #6964 ), #1174, .F. ) ;
#3900 = DIRECTION ( 'NONE',  ( 0.000000000000000000, 0.000000000000000000, 1.000000000000000000 ) ) ;
#3901 = CARTESIAN_POINT ( 'NONE',  ( -13.50295299774973579, 42.03067793303323185, 171.9287882033593462 ) ) ;
#3902 = ORIENTED_EDGE ( 'NONE', *, *, #1922, .F. ) ;
#3903 = CARTESIAN_POINT ( 'NONE',  ( 301.0000000000001137, 50.72369512848610640, -109.6266824429176268 ) ) ;
#3904 = CARTESIAN_POINT ( 'NONE',  ( 20.49070857690576020, 27.73766136469959420, 164.7068394468911947 ) ) ;
#3905 = LINE ( 'NONE', #4580, #7756 ) ;
#3906 = ORIENTED_EDGE ( 'NONE', *, *, #8334, .F. ) ;
#3907 = LINE ( 'NONE', #2718, #1360 ) ;
#3908 = ORIENTED_EDGE ( 'NONE', *, *, #4463, .F. ) ;
#3909 = FACE_OUTER_BOUND ( 'NONE', #972, .T. ) ;
#3910 = ORIENTED_EDGE ( 'NONE', *, *, #6563, .T. ) ;
#3911 = ORIENTED_EDGE ( 'NONE', *, *, #1933, .T. ) ;
#3912 = CARTESIAN_POINT ( 'NONE',  ( 3.139804347247497240, 43.30915294107577296, 173.2072632114019086 ) ) ;
#3913 = VECTOR ( 'NONE', #7816, 999.9999999999998863 ) ;
#3914 = FACE_OUTER_BOUND ( 'NONE', #1532, .T. ) ;
#3915 = LINE ( 'NONE', #7618, #6133 ) ;
#3916 = CARTESIAN_POINT ( 'NONE',  ( -16.89578285272866154, 50.24848898614016690, 180.1465992564662884 ) ) ;
#3917 = LINE ( 'NONE', #7203, #4805 ) ;
#3918 = VECTOR ( 'NONE', #2131, 1000.000000000000114 ) ;
#3919 = CARTESIAN_POINT ( 'NONE',  ( -57.45005623804625827, 44.76347193472711439, 174.6615822050532927 ) ) ;
#3920 = ORIENTED_EDGE ( 'NONE', *, *, #298, .F. ) ;
#3921 = CARTESIAN_POINT ( 'NONE',  ( 300.9999999999998863, 45.13950878126412647, -109.1737851898855070 ) ) ;
#3922 = ORIENTED_EDGE ( 'NONE', *, *, #7821, .F. ) ;
#3923 = CARTESIAN_POINT ( 'NONE',  ( -65.85308717129730383, 49.86241464664695400, 179.7605249169730826 ) ) ;
#3924 = EDGE_CURVE ( 'NONE', #4033, #3220, #2205, .T. ) ;
#3925 = CARTESIAN_POINT ( 'NONE',  ( 301.0000000000000000, 19.79721312022951096, -105.7937267428203256 ) ) ;
#3926 = DIRECTION ( 'NONE',  ( 0.000000000000000000, -0.9011355505897479246, 0.4335374487438331537 ) ) ;
#3927 = AXIS2_PLACEMENT_3D ( 'NONE', #2326, #4949, #1009 ) ;
#3928 = DIRECTION ( 'NONE',  ( -1.000000000000000000, 0.000000000000000000, 0.000000000000000000 ) ) ;
#3929 = ORIENTED_EDGE ( 'NONE', *, *, #4923, .F. ) ;
#3930 = CARTESIAN_POINT ( 'NONE',  ( -25.60481210538235786, 32.83640214443216365, 162.7345124147582851 ) ) ;
#3931 = DIRECTION ( 'NONE',  ( -0.000000000000000000, -0.000000000000000000, 1.000000000000000000 ) ) ;
#3932 = CARTESIAN_POINT ( 'NONE',  ( 306.0000000000000000, 80.00000000000000000, 206.9691780821917462 ) ) ;
#3933 = VECTOR ( 'NONE', #3565, 1000.000000000000000 ) ;
#3934 = CARTESIAN_POINT ( 'NONE',  ( 48.16371366891693384, 49.24905965764587989, 186.2182377398375195 ) ) ;
#3935 = CARTESIAN_POINT ( 'NONE',  ( -53.96972047528845451, 40.22096161378247814, 177.1901396959739543 ) ) ;
#3936 = CARTESIAN_POINT ( 'NONE',  ( 20.99568919097022857, 33.99227014575175332, 170.9614482279435208 ) ) ;
#3937 = CARTESIAN_POINT ( 'NONE',  ( 7.341685093927407202, 38.63443098612610527, 168.5325412564521912 ) ) ;
#3938 = CARTESIAN_POINT ( 'NONE',  ( -57.05105197827392516, 36.49001663492038006, 173.4591947171118989 ) ) ;
#3939 = CARTESIAN_POINT ( 'NONE',  ( 11.23376264349523090, 28.34380858712856011, 165.3129866693200825 ) ) ;
#3940 = CC_DESIGN_APPROVAL ( #4549, ( #2848 ) ) ;
#3941 = ORIENTED_EDGE ( 'NONE', *, *, #7256, .T. ) ;
#3942 = DIRECTION ( 'NONE',  ( 0.000000000000000000, 0.000000000000000000, -1.000000000000000000 ) ) ;
#3943 = DIRECTION ( 'NONE',  ( 1.921683315099120347E-14, -0.7071067811864141239, 0.7071067811866810215 ) ) ;
#3944 = CARTESIAN_POINT ( 'NONE',  ( -43.76976575635539035, 36.07142268256885131, 173.0406007647604554 ) ) ;
#3945 = DIRECTION ( 'NONE',  ( 0.000000000000000000, 2.820008162170615690E-07, 0.9999999999999603650 ) ) ;
#3946 = CARTESIAN_POINT ( 'NONE',  ( 21.99687372775854755, 28.10321149426355092, 165.0723895764551514 ) ) ;
#3947 = CARTESIAN_POINT ( 'NONE',  ( 300.9999999999998863, 45.90094623822440667, -105.0083592531593411 ) ) ;
#3948 = EDGE_CURVE ( 'NONE', #2622, #845, #1086, .T. ) ;
#3949 = EDGE_CURVE ( 'NONE', #2603, #1119, #7771, .T. ) ;
#3950 = ORIENTED_EDGE ( 'NONE', *, *, #2951, .T. ) ;
#3951 = CARTESIAN_POINT ( 'NONE',  ( -47.21160661292388028, 32.13854704389019901, 169.1077251260817889 ) ) ;
#3952 = ORIENTED_EDGE ( 'NONE', *, *, #3058, .F. ) ;
#3953 = DIRECTION ( 'NONE',  ( 2.377738754019209214E-12, 0.7071067811865721087, -0.7071067811865230368 ) ) ;
#3954 = ORIENTED_EDGE ( 'NONE', *, *, #6596, .T. ) ;
#3955 = CARTESIAN_POINT ( 'NONE',  ( 306.0000000000000000, 23.54721312022951096, -112.8965913261536542 ) ) ;
#3956 = ADVANCED_FACE ( 'NONE', ( #101 ), #7812, .T. ) ;
#3957 = CARTESIAN_POINT ( 'NONE',  ( -60.55932493030788066, 47.73163370180381548, 177.6297439721299725 ) ) ;
#3958 = EDGE_CURVE ( 'NONE', #7784, #5421, #4522, .T. ) ;
#3959 = CARTESIAN_POINT ( 'NONE',  ( -28.06735499956951685, 38.74966609593818845, 168.6477763662643099 ) ) ;
#3960 = CARTESIAN_POINT ( 'NONE',  ( -56.98033892926461874, 30.98909231907057915, 167.9582704012621548 ) ) ;
#3961 = CARTESIAN_POINT ( 'NONE',  ( -5.032043624062271014, 35.61000330027290772, 165.5081135705989936 ) ) ;
#3962 = CARTESIAN_POINT ( 'NONE',  ( 306.0000000000000000, 50.63054645356283601, -179.2182059094870112 ) ) ;
#3963 = ORIENTED_EDGE ( 'NONE', *, *, #8031, .T. ) ;
#3964 = VERTEX_POINT ( 'NONE', #3977 ) ;
#3965 = CARTESIAN_POINT ( 'NONE',  ( -22.32035231113711404, 42.16160782153944808, 179.1307859037310664 ) ) ;
#3966 = CARTESIAN_POINT ( 'NONE',  ( -32.73472383108308037, 34.51766838292617479, 164.4157786532522891 ) ) ;
#3967 = LINE ( 'NONE', #1465, #6812 ) ;
#3968 = CARTESIAN_POINT ( 'NONE',  ( -54.74378760153977908, 45.28693335472881643, 182.2561114369205200 ) ) ;
#3969 = VERTEX_POINT ( 'NONE', #3894 ) ;
#3970 = PRODUCT ( 'chassis_top_Default_sldprt', 'chassis_top_Default_sldprt', '', ( #7887 ) ) ;
#3971 = DIRECTION ( 'NONE',  ( 1.000000000000000000, -0.000000000000000000, -0.000000000000000000 ) ) ;
#3972 = LINE ( 'NONE', #2572, #3117 ) ;
#3973 = FACE_OUTER_BOUND ( 'NONE', #219, .T. ) ;
#3974 = CARTESIAN_POINT ( 'NONE',  ( 306.0000000000000000, 41.47690062022950741, -117.1348725761536542 ) ) ;
#3975 = CARTESIAN_POINT ( 'NONE',  ( -48.39321840974150746, 37.53580651498595699, 174.5049845971774118 ) ) ;
#3976 = CARTESIAN_POINT ( 'NONE',  ( 301.0000000000000000, 36.67872353689617881, -192.5059663261536400 ) ) ;
#3977 = CARTESIAN_POINT ( 'NONE',  ( 301.0000000000000000, 33.13054645356284311, -167.1348725761536684 ) ) ;
#3978 = DIRECTION ( 'NONE',  ( -0.000000000000000000, -0.7071067811865489050, 0.7071067811865460184 ) ) ;
#3979 = CARTESIAN_POINT ( 'NONE',  ( 301.0000000000000000, 20.21387978689617881, -127.5515392428203114 ) ) ;
#3980 = ORIENTED_EDGE ( 'NONE', *, *, #4297, .F. ) ;
#3981 = VECTOR ( 'NONE', #3098, 1000.000000000000000 ) ;
#3982 = CARTESIAN_POINT ( 'NONE',  ( -14.31894870119693586, 28.52700057553748536, 165.4961786577291036 ) ) ;
#3983 = EDGE_CURVE ( 'NONE', #537, #5060, #6540, .T. ) ;
#3984 = LINE ( 'NONE', #106, #2723 ) ;
#3985 = CARTESIAN_POINT ( 'NONE',  ( -42.39746173509005445, 32.07934387018542566, 169.0485219523770297 ) ) ;
#3986 = CARTESIAN_POINT ( 'NONE',  ( 306.0000000000001137, 45.65955459255329174, -115.8658560544601528 ) ) ;
#3987 = CARTESIAN_POINT ( 'NONE',  ( 22.66752178894142489, 28.34913321502834904, 165.3183112972198785 ) ) ;
#3988 = CARTESIAN_POINT ( 'NONE',  ( -10.77805143458749626, 45.53143703070151105, 182.5006151128932004 ) ) ;
#3989 = AXIS2_PLACEMENT_3D ( 'NONE', #3526, #6013, #6723 ) ;
#3990 = VECTOR ( 'NONE', #5027, 1000.000000000000000 ) ;
#3991 = ORIENTED_EDGE ( 'NONE', *, *, #6651, .F. ) ;
#3992 = CARTESIAN_POINT ( 'NONE',  ( -46.84523635131549923, 33.81605697376244990, 170.7852350559540469 ) ) ;
#3993 = ORIENTED_EDGE ( 'NONE', *, *, #54, .F. ) ;
#3994 = CARTESIAN_POINT ( 'NONE',  ( 306.0000000000000000, 48.23670732222217339, 115.6222004174907170 ) ) ;
#3995 = EDGE_CURVE ( 'NONE', #4165, #4714, #2704, .T. ) ;
#3996 = VERTEX_POINT ( 'NONE', #3293 ) ;
#3997 = CIRCLE ( 'NONE', #5734, 10.00000000000000888 ) ;
#3998 = CARTESIAN_POINT ( 'NONE',  ( -8.470400914416400084, 49.54368748314029602, 186.5128655653318788 ) ) ;
#3999 = LINE ( 'NONE', #1536, #737 ) ;
#4000 = CARTESIAN_POINT ( 'NONE',  ( 301.0000000000000000, 40.52027663543088920, -111.3314524796320200 ) ) ;
#4001 = CARTESIAN_POINT ( 'NONE',  ( -57.31154674774973756, 30.98213447699342993, 167.9513125591850269 ) ) ;
#4002 = VECTOR ( 'NONE', #5442, 1000.000000000000000 ) ;
#4003 = CARTESIAN_POINT ( 'NONE',  ( 306.0000000000000000, -53.52771198192617419, -301.2480616263205206 ) ) ;
#4004 = FACE_OUTER_BOUND ( 'NONE', #3209, .T. ) ;
#4005 = VERTEX_POINT ( 'NONE', #3251 ) ;
#4006 = EDGE_CURVE ( 'NONE', #429, #406, #2101, .T. ) ;
#4007 = EDGE_LOOP ( 'NONE', ( #7067, #7037, #6729, #4163 ) ) ;
#4008 = CARTESIAN_POINT ( 'NONE',  ( -3.096718292046313881, 37.63228552149669781, 174.6014636036882166 ) ) ;
#4009 = CARTESIAN_POINT ( 'NONE',  ( -57.47241651007656316, 34.51969773879244485, 164.4178080091185734 ) ) ;
#4010 = CARTESIAN_POINT ( 'NONE',  ( 41.49704700225026244, 27.74122839655510120, 164.7104064787466484 ) ) ;
#4011 = CARTESIAN_POINT ( 'NONE',  ( -56.00795013764201968, 49.38393135915332266, 179.2820416294795223 ) ) ;
#4012 = ORIENTED_EDGE ( 'NONE', *, *, #1260, .T. ) ;
#4013 = CARTESIAN_POINT ( 'NONE',  ( -42.81173712753892602, 44.11639836797323966, 181.0855764501648650 ) ) ;
#4014 = LINE ( 'NONE', #822, #6066 ) ;
#4015 = DIRECTION ( 'NONE',  ( 0.000000000000000000, 0.000000000000000000, -1.000000000000000000 ) ) ;
#4016 = CARTESIAN_POINT ( 'NONE',  ( -66.79760243851734458, 46.10901790846582315, 176.0071281787918736 ) ) ;
#4017 = CARTESIAN_POINT ( 'NONE',  ( -32.93516102812593971, 30.98658697086619540, 167.9557650530576041 ) ) ;
#4018 = CARTESIAN_POINT ( 'NONE',  ( -47.92100274704586838, 30.97813886855660570, 167.9473169507481032 ) ) ;
#4019 = DIRECTION ( 'NONE',  ( 0.000000000000000000, -0.9307357584891948754, -0.3656924224940176771 ) ) ;
#4020 = DIRECTION ( 'NONE',  ( 0.000000000000000000, 0.7071067811865461294, 0.7071067811865490160 ) ) ;
#4021 = CARTESIAN_POINT ( 'NONE',  ( -29.03586373173659041, 47.69820353478080222, 177.5963138051069450 ) ) ;
#4022 = CARTESIAN_POINT ( 'NONE',  ( 301.0000000000000000, 25.21387978689617526, -157.9682059094869828 ) ) ;
#4023 = ORIENTED_EDGE ( 'NONE', *, *, #3983, .T. ) ;
#4024 = LINE ( 'NONE', #6584, #7950 ) ;
#4025 = LINE ( 'NONE', #7777, #3803 ) ;
#4026 = CARTESIAN_POINT ( 'NONE',  ( -40.48137385287521539, 29.73798670510661069, 166.7071647872980975 ) ) ;
#4027 = CARTESIAN_POINT ( 'NONE',  ( -4.625655220729519179, 44.49430598293429284, 181.4634840651259537 ) ) ;
#4028 = CARTESIAN_POINT ( 'NONE',  ( 306.0000000000000000, 33.13054645356284311, -167.1348725761536684 ) ) ;
#4029 = CARTESIAN_POINT ( 'NONE',  ( -12.32868584379843213, 47.59187966626119959, 177.4899899365873921 ) ) ;
#4030 = EDGE_CURVE ( 'NONE', #7701, #3394, #271, .T. ) ;
#4031 = ORIENTED_EDGE ( 'NONE', *, *, #7145, .F. ) ;
#4032 = CARTESIAN_POINT ( 'NONE',  ( -52.06562791770198118, 28.20141493552303658, 165.1705930177146229 ) ) ;
#4033 = VERTEX_POINT ( 'NONE', #2275 ) ;
#4034 = CARTESIAN_POINT ( 'NONE',  ( -37.60124282573406873, 40.02614016198570113, 176.9953182441773549 ) ) ;
#4035 = ORIENTED_EDGE ( 'NONE', *, *, #6572, .T. ) ;
#4036 = CARTESIAN_POINT ( 'NONE',  ( 305.9999999999998863, 23.24788734185630190, -112.7577900897377390 ) ) ;
#4037 = CARTESIAN_POINT ( 'NONE',  ( 335.9999999999999432, -74.72648989080823867, -328.3250455023379573 ) ) ;
#4038 = ADVANCED_FACE ( 'NONE', ( #2147 ), #5399, .T. ) ;
#4039 = CARTESIAN_POINT ( 'NONE',  ( 301.0000000000000568, 42.67181405191326604, -110.7026623965913785 ) ) ;
#4040 = DIRECTION ( 'NONE',  ( -0.000000000000000000, 0.000000000000000000, 1.000000000000000000 ) ) ;
#4041 = EDGE_CURVE ( 'NONE', #1534, #3233, #2111, .T. ) ;
#4042 = DIRECTION ( 'NONE',  ( -1.000000000000000000, 0.000000000000000000, 0.000000000000000000 ) ) ;
#4043 = LINE ( 'NONE', #168, #1483 ) ;
#4044 = ORIENTED_EDGE ( 'NONE', *, *, #7604, .F. ) ;
#4045 = VERTEX_POINT ( 'NONE', #187 ) ;
#4046 = CARTESIAN_POINT ( 'NONE',  ( -4.020146729540541308, 33.44664082518041681, 170.4158189073719711 ) ) ;
#4047 = CARTESIAN_POINT ( 'NONE',  ( -61.14912393641174049, 36.01478643296087512, 165.9128967032869468 ) ) ;
#4048 = CARTESIAN_POINT ( 'NONE',  ( 35.24704700225026244, 49.24905965764588700, 179.1471699279720440 ) ) ;
#4049 = EDGE_CURVE ( 'NONE', #4624, #4911, #5231, .T. ) ;
#4050 = CARTESIAN_POINT ( 'NONE',  ( -55.32846032822454418, 45.62336841288079370, 182.5925464950724120 ) ) ;
#4051 = VECTOR ( 'NONE', #7666, 1000.000000000000000 ) ;
#4052 = CARTESIAN_POINT ( 'NONE',  ( -62.15041024204666087, 52.39404391101981417, 182.2921541813460067 ) ) ;
#4053 = LINE ( 'NONE', #3414, #4317 ) ;
#4054 = CALENDAR_DATE ( 2026, 14, 8 ) ;
#4055 = DIRECTION ( 'NONE',  ( 0.000000000000000000, 0.000000000000000000, 1.000000000000000000 ) ) ;
#4056 = ORIENTED_EDGE ( 'NONE', *, *, #1926, .F. ) ;
#4057 = CARTESIAN_POINT ( 'NONE',  ( 63.99704700225025533, 27.74122839655510120, 164.7104064787466484 ) ) ;
#4058 = AXIS2_PLACEMENT_3D ( 'NONE', #653, #3845, #96 ) ;
#4059 = CARTESIAN_POINT ( 'NONE',  ( -52.06562791770198118, 31.73694884145578143, 161.6350591117818851 ) ) ;
#4060 = CARTESIAN_POINT ( 'NONE',  ( -8.003140690239877841, 49.53507529962278966, 186.5042533818144648 ) ) ;
#4061 = CARTESIAN_POINT ( 'NONE',  ( 0.000000000000000000, -64.94905513516297901, 64.94905513516268059 ) ) ;
#4062 = CARTESIAN_POINT ( 'NONE',  ( -28.81258453382977791, 43.77195422380765422, 180.7411323059992299 ) ) ;
#4063 = EDGE_CURVE ( 'NONE', #4990, #5898, #6580, .T. ) ;
#4064 = ADVANCED_FACE ( 'NONE', ( #3380 ), #7263, .F. ) ;
#4065 = CARTESIAN_POINT ( 'NONE',  ( 306.0000000000000568, 39.03010957675714110, -101.0605491835753327 ) ) ;
#4066 = ORIENTED_EDGE ( 'NONE', *, *, #2159, .F. ) ;
#4067 = DIRECTION ( 'NONE',  ( 0.000000000000000000, 1.000000000000000000, -0.000000000000000000 ) ) ;
#4068 = DIRECTION ( 'NONE',  ( 0.000000000000000000, 0.000000000000000000, 1.000000000000000000 ) ) ;
#4069 = CARTESIAN_POINT ( 'NONE',  ( 306.0000000000000000, 25.21387978689617526, -170.0515392428203256 ) ) ;
#4070 = CARTESIAN_POINT ( 'NONE',  ( 13.58496109564283394, 35.57644604478873873, 172.5456241269803570 ) ) ;
#4071 = CARTESIAN_POINT ( 'NONE',  ( 48.16371366891693384, 49.24905965764588700, 179.1471699279720440 ) ) ;
#4072 = CARTESIAN_POINT ( 'NONE',  ( -56.35643145289587608, 34.53773294969111163, 164.4358432200172331 ) ) ;
#4073 = VECTOR ( 'NONE', #1321, 1000.000000000000000 ) ;
#4074 = VERTEX_POINT ( 'NONE', #1000 ) ;
#4075 = ORIENTED_EDGE ( 'NONE', *, *, #7959, .F. ) ;
#4076 = DIRECTION ( 'NONE',  ( -0.000000000000000000, -0.7071067811865489050, 0.7071067811865460184 ) ) ;
#4077 = ORIENTED_EDGE ( 'NONE', *, *, #149, .F. ) ;
#4078 = LINE ( 'NONE', #2801, #1694 ) ;
#4079 = DIRECTION ( 'NONE',  ( -0.000000000000000000, 0.9999972926284180774, 0.002326958494241675428 ) ) ;
#4080 = CARTESIAN_POINT ( 'NONE',  ( -58.68609571231911559, 31.10885976112663798, 168.0780378433182136 ) ) ;
#4081 = CARTESIAN_POINT ( 'NONE',  ( -60.15730806406256903, 40.89497741373109818, 170.7930876840571841 ) ) ;
#4082 = CARTESIAN_POINT ( 'NONE',  ( 105.4618907522502695, 31.27676230248784606, 161.1748725728139391 ) ) ;
#4083 = ORIENTED_EDGE ( 'NONE', *, *, #1682, .T. ) ;
#4084 = ORIENTED_EDGE ( 'NONE', *, *, #5391, .F. ) ;
#4085 = FACE_OUTER_BOUND ( 'NONE', #2632, .T. ) ;
#4086 = CARTESIAN_POINT ( 'NONE',  ( -57.56545299774973046, 49.54368748314021076, 186.5128655653319640 ) ) ;
#4087 = CARTESIAN_POINT ( 'NONE',  ( 58.58038033558360524, 52.78459356357862475, 182.6827038339048102 ) ) ;
#4088 = B_SPLINE_SURFACE_WITH_KNOTS ( 'NONE', 3, 1, ( 
 ( #2283, #966 ),
 ( #6875, #2366 ),
 ( #2956, #8192 ),
 ( #5532, #7435 ),
 ( #3640, #1771 ),
 ( #4983, #7515 ),
 ( #320, #7554 ),
 ( #4309, #1124 ),
 ( #399, #440 ),
 ( #1733, #8108 ),
 ( #1048, #4906 ),
 ( #3723, #7476 ),
 ( #1085, #6202 ),
 ( #3682, #3037 ),
 ( #6280, #5650 ),
 ( #2446, #1809 ),
 ( #4391, #2915 ),
 ( #5492, #1654 ),
 ( #6796, #6163 ) ),
 .UNSPECIFIED., .F., .F., .F.,
 ( 4, 1, 1, 1, 1, 1, 1, 1, 1, 1, 1, 1, 1, 1, 1, 1, 4 ),
 ( 2, 2 ),
 ( 0.000000000000000000, 0.06043379430427076732, 0.1181562149465328199, 0.1735391434724241622, 0.2277685716356109835, 0.2819979997987980269, 0.3366000246364201365, 0.3924932968416597889, 0.4506765226378643963, 0.5107613909151773601, 0.5724221895924865855, 0.6360850413022584027, 0.7024669138567307680, 0.7715212505757496064, 0.8437539146071986185, 0.9200070939518070201, 1.000000000000000000 ),
 ( 0.000000000000000000, 1.000000000000000000 ),
 .UNSPECIFIED. ) ;
#4089 = CARTESIAN_POINT ( 'NONE',  ( 306.0000000000000000, 80.00000000000000000, 206.9691780821917462 ) ) ;
#4090 = CARTESIAN_POINT ( 'NONE',  ( -65.41171415986100612, 50.37165853917852587, 180.2697688095047113 ) ) ;
#4091 = CARTESIAN_POINT ( 'NONE',  ( -54.90782146479871528, 44.02180215300639077, 173.9199124233325335 ) ) ;
#4092 = PERSON_AND_ORGANIZATION ( #675, #1090 ) ;
#4093 = LINE ( 'NONE', #2739, #2030 ) ;
#4094 = ORIENTED_EDGE ( 'NONE', *, *, #5662, .F. ) ;
#4095 = EDGE_CURVE ( 'NONE', #5541, #2258, #4383, .T. ) ;
#4096 = CARTESIAN_POINT ( 'NONE',  ( -37.50193326246481007, 39.31315210502690860, 169.2112623753530158 ) ) ;
#4097 = CARTESIAN_POINT ( 'NONE',  ( -57.60451549774973046, 30.98213447699344769, 160.8802447473195230 ) ) ;
#4098 = CARTESIAN_POINT ( 'NONE',  ( 1.536394905606826233, 45.09242294991877742, 182.0616010321104739 ) ) ;
#4099 = CARTESIAN_POINT ( 'NONE',  ( -57.05105197827392516, 40.02555054085308939, 169.9236608111792179 ) ) ;
#4100 = CARTESIAN_POINT ( 'NONE',  ( 106.0803803355835839, 34.14017648151146034, 171.1093545637030502 ) ) ;
#4101 = CARTESIAN_POINT ( 'NONE',  ( 306.0000000000000000, 20.21387978689617881, -178.3848725761536400 ) ) ;
#4102 = ORIENTED_EDGE ( 'NONE', *, *, #1798, .T. ) ;
#4103 = DIRECTION ( 'NONE',  ( 0.000000000000000000, 0.000000000000000000, 1.000000000000000000 ) ) ;
#4104 = CARTESIAN_POINT ( 'NONE',  ( 2.774581109181317284, 38.40021646076327499, 168.2983267310894462 ) ) ;
#4105 = CARTESIAN_POINT ( 'NONE',  ( 301.0000000000000000, 25.66888794616118119, -109.4020252713095971 ) ) ;
#4106 = EDGE_CURVE ( 'NONE', #2342, #3690, #2990, .T. ) ;
#4107 = CARTESIAN_POINT ( 'NONE',  ( 13.58496109564283394, 39.11197995072150491, 169.0100902210475908 ) ) ;
#4108 = CARTESIAN_POINT ( 'NONE',  ( 301.0000000000000000, 45.63054645356284311, -157.9682059094869828 ) ) ;
#4109 = CARTESIAN_POINT ( 'NONE',  ( 306.0000000000000000, 31.04721312022951096, -111.3015392428203256 ) ) ;
#4110 = CARTESIAN_POINT ( 'NONE',  ( -10.77805143458749626, 49.06697093663429854, 178.9650812069604058 ) ) ;
#4111 = VECTOR ( 'NONE', #8309, 1000.000000000000114 ) ;
#4112 = VERTEX_POINT ( 'NONE', #3714 ) ;
#4113 = ORIENTED_EDGE ( 'NONE', *, *, #4878, .F. ) ;
#4114 = CARTESIAN_POINT ( 'NONE',  ( -59.34147704293611980, 49.19118399469076763, 179.0892942650169459 ) ) ;
#4115 = ORIENTED_EDGE ( 'NONE', *, *, #54, .T. ) ;
#4116 = VECTOR ( 'NONE', #2642, 999.9999999999998863 ) ;
#4117 = CARTESIAN_POINT ( 'NONE',  ( -8.003140690239877841, 53.07060920555553452, 182.9687194758817554 ) ) ;
#4118 = CARTESIAN_POINT ( 'NONE',  ( 281.0000000000000000, 80.00000000000000000, -348.0308219178082254 ) ) ;
#4119 = CARTESIAN_POINT ( 'NONE',  ( -62.38967174774973046, 34.81229620842056249, 171.7814742906121239 ) ) ;
#4120 = DIRECTION ( 'NONE',  ( 0.000000000000000000, 0.4078828744404707773, 0.9130342604405264906 ) ) ;
#4121 = AXIS2_PLACEMENT_3D ( 'NONE', #5575, #2369, #1089 ) ;
#4122 = VECTOR ( 'NONE', #4149, 1000.000000000000000 ) ;
#4123 = LINE ( 'NONE', #5223, #2559 ) ;
#4124 = EDGE_LOOP ( 'NONE', ( #2330, #6112, #2457, #3670 ) ) ;
#4125 = VECTOR ( 'NONE', #213, 1000.000000000000000 ) ;
#4126 = CARTESIAN_POINT ( 'NONE',  ( -6.512252211654024237, 34.77646600541850574, 164.6745762757446130 ) ) ;
#4127 = CARTESIAN_POINT ( 'NONE',  ( -61.64919489722979051, 36.67658004545086925, 166.5746903157769623 ) ) ;
#4128 = LINE ( 'NONE', #2977, #4266 ) ;
#4129 = CARTESIAN_POINT ( 'NONE',  ( 301.0000000000000000, 24.81425745640766678, -105.7634997772233874 ) ) ;
#4130 = EDGE_CURVE ( 'NONE', #4911, #7193, #3594, .T. ) ;
#4131 = CARTESIAN_POINT ( 'NONE',  ( -61.33530702293121806, 52.65045581322304002, 182.5485660835492467 ) ) ;
#4132 = AXIS2_PLACEMENT_3D ( 'NONE', #2469, #3704, #6986 ) ;
#4133 = CARTESIAN_POINT ( 'NONE',  ( 14.25509178508080588, 32.07613758590384379, 169.0453156680954976 ) ) ;
#4134 = ORIENTED_EDGE ( 'NONE', *, *, #7362, .F. ) ;
#4135 = APPROVAL_STATUS ( 'not_yet_approved' ) ;
#4136 = CARTESIAN_POINT ( 'NONE',  ( -58.07786737243042552, 40.30387414421866055, 170.2019844145447678 ) ) ;
#4137 = ORIENTED_EDGE ( 'NONE', *, *, #1661, .F. ) ;
#4138 = CARTESIAN_POINT ( 'NONE',  ( -35.76278159850590299, 35.53607599553043883, 165.4341862658565674 ) ) ;
#4139 = CARTESIAN_POINT ( 'NONE',  ( -51.17321006480681689, 28.53657716938737465, 165.5057552515788757 ) ) ;
#4140 = CARTESIAN_POINT ( 'NONE',  ( -5.778997824016840923, 49.38236082456636211, 186.3515389067579520 ) ) ;
#4141 = CARTESIAN_POINT ( 'NONE',  ( -57.24623186817002107, 53.07462135481408438, 182.9727316251402840 ) ) ;
#4142 = CARTESIAN_POINT ( 'NONE',  ( -57.05105197827392516, 36.49001663492034453, 173.4591947171119273 ) ) ;
#4143 = CARTESIAN_POINT ( 'NONE',  ( 306.0000000000000000, 46.04721312022950741, -106.2689871594869828 ) ) ;
#4144 = ORIENTED_EDGE ( 'NONE', *, *, #1727, .F. ) ;
#4145 = LINE ( 'NONE', #835, #1197 ) ;
#4146 = CARTESIAN_POINT ( 'NONE',  ( -56.14029929039426037, 40.82833997896867828, 177.7975180611603037 ) ) ;
#4147 = FACE_OUTER_BOUND ( 'NONE', #559, .T. ) ;
#4148 = FACE_BOUND ( 'NONE', #4840, .T. ) ;
#4149 = DIRECTION ( 'NONE',  ( -1.000000000000000000, 0.000000000000000000, 0.000000000000000000 ) ) ;
#4150 = CARTESIAN_POINT ( 'NONE',  ( -39.64542675702590913, 29.12725324046076381, 166.0964313226523359 ) ) ;
#4151 = CARTESIAN_POINT ( 'NONE',  ( 17.18064075225026244, 30.98213447699342993, 167.9513125591850269 ) ) ;
#4152 = EDGE_CURVE ( 'NONE', #1447, #5558, #8138, .T. ) ;
#4153 = ORIENTED_EDGE ( 'NONE', *, *, #5619, .F. ) ;
#4154 = ORIENTED_EDGE ( 'NONE', *, *, #6899, .T. ) ;
#4155 = CARTESIAN_POINT ( 'NONE',  ( -58.82153721087773590, 49.39729587576584890, 179.2954061460919775 ) ) ;
#4156 = VERTEX_POINT ( 'NONE', #350 ) ;
#4157 = B_SPLINE_SURFACE_WITH_KNOTS ( 'NONE', 3, 1, ( 
 ( #5314, #3416 ),
 ( #4136, #2106 ),
 ( #7216, #218 ),
 ( #953, #2817 ),
 ( #824, #5948 ),
 ( #6701, #7933 ),
 ( #5393, #6070 ),
 ( #263, #7850 ),
 ( #6026, #2859 ),
 ( #5987, #1554 ),
 ( #2142, #7972 ),
 ( #8013, #4687 ),
 ( #180, #1432 ),
 ( #5433, #1597 ),
 ( #2062, #4809 ),
 ( #7258, #3543 ),
 ( #4016, #2186 ),
 ( #6576, #304 ),
 ( #4643, #2227 ) ),
 .UNSPECIFIED., .F., .F., .F.,
 ( 4, 1, 1, 1, 1, 1, 1, 1, 1, 1, 1, 1, 1, 1, 1, 1, 4 ),
 ( 2, 2 ),
 ( 0.000000000000000000, 0.06456981118984446433, 0.1249575490227499003, 0.1811710950599046133, 0.2327990004205634234, 0.2802779751616187309, 0.3238261300799257780, 0.3630622670656598050, 0.3980429324201891217, 0.4646837196989743735, 0.5332761574566635687, 0.6049180867211159107, 0.6807167962821275564, 0.7585709668064635203, 0.8367172537828067025, 0.9167099387419275214, 1.000000000000000000 ),
 ( 0.000000000000000000, 1.000000000000000000 ),
 .UNSPECIFIED. ) ;
#4158 = CARTESIAN_POINT ( 'NONE',  ( 3.163713668916934285, 38.50435114664723102, 175.4735292288387711 ) ) ;
#4159 = CARTESIAN_POINT ( 'NONE',  ( -22.45175773927975271, 42.76691480439016146, 179.7360928865817300 ) ) ;
#4160 = CARTESIAN_POINT ( 'NONE',  ( -53.09751464938256049, 33.43172312700978210, 170.4009012092013791 ) ) ;
#4161 = EDGE_CURVE ( 'NONE', #7454, #6903, #6952, .T. ) ;
#4162 = LINE ( 'NONE', #1061, #1082 ) ;
#4163 = ORIENTED_EDGE ( 'NONE', *, *, #6566, .T. ) ;
#4164 = CARTESIAN_POINT ( 'NONE',  ( -23.04994685652249231, 47.98931342528593547, 177.8874236956121138 ) ) ;
#4165 = VERTEX_POINT ( 'NONE', #1725 ) ;
#4166 = CARTESIAN_POINT ( 'NONE',  ( -57.60451549774973046, 30.98213447699344769, 160.8802447473195230 ) ) ;
#4167 = CARTESIAN_POINT ( 'NONE',  ( -65.85308717129730383, 46.32688074071420914, 183.2960588229058203 ) ) ;
#4168 = FACE_OUTER_BOUND ( 'NONE', #962, .T. ) ;
#4169 = CARTESIAN_POINT ( 'NONE',  ( 11.94769598594879056, 28.08155075739891160, 165.0507288395905334 ) ) ;
#4170 = B_SPLINE_CURVE_WITH_KNOTS ( 'NONE', 3,
 ( #7005, #4393, #8321, #2531, #5110, #1898, #1173, #6366, #3763, #3893, #2449, #1216, #4352, #4480, #7051, #483, #2406, #8194, #5615 ),
 .UNSPECIFIED., .F., .F.,
 ( 4, 1, 1, 1, 1, 1, 1, 1, 1, 1, 1, 1, 1, 1, 1, 1, 4 ),
 ( 0.000000000000000000, 0.09056628813638716025, 0.1757428893000713699, 0.2557985558460045827, 0.3309420366305654837, 0.4014257387234108077, 0.4672737648869791371, 0.5294195705963440357, 0.5876371537853513072, 0.6427879843386355985, 0.6954920432625301130, 0.7464586807951198999, 0.7958549702955738381, 0.8450813666375269761, 0.8949838653245235642, 0.9463750829748660554, 1.000000000000000000 ),
 .UNSPECIFIED. ) ;
#4171 = CARTESIAN_POINT ( 'NONE',  ( -8.450869664416403637, 27.44660057106073126, 164.4157786532522039 ) ) ;
#4172 = CARTESIAN_POINT ( 'NONE',  ( -41.72473817507441396, 45.87587635811736675, 182.8450544403090419 ) ) ;
#4173 = ORIENTED_EDGE ( 'NONE', *, *, #7064, .T. ) ;
#4174 =( LENGTH_UNIT ( ) NAMED_UNIT ( * ) SI_UNIT ( .MILLI., .METRE. ) );
#4175 = CARTESIAN_POINT ( 'NONE',  ( 58.58038033558360524, 27.74122839655510120, 164.7104064787466484 ) ) ;
#4176 = VERTEX_POINT ( 'NONE', #390 ) ;
#4177 = CARTESIAN_POINT ( 'NONE',  ( -57.45005623804625827, 44.76347193472711439, 174.6615822050532927 ) ) ;
#4178 = EDGE_CURVE ( 'NONE', #3523, #8218, #5018, .T. ) ;
#4179 = CARTESIAN_POINT ( 'NONE',  ( -47.51835871192189842, 31.54689525306020315, 168.5160733352517184 ) ) ;
#4180 = CARTESIAN_POINT ( 'NONE',  ( -335.9999999999999432, -74.71787448395015474, -274.4730072434720682 ) ) ;
#4181 = CARTESIAN_POINT ( 'NONE',  ( -57.56545299774973046, 53.07922138907299825, 182.9773316593991979 ) ) ;
#4182 = CARTESIAN_POINT ( 'NONE',  ( 301.0000000000000000, 20.21387978689617881, -70.46820590948699703 ) ) ;
#4183 = CARTESIAN_POINT ( 'NONE',  ( -19.37607211961694631, 42.16217683751894896, 179.1313549197105601 ) ) ;
#4184 = ORIENTED_EDGE ( 'NONE', *, *, #8031, .F. ) ;
#4185 = DIRECTION ( 'NONE',  ( -1.000000000000000000, 0.000000000000000000, 0.000000000000000000 ) ) ;
#4186 = CARTESIAN_POINT ( 'NONE',  ( 306.0000000000000000, 20.80457240478336800, -101.0955242769673248 ) ) ;
#4187 = CARTESIAN_POINT ( 'NONE',  ( 300.9999999999999432, 25.98929931853202291, -109.7663666299346517 ) ) ;
#4188 = CARTESIAN_POINT ( 'NONE',  ( 14.01627113335345598, 36.01445467185063620, 165.9125649421767150 ) ) ;
#4189 = CARTESIAN_POINT ( 'NONE',  ( 35.24704700225026244, 31.27676230248784606, 161.1748725728139391 ) ) ;
#4190 = CARTESIAN_POINT ( 'NONE',  ( 306.0000000000000000, 47.27351010919175422, -274.3250455023379573 ) ) ;
#4191 = FACE_OUTER_BOUND ( 'NONE', #3363, .T. ) ;
#4192 = AXIS2_PLACEMENT_3D ( 'NONE', #4270, #438, #3722 ) ;
#4193 = VERTEX_POINT ( 'NONE', #1801 ) ;
#4194 = ORIENTED_EDGE ( 'NONE', *, *, #2168, .T. ) ;
#4195 = CARTESIAN_POINT ( 'NONE',  ( 26.83745083723729508, 37.72555048448119663, 167.6236607548073039 ) ) ;
#4196 = ORIENTED_EDGE ( 'NONE', *, *, #2009, .T. ) ;
#4197 = CARTESIAN_POINT ( 'NONE',  ( -13.21946919311419499, 35.33343001259281380, 172.3026080947844605 ) ) ;
#4198 = AXIS2_PLACEMENT_3D ( 'NONE', #1023, #4120, #5505 ) ;
#4199 = CARTESIAN_POINT ( 'NONE',  ( 306.0000000000000000, 45.63054645356284311, -157.9682059094869828 ) ) ;
#4200 = EDGE_CURVE ( 'NONE', #3391, #5466, #6231, .T. ) ;
#4201 = CARTESIAN_POINT ( 'NONE',  ( -61.41084486154422706, 32.79554475314316875, 169.7647228353347941 ) ) ;
#4202 = CARTESIAN_POINT ( 'NONE',  ( 306.0000000000000000, 44.71950280370884201, -116.2669382121033408 ) ) ;
#4203 = VERTEX_POINT ( 'NONE', #2319 ) ;
#4204 = LOCAL_TIME ( 9, 59, 42.00000000000000000, #6110 ) ;
#4205 = CARTESIAN_POINT ( 'NONE',  ( -53.08628633108307326, 37.14630101350898173, 167.0444112838351316 ) ) ;
#4206 = ORIENTED_EDGE ( 'NONE', *, *, #3261, .F. ) ;
#4207 = EDGE_CURVE ( 'NONE', #4156, #7529, #4301, .T. ) ;
#4208 = EDGE_CURVE ( 'NONE', #3733, #4112, #3071, .T. ) ;
#4209 = DIRECTION ( 'NONE',  ( -0.000000000000000000, -0.7071067811865489050, 0.7071067811865460184 ) ) ;
#4210 = CARTESIAN_POINT ( 'NONE',  ( -31.31174383813756279, 34.65826552779098790, 164.5563757981170454 ) ) ;
#4211 = FACE_OUTER_BOUND ( 'NONE', #3660, .T. ) ;
#4212 = CARTESIAN_POINT ( 'NONE',  ( 301.0000000000000000, 35.45476520356284311, -100.8848725761536542 ) ) ;
#4213 = CARTESIAN_POINT ( 'NONE',  ( -12.20208542929639428, 31.35836447988526388, 161.2564747502113107 ) ) ;
#4214 = LINE ( 'NONE', #6944, #4863 ) ;
#4215 = EDGE_LOOP ( 'NONE', ( #2550, #3552, #532, #916 ) ) ;
#4216 = CARTESIAN_POINT ( 'NONE',  ( 301.0000000000001137, 38.47673643353520845, -94.79857834445539311 ) ) ;
#4217 = ORIENTED_EDGE ( 'NONE', *, *, #488, .F. ) ;
#4218 = FACE_OUTER_BOUND ( 'NONE', #4007, .T. ) ;
#4219 = CARTESIAN_POINT ( 'NONE',  ( -13.49859503259212268, 38.78826064545080499, 175.7574387276423522 ) ) ;
#4220 = CARTESIAN_POINT ( 'NONE',  ( -335.9999999999999432, 48.13302794031941545, 61.32442331500944732 ) ) ;
#4221 = DIRECTION ( 'NONE',  ( -0.000000000000000000, -0.7071067811865489050, 0.7071067811865460184 ) ) ;
#4222 = CARTESIAN_POINT ( 'NONE',  ( -53.08628633108307326, 33.61076710757622976, 170.5799451897678409 ) ) ;
#4223 = CARTESIAN_POINT ( 'NONE',  ( -19.58759703400943764, 44.54914077247382664, 174.4472510427999907 ) ) ;
#4224 = ORIENTED_EDGE ( 'NONE', *, *, #4300, .T. ) ;
#4225 = CARTESIAN_POINT ( 'NONE',  ( -13.43987094048863362, 36.82156175198862513, 173.7907398341802150 ) ) ;
#4226 = CARTESIAN_POINT ( 'NONE',  ( -59.27069790749069256, 41.91695960950565336, 178.8861376916972574 ) ) ;
#4227 = CARTESIAN_POINT ( 'NONE',  ( 306.0000000000000000, 80.00000000000000000, -373.0308219178082254 ) ) ;
#4228 = LINE ( 'NONE', #1697, #3103 ) ;
#4229 = DIRECTION ( 'NONE',  ( -1.000000000000000000, -0.000000000000000000, -0.000000000000000000 ) ) ;
#4230 = DIRECTION ( 'NONE',  ( 0.000000000000000000, -1.000000000000000000, 0.000000000000000000 ) ) ;
#4231 = CARTESIAN_POINT ( 'NONE',  ( -48.26952550244050855, 48.80979385214570243, 178.7079041224718594 ) ) ;
#4232 = ORIENTED_EDGE ( 'NONE', *, *, #312, .F. ) ;
#4233 = ADVANCED_FACE ( 'NONE', ( #5057 ), #6314, .T. ) ;
#4234 = CARTESIAN_POINT ( 'NONE',  ( -306.0000000000000000, 0.000000000000000000, 0.000000000000000000 ) ) ;
#4235 = CARTESIAN_POINT ( 'NONE',  ( -60.57711189521745609, 47.42677413673091280, 177.3248844070570556 ) ) ;
#4236 = ORIENTED_EDGE ( 'NONE', *, *, #2181, .F. ) ;
#4237 = CARTESIAN_POINT ( 'NONE',  ( 3.163713668916934285, 42.03988505257993324, 171.9379953229060618 ) ) ;
#4238 = LINE ( 'NONE', #7568, #7493 ) ;
#4239 = DIRECTION ( 'NONE',  ( -0.000000000000000000, -0.7071067811865489050, 0.7071067811865460184 ) ) ;
#4240 = VERTEX_POINT ( 'NONE', #512 ) ;
#4241 = FACE_OUTER_BOUND ( 'NONE', #6910, .T. ) ;
#4242 = ADVANCED_FACE ( 'NONE', ( #3111 ), #7544, .T. ) ;
#4243 = ORIENTED_EDGE ( 'NONE', *, *, #8307, .F. ) ;
#4244 = CARTESIAN_POINT ( 'NONE',  ( -27.78952491572630024, 52.34062844272485648, 182.2387387130510490 ) ) ;
#4245 = AXIS2_PLACEMENT_3D ( 'NONE', #3783, #1236, #544 ) ;
#4246 = ORIENTED_EDGE ( 'NONE', *, *, #5108, .F. ) ;
#4247 = B_SPLINE_CURVE_WITH_KNOTS ( 'NONE', 3,
 ( #7321, #4117, #6684, #1581, #6721, #931, #6094, #5705, #3050, #1866, #5623, #2413, #2458, #3652, #8201, #4957, #7566, #6211, #7016 ),
 .UNSPECIFIED., .F., .F.,
 ( 4, 1, 1, 1, 1, 1, 1, 1, 1, 1, 1, 1, 1, 1, 1, 1, 4 ),
 ( 0.000000000000000000, 0.06337303283493017636, 0.1231682760295920026, 0.1800134961143039503, 0.2350194234886375799, 0.2887851633263027740, 0.3421470788154643006, 0.3960907008056631651, 0.4515494693117408365, 0.5090459906541066060, 0.5684331548331195139, 0.6308190041293127992, 0.6965028815291435249, 0.7658058217094777520, 0.8392590072860687256, 0.9172366981615461823, 1.000000000000000000 ),
 .UNSPECIFIED. ) ;
#4248 = CARTESIAN_POINT ( 'NONE',  ( 19.06920729515770674, 31.20957948336036480, 168.1787575655519333 ) ) ;
#4249 = CARTESIAN_POINT ( 'NONE',  ( -23.04854630485348110, 35.89888989693925225, 165.7970001672653950 ) ) ;
#4250 = DIRECTION ( 'NONE',  ( 1.000000000000000000, -0.000000000000000000, -0.000000000000000000 ) ) ;
#4251 = AXIS2_PLACEMENT_3D ( 'NONE', #4180, #958, #3463 ) ;
#4252 = AXIS2_PLACEMENT_3D ( 'NONE', #7658, #4811, #542 ) ;
#4253 = LINE ( 'NONE', #7374, #4403 ) ;
#4254 = EDGE_CURVE ( 'NONE', #4895, #1842, #4316, .T. ) ;
#4255 = CARTESIAN_POINT ( 'NONE',  ( -11.02378355619045713, 31.13833423966070768, 161.0364445099868647 ) ) ;
#4256 = CARTESIAN_POINT ( 'NONE',  ( -39.43724575685918410, 51.46083366432058170, 181.3589439346467600 ) ) ;
#4257 = ORIENTED_EDGE ( 'NONE', *, *, #2754, .F. ) ;
#4258 = CARTESIAN_POINT ( 'NONE',  ( 300.9999999999999432, 49.98879721505686291, -101.2590206488185913 ) ) ;
#4259 = ORIENTED_EDGE ( 'NONE', *, *, #3248, .T. ) ;
#4260 = AXIS2_PLACEMENT_3D ( 'NONE', #5901, #5819, #51 ) ;
#4261 = CARTESIAN_POINT ( 'NONE',  ( 58.58038033558360524, 49.24905965764587989, 186.2182377398375195 ) ) ;
#4262 = CARTESIAN_POINT ( 'NONE',  ( 0.9454580888991809262, 45.92971175354839630, 182.8988898357400217 ) ) ;
#4263 = CARTESIAN_POINT ( 'NONE',  ( -58.23632701431758107, 45.98626608678141992, 182.9554441689730311 ) ) ;
#4264 = CARTESIAN_POINT ( 'NONE',  ( -55.75672493148966424, 36.07677018443114747, 173.0459482666227018 ) ) ;
#4265 = CARTESIAN_POINT ( 'NONE',  ( -16.13340770089867249, 50.91716239486866158, 180.8152726651948115 ) ) ;
#4266 = VECTOR ( 'NONE', #2178, 1000.000000000000114 ) ;
#4267 = VERTEX_POINT ( 'NONE', #1762 ) ;
#4268 = PLANE ( 'NONE',  #1623 ) ;
#4269 = DIRECTION ( 'NONE',  ( 0.000000000000000000, 0.000000000000000000, -1.000000000000000000 ) ) ;
#4270 = CARTESIAN_POINT ( 'NONE',  ( 301.0000000000000000, 20.21387978689617881, -87.29763299282032563 ) ) ;
#4271 = LINE ( 'NONE', #4350, #7831 ) ;
#4272 = FACE_OUTER_BOUND ( 'NONE', #4745, .T. ) ;
#4273 = PLANE ( 'NONE',  #1541 ) ;
#4274 = CARTESIAN_POINT ( 'NONE',  ( -13.44225863892880746, 43.72293323506987406, 173.6210435053961305 ) ) ;
#4275 = EDGE_LOOP ( 'NONE', ( #5452, #3477, #6027, #2143 ) ) ;
#4276 = FACE_OUTER_BOUND ( 'NONE', #6463, .T. ) ;
#4277 = CARTESIAN_POINT ( 'NONE',  ( -66.21601105436711521, 34.00760987005875791, 163.9057201403849433 ) ) ;
#4278 = B_SPLINE_CURVE_WITH_KNOTS ( 'NONE', 3,
 ( #6975, #1184, #8204, #1231, #3775, #1912, #3820, #4493, #3697, #5709, #6252, #456, #5626, #8290, #3053, #6337, #7063, #2505, #5084 ),
 .UNSPECIFIED., .F., .F.,
 ( 4, 1, 1, 1, 1, 1, 1, 1, 1, 1, 1, 1, 1, 1, 1, 1, 4 ),
 ( 0.000000000000000000, 0.05249602090068822974, 0.1013673201907882987, 0.1487571369293913814, 0.1954540529938507132, 0.2421714951762523049, 0.2903214437575148965, 0.3416586935712675466, 0.3961793526616594896, 0.4548175549058890987, 0.5179892241357743066, 0.5854363329328483578, 0.6581255992520433917, 0.7356726998143772178, 0.8182477291090868299, 0.9064805023116703220, 1.000000000000000000 ),
 .UNSPECIFIED. ) ;
#4279 = ORIENTED_EDGE ( 'NONE', *, *, #5082, .T. ) ;
#4280 = CARTESIAN_POINT ( 'NONE',  ( 305.9999999999994884, 49.98879721505686291, -101.2590206488185913 ) ) ;
#4281 = ADVANCED_FACE ( 'NONE', ( #4342 ), #5642, .F. ) ;
#4282 = CARTESIAN_POINT ( 'NONE',  ( -4.015345496477078058, 43.50567308336753314, 180.4748511655591585 ) ) ;
#4283 = VERTEX_POINT ( 'NONE', #5900 ) ;
#4284 = CARTESIAN_POINT ( 'NONE',  ( 305.9999999999999432, 50.91427766675433020, -108.6518226853865201 ) ) ;
#4285 = ORIENTED_EDGE ( 'NONE', *, *, #1410, .T. ) ;
#4286 = CARTESIAN_POINT ( 'NONE',  ( -25.56877127207319944, 51.15981812835941867, 181.0579283986855899 ) ) ;
#4287 = ORIENTED_EDGE ( 'NONE', *, *, #5160, .T. ) ;
#4288 = EDGE_CURVE ( 'NONE', #5724, #6594, #7171, .T. ) ;
#4289 = LINE ( 'NONE', #8048, #6529 ) ;
#4290 = CARTESIAN_POINT ( 'NONE',  ( -306.0000000000000000, 47.28212551604982394, -274.4730072434720114 ) ) ;
#4291 = CARTESIAN_POINT ( 'NONE',  ( -3.086286331083071488, 38.49514402710048699, 175.4643221092920840 ) ) ;
#4292 = CARTESIAN_POINT ( 'NONE',  ( 15.49942992916520446, 31.00765813433867635, 160.9057684046647978 ) ) ;
#4293 = PLANE ( 'NONE',  #4447 ) ;
#4294 = EDGE_LOOP ( 'NONE', ( #3259, #7491, #5138, #6750 ) ) ;
#4295 = CARTESIAN_POINT ( 'NONE',  ( 300.9999999999999432, 43.00756178499811710, -95.75007751298967662 ) ) ;
#4296 = ORIENTED_EDGE ( 'NONE', *, *, #4130, .T. ) ;
#4297 = EDGE_CURVE ( 'NONE', #5678, #6336, #5818, .T. ) ;
#4298 = DIRECTION ( 'NONE',  ( 0.000000000000000000, 0.000000000000000000, 1.000000000000000000 ) ) ;
#4299 = CARTESIAN_POINT ( 'NONE',  ( -32.64357799774973756, 49.54368748314028181, 186.5128655653318788 ) ) ;
#4300 = EDGE_CURVE ( 'NONE', #2258, #5078, #5145, .T. ) ;
#4301 = LINE ( 'NONE', #6830, #1547 ) ;
#4302 = CARTESIAN_POINT ( 'NONE',  ( 19.92903959055964691, 35.18936328697911620, 165.0874735573052021 ) ) ;
#4303 = ADVANCED_FACE ( 'NONE', ( #6527 ), #90, .T. ) ;
#4304 = CARTESIAN_POINT ( 'NONE',  ( -33.32641476067176711, 45.98838318438069450, 182.9575612665722986 ) ) ;
#4305 = VERTEX_POINT ( 'NONE', #2651 ) ;
#4306 = CARTESIAN_POINT ( 'NONE',  ( -11.66909379247886136, 32.08925523933513801, 169.0584333215266781 ) ) ;
#4307 = CARTESIAN_POINT ( 'NONE',  ( -42.32117845005953427, 48.57151156540943049, 178.4696218357356088 ) ) ;
#4308 = CARTESIAN_POINT ( 'NONE',  ( 3.163713668916934285, 42.03988505257993324, 171.9379953229060618 ) ) ;
#4309 = CARTESIAN_POINT ( 'NONE',  ( 300.9999999999998863, 22.10163912792451768, -99.16791667378662112 ) ) ;
#4310 = EDGE_CURVE ( 'NONE', #171, #7317, #6356, .T. ) ;
#4311 = CARTESIAN_POINT ( 'NONE',  ( 301.0000000000000000, 20.21387978689617881, -127.5515392428203114 ) ) ;
#4312 = EDGE_CURVE ( 'NONE', #2432, #3220, #6401, .T. ) ;
#4313 = CARTESIAN_POINT ( 'NONE',  ( 306.0000000000000000, 29.85510415497534353, -101.4100907320028568 ) ) ;
#4314 = LINE ( 'NONE', #526, #3032 ) ;
#4315 = ORIENTED_EDGE ( 'NONE', *, *, #4207, .T. ) ;
#4316 = B_SPLINE_CURVE_WITH_KNOTS ( 'NONE', 3,
 ( #7468, #7508, #4263, #1041, #6866, #1162, #6192, #1076, #5605, #8184, #4975 ),
 .UNSPECIFIED., .F., .F.,
 ( 4, 1, 1, 1, 1, 1, 1, 1, 4 ),
 ( 0.000000000000000000, 0.1305442956474595906, 0.2509933561331109120, 0.3697875653681558794, 0.4918546329088382407, 0.6152265009146742347, 0.7368748122725049532, 0.8642812210121737504, 1.000000000000000000 ),
 .UNSPECIFIED. ) ;
#4317 = VECTOR ( 'NONE', #178, 1000.000000000000000 ) ;
#4318 = DIRECTION ( 'NONE',  ( 0.000000000000000000, 0.000000000000000000, -1.000000000000000000 ) ) ;
#4319 = CARTESIAN_POINT ( 'NONE',  ( -48.39321840974150746, 37.53580651498589305, 174.5049845971774687 ) ) ;
#4320 = ORIENTED_EDGE ( 'NONE', *, *, #6309, .T. ) ;
#4321 = CARTESIAN_POINT ( 'NONE',  ( -22.32009287591624513, 34.58002561556972410, 171.5492036977613282 ) ) ;
#4322 = CARTESIAN_POINT ( 'NONE',  ( -5.018326394067506691, 48.43465402470162928, 178.3327642950278289 ) ) ;
#4323 = VECTOR ( 'NONE', #1315, 1000.000000000000114 ) ;
#4324 = ORIENTED_EDGE ( 'NONE', *, *, #6929, .T. ) ;
#4325 = CARTESIAN_POINT ( 'NONE',  ( -335.9999999999999432, -53.90640872115755400, -291.0474397647021192 ) ) ;
#4326 = VERTEX_POINT ( 'NONE', #6994 ) ;
#4327 = CARTESIAN_POINT ( 'NONE',  ( -31.57283013024404639, 53.05915465242773621, 182.9572649227539500 ) ) ;
#4328 = AXIS2_PLACEMENT_3D ( 'NONE', #5461, #5548, #5420 ) ;
#4329 = ORIENTED_EDGE ( 'NONE', *, *, #5190, .F. ) ;
#4330 = APPROVAL ( #4135, 'UNSPECIFIED' ) ;
#4331 = CARTESIAN_POINT ( 'NONE',  ( -57.18531722273196749, 30.98830558675090430, 160.8864158570769689 ) ) ;
#4332 = CARTESIAN_POINT ( 'NONE',  ( -52.93654674774973046, 42.76724749676918691, 179.7364255789607910 ) ) ;
#4333 = CARTESIAN_POINT ( 'NONE',  ( 26.91371366891692674, 36.25781397725249633, 173.2269920594439725 ) ) ;
#4334 = VECTOR ( 'NONE', #2061, 1000.000000000000000 ) ;
#4335 = CARTESIAN_POINT ( 'NONE',  ( 7.750026413353743315, 32.01992324866508000, 168.9891013308567551 ) ) ;
#4336 = CARTESIAN_POINT ( 'NONE',  ( -43.53034655108145756, 42.05187892562603480, 179.0210570078177170 ) ) ;
#4337 = ORIENTED_EDGE ( 'NONE', *, *, #2097, .T. ) ;
#4338 = CARTESIAN_POINT ( 'NONE',  ( 301.0000000000000000, 51.04721312022950741, -106.5489350761536542 ) ) ;
#4339 = ORIENTED_EDGE ( 'NONE', *, *, #3995, .T. ) ;
#4340 = CARTESIAN_POINT ( 'NONE',  ( -53.06804686328089105, 43.04697039548759818, 180.0161484776792520 ) ) ;
#4341 = CARTESIAN_POINT ( 'NONE',  ( -22.71364457437503503, 47.17745830389424810, 177.0755685742203980 ) ) ;
#4342 = FACE_OUTER_BOUND ( 'NONE', #1091, .T. ) ;
#4343 = CARTESIAN_POINT ( 'NONE',  ( 305.9999999999998863, 27.47162621961450668, -102.2524477204880213 ) ) ;
#4344 = CARTESIAN_POINT ( 'NONE',  ( -12.23118588408649110, 49.16749785498899428, 186.1366759371805983 ) ) ;
#4345 = ORIENTED_EDGE ( 'NONE', *, *, #1503, .F. ) ;
#4346 = EDGE_CURVE ( 'NONE', #6189, #364, #4597, .T. ) ;
#4347 = DIRECTION ( 'NONE',  ( -0.000000000000000000, 0.000000000000000000, -1.000000000000000000 ) ) ;
#4348 = CARTESIAN_POINT ( 'NONE',  ( -306.0000000000000000, 47.28212551604982394, -328.4730072434720682 ) ) ;
#4349 = CARTESIAN_POINT ( 'NONE',  ( -30.89892287241419311, 34.77170301522505014, 164.6698132855511858 ) ) ;
#4350 = CARTESIAN_POINT ( 'NONE',  ( -22.25295299774973756, 45.38667300780532088, 175.2847832781314708 ) ) ;
#4351 = CARTESIAN_POINT ( 'NONE',  ( 13.58038033558359103, 52.78459356357862475, 182.6827038339048102 ) ) ;
#4352 = CARTESIAN_POINT ( 'NONE',  ( -30.57745796624695345, 45.55082935320472615, 182.5200074353963657 ) ) ;
#4353 = CARTESIAN_POINT ( 'NONE',  ( -43.76976575635539035, 39.60695658850160328, 169.5050668588277460 ) ) ;
#4354 = CARTESIAN_POINT ( 'NONE',  ( 335.9999999999999432, -53.52771198192617419, -311.2480616263205206 ) ) ;
#4355 = ORIENTED_EDGE ( 'NONE', *, *, #3476, .F. ) ;
#4356 = CARTESIAN_POINT ( 'NONE',  ( 306.0000000000000000, 80.00000000000000000, 206.9691780821917462 ) ) ;
#4357 = EDGE_CURVE ( 'NONE', #662, #3819, #3838, .T. ) ;
#4358 = CARTESIAN_POINT ( 'NONE',  ( 22.66752178894142489, 31.88466712096109390, 161.7827773912871692 ) ) ;
#4359 = VERTEX_POINT ( 'NONE', #5100 ) ;
#4360 = CARTESIAN_POINT ( 'NONE',  ( 300.9999999999999432, 46.70087829103010080, -97.52526093576122435 ) ) ;
#4361 = CARTESIAN_POINT ( 'NONE',  ( 0.8167940705981387994, 49.58761742854814258, 179.4857276988742854 ) ) ;
#4362 = ORIENTED_EDGE ( 'NONE', *, *, #1277, .T. ) ;
#4363 = DIRECTION ( 'NONE',  ( 0.000000000000000000, 0.000000000000000000, -1.000000000000000000 ) ) ;
#4364 = ORIENTED_EDGE ( 'NONE', *, *, #413, .F. ) ;
#4365 = EDGE_CURVE ( 'NONE', #3523, #7519, #2608, .T. ) ;
#4366 = CARTESIAN_POINT ( 'NONE',  ( -57.56545299774973046, 49.54368748314021076, 186.5128655653319640 ) ) ;
#4367 = VERTEX_POINT ( 'NONE', #3966 ) ;
#4368 = CARTESIAN_POINT ( 'NONE',  ( -36.44987163653146922, 47.58535738370621004, 177.4834676540323244 ) ) ;
#4369 = CARTESIAN_POINT ( 'NONE',  ( 21.08038033558359814, 39.68746600839812544, 169.5855762787242611 ) ) ;
#4370 = CARTESIAN_POINT ( 'NONE',  ( -30.89892287241419311, 31.23616910929233370, 168.2053471914838951 ) ) ;
#4371 = DIRECTION ( 'NONE',  ( 0.000000000000000000, -0.7071067811865459074, -0.7071067811865491270 ) ) ;
#4372 = CARTESIAN_POINT ( 'NONE',  ( -7.762127090306396582, 34.53668664444812464, 164.4347969147742390 ) ) ;
#4373 = VECTOR ( 'NONE', #310, 1000.000000000000114 ) ;
#4374 = CARTESIAN_POINT ( 'NONE',  ( -306.0000000000000000, -52.40044383621697932, 89.70254495192531863 ) ) ;
#4375 = ORIENTED_EDGE ( 'NONE', *, *, #1539, .F. ) ;
#4376 = LINE ( 'NONE', #6266, #7960 ) ;
#4377 = ORIENTED_EDGE ( 'NONE', *, *, #2194, .F. ) ;
#4378 = VECTOR ( 'NONE', #7457, 1000.000000000000114 ) ;
#4379 = CARTESIAN_POINT ( 'NONE',  ( -13.44225863892880746, 40.18739932913712920, 177.1565774113288398 ) ) ;
#4380 = CARTESIAN_POINT ( 'NONE',  ( -32.64357799774973756, 53.07922138907299825, 182.9773316593991979 ) ) ;
#4381 = VECTOR ( 'NONE', #6632, 1000.000000000000000 ) ;
#4382 = EDGE_CURVE ( 'NONE', #6327, #5558, #7084, .T. ) ;
#4383 = LINE ( 'NONE', #1688, #4518 ) ;
#4384 = CARTESIAN_POINT ( 'NONE',  ( -68.08628633108305905, 37.38108256194982459, 167.2791928322759247 ) ) ;
#4385 = CARTESIAN_POINT ( 'NONE',  ( -57.61102591441640186, 49.54368748314027471, 179.4417977534664317 ) ) ;
#4386 = ORIENTED_EDGE ( 'NONE', *, *, #4382, .T. ) ;
#4387 = VECTOR ( 'NONE', #2725, 1000.000000000000114 ) ;
#4388 = PLANE ( 'NONE',  #6059 ) ;
#4389 = PLANE ( 'NONE',  #5008 ) ;
#4390 = CARTESIAN_POINT ( 'NONE',  ( -8.450869664416403637, 30.98213447699344769, 160.8802447473195230 ) ) ;
#4391 = CARTESIAN_POINT ( 'NONE',  ( 300.9999999999998863, 33.35162361221956218, -94.66028556608861777 ) ) ;
#4392 = CARTESIAN_POINT ( 'NONE',  ( 301.0000000000000000, 36.70996273442095514, -100.8930461196805624 ) ) ;
#4393 = CARTESIAN_POINT ( 'NONE',  ( -28.06928834800245554, 41.48456953160996363, 178.4537476138016245 ) ) ;
#4394 = CARTESIAN_POINT ( 'NONE',  ( 306.0000000000000000, 25.15941663802717798, -104.5410501331227380 ) ) ;
#4395 = CARTESIAN_POINT ( 'NONE',  ( -56.36906211190795801, 39.81002611654158585, 169.7081363868677499 ) ) ;
#4396 = EDGE_CURVE ( 'NONE', #93, #4714, #6827, .T. ) ;
#4397 = VECTOR ( 'NONE', #225, 1000.000000000000000 ) ;
#4398 = CARTESIAN_POINT ( 'NONE',  ( 16.42045276843677115, 27.45526971727981191, 164.4244477994713804 ) ) ;
#4399 = VERTEX_POINT ( 'NONE', #4424 ) ;
#4400 = FACE_BOUND ( 'NONE', #2107, .T. ) ;
#4401 = CARTESIAN_POINT ( 'NONE',  ( 74.08819283558359814, 31.27676230248784606, 161.1748725728139391 ) ) ;
#4402 = ORIENTED_EDGE ( 'NONE', *, *, #4828, .F. ) ;
#4403 = VECTOR ( 'NONE', #987, 1000.000000000000000 ) ;
#4404 = CARTESIAN_POINT ( 'NONE',  ( 301.0000000000001137, 38.47673643353520845, -94.79857834445539311 ) ) ;
#4405 = CARTESIAN_POINT ( 'NONE',  ( 63.99704700225025533, 27.74122839655510120, 164.7104064787466484 ) ) ;
#4406 = ADVANCED_FACE ( 'NONE', ( #8351 ), #3883, .F. ) ;
#4407 = ORIENTED_EDGE ( 'NONE', *, *, #4178, .F. ) ;
#4408 = CARTESIAN_POINT ( 'NONE',  ( 306.0000000000000000, 24.79721312022951096, -106.4252371594869828 ) ) ;
#4409 = VERTEX_POINT ( 'NONE', #7759 ) ;
#4410 = CARTESIAN_POINT ( 'NONE',  ( -34.42481149133537599, 45.74669355141858773, 182.7158716336102771 ) ) ;
#4411 = VERTEX_POINT ( 'NONE', #1977 ) ;
#4412 = LINE ( 'NONE', #6113, #4790 ) ;
#4413 = DIRECTION ( 'NONE',  ( 0.000000000000000000, 0.9780213944520079750, 0.2085045610871614219 ) ) ;
#4414 = EDGE_CURVE ( 'NONE', #5455, #1618, #3409, .T. ) ;
#4415 = CARTESIAN_POINT ( 'NONE',  ( -28.48049052721754038, 33.84552895166644504, 170.8147070338579567 ) ) ;
#4416 = CARTESIAN_POINT ( 'NONE',  ( 26.91393940786788619, 39.54779044346667405, 169.4459007137928097 ) ) ;
#4417 = DIRECTION ( 'NONE',  ( -0.000000000000000000, -0.7071067811865489050, 0.7071067811865460184 ) ) ;
#4418 = FACE_OUTER_BOUND ( 'NONE', #1999, .T. ) ;
#4419 = ORIENTED_EDGE ( 'NONE', *, *, #6696, .T. ) ;
#4420 = CARTESIAN_POINT ( 'NONE',  ( 301.0000000000000000, 46.04721312022950741, -106.2689871594869828 ) ) ;
#4421 = ORIENTED_EDGE ( 'NONE', *, *, #1922, .T. ) ;
#4422 = CARTESIAN_POINT ( 'NONE',  ( -66.83628633108305905, 43.39793518571820385, 180.3671132679097298 ) ) ;
#4423 = CARTESIAN_POINT ( 'NONE',  ( 0.000000000000000000, -64.94905513516300744, 64.94905513516275164 ) ) ;
#4424 = CARTESIAN_POINT ( 'NONE',  ( -37.66961966441640186, 38.21893044069950207, 175.1881085228910990 ) ) ;
#4425 = CARTESIAN_POINT ( 'NONE',  ( -62.33983071623502781, 38.19243825553207472, 168.0905485258581677 ) ) ;
#4426 = CARTESIAN_POINT ( 'NONE',  ( -37.50193326246481007, 35.77761819909416374, 172.7467962812857536 ) ) ;
#4427 = VERTEX_POINT ( 'NONE', #2056 ) ;
#4428 = CARTESIAN_POINT ( 'NONE',  ( -27.85876590797440500, 31.69685633632413868, 161.5949666066502459 ) ) ;
#4429 = ADVANCED_FACE ( 'NONE', ( #6021 ), #1506, .T. ) ;
#4430 = DIRECTION ( 'NONE',  ( 1.000000000000000000, 0.000000000000000000, -0.000000000000000000 ) ) ;
#4431 = CARTESIAN_POINT ( 'NONE',  ( -32.73472383108307326, 49.54368748314027471, 179.4417977534664317 ) ) ;
#4432 = LINE ( 'NONE', #7002, #3658 ) ;
#4433 = CARTESIAN_POINT ( 'NONE',  ( 301.0000000000000000, 36.04721312022950741, -117.1348725761536542 ) ) ;
#4434 = CARTESIAN_POINT ( 'NONE',  ( -43.91132010543729791, 38.84366104198905845, 175.8128391241806980 ) ) ;
#4435 = CARTESIAN_POINT ( 'NONE',  ( 306.0000000000000000, 35.45476520356284311, -100.8848725761536542 ) ) ;
#4436 = CARTESIAN_POINT ( 'NONE',  ( 7.330380335583599916, 39.56316989451768507, 169.4612801648438278 ) ) ;
#4437 = CARTESIAN_POINT ( 'NONE',  ( -58.07786737243042552, 36.76834023828591569, 173.7375183204774771 ) ) ;
#4438 = ORIENTED_EDGE ( 'NONE', *, *, #3949, .T. ) ;
#4439 = FACE_OUTER_BOUND ( 'NONE', #1911, .T. ) ;
#4440 = EDGE_CURVE ( 'NONE', #2052, #4807, #8005, .T. ) ;
#4441 = CARTESIAN_POINT ( 'NONE',  ( -46.83628633108306616, 34.03429460672442985, 171.0034726889160197 ) ) ;
#4442 = ORIENTED_EDGE ( 'NONE', *, *, #4312, .T. ) ;
#4443 = VECTOR ( 'NONE', #8228, 1000.000000000000000 ) ;
#4444 = CARTESIAN_POINT ( 'NONE',  ( 301.0000000000000000, 42.61985524277396564, -116.9111950361104419 ) ) ;
#4445 = CARTESIAN_POINT ( 'NONE',  ( 305.9999999999996021, 45.56412544177894119, -96.84460442594590290 ) ) ;
#4446 = CARTESIAN_POINT ( 'NONE',  ( 301.0000000000000000, 42.68005451361125324, -101.8937783304522071 ) ) ;
#4447 = AXIS2_PLACEMENT_3D ( 'NONE', #3021, #5010, #3064 ) ;
#4448 = ORIENTED_EDGE ( 'NONE', *, *, #1351, .F. ) ;
#4449 = DIRECTION ( 'NONE',  ( 0.000000000000000000, 0.000000000000000000, 1.000000000000000000 ) ) ;
#4450 = EDGE_LOOP ( 'NONE', ( #5212, #3635, #4012, #4438 ) ) ;
#4451 = CARTESIAN_POINT ( 'NONE',  ( -19.72885507944525685, 37.21211437908259967, 174.1812924612741256 ) ) ;
#4452 = EDGE_CURVE ( 'NONE', #5678, #6371, #1600, .T. ) ;
#4453 = ORIENTED_EDGE ( 'NONE', *, *, #3430, .F. ) ;
#4454 = VECTOR ( 'NONE', #4948, 1000.000000000000000 ) ;
#4455 = DIRECTION ( 'NONE',  ( 0.000000000000000000, 0.000000000000000000, -1.000000000000000000 ) ) ;
#4456 = ADVANCED_FACE ( 'NONE', ( #5980 ), #6569, .T. ) ;
#4457 = CARTESIAN_POINT ( 'NONE',  ( 301.0000000000000000, 41.47690062022950741, -117.1348725761536542 ) ) ;
#4458 = CARTESIAN_POINT ( 'NONE',  ( 301.0000000000000000, 24.79721312022951096, -106.4252371594869828 ) ) ;
#4459 = PLANE ( 'NONE',  #1968 ) ;
#4460 = LINE ( 'NONE', #7031, #65 ) ;
#4461 = CARTESIAN_POINT ( 'NONE',  ( 306.0000000000000000, 35.88445270356284311, -186.0476329928203256 ) ) ;
#4462 = ORIENTED_EDGE ( 'NONE', *, *, #676, .T. ) ;
#4463 = EDGE_CURVE ( 'NONE', #4993, #4583, #4729, .T. ) ;
#4464 = CARTESIAN_POINT ( 'NONE',  ( 306.0000000000003411, 43.88826812472368033, -110.1757644505280638 ) ) ;
#4465 = EDGE_LOOP ( 'NONE', ( #7450, #1060, #1135, #3031 ) ) ;
#4466 = CARTESIAN_POINT ( 'NONE',  ( -62.92171354224083757, 48.55407732602009929, 185.5232554082116110 ) ) ;
#4467 = CARTESIAN_POINT ( 'NONE',  ( -24.94927904054783241, 47.10813991112833321, 184.0773179933199515 ) ) ;
#4468 = AXIS2_PLACEMENT_3D ( 'NONE', #892, #7999, #2928 ) ;
#4469 = CARTESIAN_POINT ( 'NONE',  ( -68.08628633108305905, 33.84554865601707974, 170.8147267382086625 ) ) ;
#4470 = CARTESIAN_POINT ( 'NONE',  ( 301.0000000000000568, 28.97831516770252591, -101.6487133518651547 ) ) ;
#4471 = CARTESIAN_POINT ( 'NONE',  ( -53.31326296111904384, 43.56858634557741539, 180.5377644277690479 ) ) ;
#4472 = B_SPLINE_CURVE_WITH_KNOTS ( 'NONE', 3,
 ( #2878, #8037, #2965, #1619, #4195, #328, #7484, #1822, #6245, #1265, #1905, #3732, #1863, #5034, #7690, #5578, #6209, #2411, #4358, #4486, #3689, #7057, #3169, #5621, #1136, #8154, #448 ),
 .UNSPECIFIED., .F., .F.,
 ( 4, 1, 1, 1, 1, 1, 1, 1, 1, 1, 1, 1, 1, 1, 1, 1, 1, 1, 1, 1, 1, 1, 1, 1, 4 ),
 ( 0.000000000000000000, 0.05590784625908018501, 0.1083495384710666670, 0.1580270331407163109, 0.2046581972240887060, 0.2482233920554153817, 0.2888430493267900578, 0.3264715683707732352, 0.3613048020798571569, 0.3945729176601862065, 0.4274719911469874178, 0.4607694534002011455, 0.4944950031233131260, 0.5290378594948053070, 0.5646304238502892758, 0.6015117377593389714, 0.6396686735551306846, 0.6789295500384742166, 0.7194046743423679890, 0.7611260262203360938, 0.8045677350999579369, 0.8500859496549125760, 0.8974265021299865364, 0.9475687855323973174, 1.000000000000000000 ),
 .UNSPECIFIED. ) ;
#4473 = VERTEX_POINT ( 'NONE', #6259 ) ;
#4474 = PLANE ( 'NONE',  #1207 ) ;
#4475 = VECTOR ( 'NONE', #1046, 1000.000000000000114 ) ;
#4476 = CARTESIAN_POINT ( 'NONE',  ( -306.0000000000000000, -52.40044383621697932, 79.70254495192533284 ) ) ;
#4477 = CARTESIAN_POINT ( 'NONE',  ( 58.58038033558360524, 31.27676230248784606, 161.1748725728139391 ) ) ;
#4478 = CARTESIAN_POINT ( 'NONE',  ( 306.0000000000001137, 19.82732292961429366, -107.0819616205202749 ) ) ;
#4479 = CARTESIAN_POINT ( 'NONE',  ( 301.0000000000000000, 32.29721312022951452, -84.43304965948698282 ) ) ;
#4480 = CARTESIAN_POINT ( 'NONE',  ( -30.95862875408157322, 45.71962677950401144, 182.6888048616956723 ) ) ;
#4481 = CARTESIAN_POINT ( 'NONE',  ( 8.432501187579562796, 34.00846530706331095, 163.9065755773894182 ) ) ;
#4482 = CARTESIAN_POINT ( 'NONE',  ( -53.50264510066990198, 34.77355565764381851, 171.7427337398353302 ) ) ;
#4483 = CARTESIAN_POINT ( 'NONE',  ( -22.25295299774973756, 41.85113910187257602, 178.8203171840641801 ) ) ;
#4484 = ORIENTED_EDGE ( 'NONE', *, *, #6424, .F. ) ;
#4485 = CARTESIAN_POINT ( 'NONE',  ( -19.74476516818036487, 38.06528357730773848, 175.0344616594993568 ) ) ;
#4486 = CARTESIAN_POINT ( 'NONE',  ( 21.99687372775854755, 31.63874540019629578, 161.5368556705224137 ) ) ;
#4487 = ORIENTED_EDGE ( 'NONE', *, *, #2372, .F. ) ;
#4488 = LINE ( 'NONE', #2670, #2969 ) ;
#4489 = CARTESIAN_POINT ( 'NONE',  ( 26.91437689048951754, 35.53636563774244905, 172.5055437199340815 ) ) ;
#4490 = CARTESIAN_POINT ( 'NONE',  ( -7.142613743155335371, 49.43207954609771804, 179.3301898164238537 ) ) ;
#4491 = EDGE_CURVE ( 'NONE', #6395, #7077, #6302, .T. ) ;
#4492 = ORIENTED_EDGE ( 'NONE', *, *, #883, .T. ) ;
#4493 = CARTESIAN_POINT ( 'NONE',  ( -5.032043624062271014, 32.07446939434015576, 169.0436474765317314 ) ) ;
#4494 = ORIENTED_EDGE ( 'NONE', *, *, #2077, .T. ) ;
#4495 = CARTESIAN_POINT ( 'NONE',  ( -8.896362274252069824, 27.45575138662406900, 164.4249294688155771 ) ) ;
#4496 = ORIENTED_EDGE ( 'NONE', *, *, #4818, .F. ) ;
#4497 = VERTEX_POINT ( 'NONE', #8088 ) ;
#4498 = CARTESIAN_POINT ( 'NONE',  ( -3.408350784690740820, 52.38594197136873731, 182.2840522416949796 ) ) ;
#4499 = CARTESIAN_POINT ( 'NONE',  ( 26.91371366891692674, 52.78459356357862475, 182.6827038339048102 ) ) ;
#4500 = DIRECTION ( 'NONE',  ( -1.000000000000000000, 0.000000000000000000, 0.000000000000000000 ) ) ;
#4501 = CARTESIAN_POINT ( 'NONE',  ( 306.0000000000000000, 25.21387978689617526, -157.9682059094869828 ) ) ;
#4502 = EDGE_CURVE ( 'NONE', #2966, #6120, #1675, .T. ) ;
#4503 = CARTESIAN_POINT ( 'NONE',  ( -32.93516102812593971, 34.52212087679885144, 164.4202311471249516 ) ) ;
#4504 = CARTESIAN_POINT ( 'NONE',  ( -58.49364346652649971, 45.12607298418343760, 175.0241832545096372 ) ) ;
#4505 = VERTEX_POINT ( 'NONE', #4290 ) ;
#4506 = DIRECTION ( 'NONE',  ( 0.000000000000000000, 1.000000000000000000, -0.000000000000000000 ) ) ;
#4507 = ORIENTED_EDGE ( 'NONE', *, *, #1049, .T. ) ;
#4508 = CARTESIAN_POINT ( 'NONE',  ( -62.92171354224083757, 52.08961123195279441, 181.9877215022789301 ) ) ;
#4509 = CARTESIAN_POINT ( 'NONE',  ( -64.46969756009298180, 29.04168934113280187, 166.0108674233243278 ) ) ;
#4510 = CARTESIAN_POINT ( 'NONE',  ( 300.9999999999999432, 25.44953717380417046, -103.9894308925259310 ) ) ;
#4511 = VECTOR ( 'NONE', #3872, 1000.000000000000114 ) ;
#4512 = EDGE_CURVE ( 'NONE', #5060, #1914, #1294, .T. ) ;
#4513 = CARTESIAN_POINT ( 'NONE',  ( 301.0000000000000000, 20.21387978689617881, -70.46820590948699703 ) ) ;
#4514 = VERTEX_POINT ( 'NONE', #4332 ) ;
#4515 = CARTESIAN_POINT ( 'NONE',  ( 306.0000000000000000, 80.00000000000000000, -348.0308219178082254 ) ) ;
#4516 = CARTESIAN_POINT ( 'NONE',  ( 16.89418241891692318, 30.98213447699344769, 160.8802447473195230 ) ) ;
#4517 = CARTESIAN_POINT ( 'NONE',  ( 63.99704700225025533, 31.27676230248784606, 161.1748725728139391 ) ) ;
#4518 = VECTOR ( 'NONE', #2947, 1000.000000000000000 ) ;
#4519 = CARTESIAN_POINT ( 'NONE',  ( 7.330380335583599916, 39.56316989451768507, 169.4612801648438278 ) ) ;
#4520 = LINE ( 'NONE', #7682, #6544 ) ;
#4521 = CARTESIAN_POINT ( 'NONE',  ( 48.16371366891693384, 52.78459356357862475, 182.6827038339048102 ) ) ;
#4522 = LINE ( 'NONE', #7097, #2215 ) ;
#4523 = CARTESIAN_POINT ( 'NONE',  ( -55.75672493148966424, 36.07677018443118300, 173.0459482666226734 ) ) ;
#4524 = EDGE_CURVE ( 'NONE', #6434, #3002, #3662, .T. ) ;
#4525 = CARTESIAN_POINT ( 'NONE',  ( 300.9999999999998863, 33.35162361221956218, -94.66028556608861777 ) ) ;
#4526 = VECTOR ( 'NONE', #7955, 1000.000000000000000 ) ;
#4527 = VECTOR ( 'NONE', #880, 1000.000000000000114 ) ;
#4528 = ORIENTED_EDGE ( 'NONE', *, *, #3047, .T. ) ;
#4529 = CARTESIAN_POINT ( 'NONE',  ( 301.0000000000000000, 50.63054645356283601, -193.5346121594869828 ) ) ;
#4530 = CARTESIAN_POINT ( 'NONE',  ( -8.515973831083066159, 46.00815357720748722, 182.9773316593992263 ) ) ;
#4531 = CARTESIAN_POINT ( 'NONE',  ( -43.25674404788463079, 33.95389277075335599, 170.9230708529449885 ) ) ;
#4532 = ORIENTED_EDGE ( 'NONE', *, *, #4564, .F. ) ;
#4533 = LINE ( 'NONE', #3214, #6603 ) ;
#4534 = VECTOR ( 'NONE', #5565, 1000.000000000000114 ) ;
#4535 = CARTESIAN_POINT ( 'NONE',  ( 18.78542185272588583, 27.51269507635466738, 164.4818731585461649 ) ) ;
#4536 = CARTESIAN_POINT ( 'NONE',  ( 301.0000000000000000, 43.38682755599706553, -102.2151632352833133 ) ) ;
#4537 = ORIENTED_EDGE ( 'NONE', *, *, #7423, .T. ) ;
#4538 = CARTESIAN_POINT ( 'NONE',  ( 48.16371366891693384, 49.24905965764588700, 179.1471699279720440 ) ) ;
#4539 = VECTOR ( 'NONE', #7957, 1000.000000000000000 ) ;
#4540 = VERTEX_POINT ( 'NONE', #1105 ) ;
#4541 = CARTESIAN_POINT ( 'NONE',  ( 96.49704700225025533, 27.74122839655510120, 164.7104064787466484 ) ) ;
#4542 = VERTEX_POINT ( 'NONE', #6221 ) ;
#4543 = ADVANCED_FACE ( 'NONE', ( #464 ), #5632, .F. ) ;
#4544 = VERTEX_POINT ( 'NONE', #423 ) ;
#4545 = CARTESIAN_POINT ( 'NONE',  ( 1.536394905606826233, 45.09242294991882005, 182.0616010321104454 ) ) ;
#4546 = LINE ( 'NONE', #7117, #1948 ) ;
#4547 = CARTESIAN_POINT ( 'NONE',  ( 301.0000000000000568, 29.59789919893696464, -111.2297185289126276 ) ) ;
#4548 = CARTESIAN_POINT ( 'NONE',  ( -55.48542855194074264, 31.14850639774788732, 168.1176844799394701 ) ) ;
#4549 = APPROVAL ( #1511, 'UNSPECIFIED' ) ;
#4550 = CARTESIAN_POINT ( 'NONE',  ( -61.44395195550715272, 41.29927978977504921, 171.1973900601011565 ) ) ;
#4551 = CARTESIAN_POINT ( 'NONE',  ( -60.57422555029451416, 43.56582899046848922, 180.5350070726600507 ) ) ;
#4552 = ORIENTED_EDGE ( 'NONE', *, *, #4920, .T. ) ;
#4553 = LINE ( 'NONE', #3279, #4323 ) ;
#4554 = EDGE_LOOP ( 'NONE', ( #7143, #692, #7275, #3354 ) ) ;
#4555 = ADVANCED_FACE ( 'NONE', ( #7576 ), #5247, .T. ) ;
#4556 = CARTESIAN_POINT ( 'NONE',  ( -55.32846032822454418, 45.62336841288078659, 182.5925464950724120 ) ) ;
#4557 = DIRECTION ( 'NONE',  ( -1.000000000000000000, -0.000000000000000000, -0.000000000000000000 ) ) ;
#4558 = PLANE ( 'NONE',  #4260 ) ;
#4559 = DIRECTION ( 'NONE',  ( -0.000000000000000000, -0.7071067811865489050, 0.7071067811865460184 ) ) ;
#4560 = ORIENTED_EDGE ( 'NONE', *, *, #3694, .F. ) ;
#4561 = CARTESIAN_POINT ( 'NONE',  ( -31.70494138846977705, 27.46023659195178013, 164.4294146741433451 ) ) ;
#4562 = DIRECTION ( 'NONE',  ( 1.000000000000000000, 0.000000000000000000, 0.000000000000000000 ) ) ;
#4563 = FACE_OUTER_BOUND ( 'NONE', #5622, .T. ) ;
#4564 = EDGE_CURVE ( 'NONE', #6545, #159, #3915, .T. ) ;
#4565 = DIRECTION ( 'NONE',  ( 1.000000000000000000, -0.000000000000000000, -0.000000000000000000 ) ) ;
#4566 = CARTESIAN_POINT ( 'NONE',  ( 306.0000000000000000, 0.000000000000000000, 206.9691780821917462 ) ) ;
#4567 = DIRECTION ( 'NONE',  ( 1.000000000000000000, 0.000000000000000000, -0.000000000000000000 ) ) ;
#4568 = EDGE_CURVE ( 'NONE', #4914, #2570, #5220, .T. ) ;
#4569 = DIRECTION ( 'NONE',  ( 0.000000000000000000, -1.000000000000000000, 0.000000000000000000 ) ) ;
#4570 = DIRECTION ( 'NONE',  ( -0.000000000000000000, 0.9999972926284180774, 0.002326958494241732241 ) ) ;
#4571 = CARTESIAN_POINT ( 'NONE',  ( 301.0000000000000000, 35.02507770356284311, -94.63487257615366843 ) ) ;
#4572 = VERTEX_POINT ( 'NONE', #5673 ) ;
#4573 = FACE_OUTER_BOUND ( 'NONE', #5708, .T. ) ;
#4574 = CARTESIAN_POINT ( 'NONE',  ( 335.9999999999999432, 47.27351010919175422, -274.3250455023379573 ) ) ;
#4575 = CARTESIAN_POINT ( 'NONE',  ( -51.81734259783937802, 48.49044081169301990, 185.4596188938846524 ) ) ;
#4576 = EDGE_CURVE ( 'NONE', #1616, #7360, #6004, .T. ) ;
#4577 = EDGE_CURVE ( 'NONE', #4193, #6945, #3518, .T. ) ;
#4578 = CARTESIAN_POINT ( 'NONE',  ( 335.9999999999999432, -73.76327744973373512, 115.6831564879060750 ) ) ;
#4579 = CARTESIAN_POINT ( 'NONE',  ( -28.73130492715204198, 27.89889220503205181, 164.8680702872236168 ) ) ;
#4580 = CARTESIAN_POINT ( 'NONE',  ( -306.0000000000000000, 0.000000000000000000, 206.9691780821917462 ) ) ;
#4581 = EDGE_LOOP ( 'NONE', ( #5348, #4206, #7753, #3138 ) ) ;
#4582 = CARTESIAN_POINT ( 'NONE',  ( -50.36071726009268446, 28.94110986092171345, 165.9102879431133033 ) ) ;
#4583 = VERTEX_POINT ( 'NONE', #3227 ) ;
#4584 = CARTESIAN_POINT ( 'NONE',  ( 21.08038033558359814, 49.24905965764587989, 186.2182377398375195 ) ) ;
#4585 = ORIENTED_EDGE ( 'NONE', *, *, #1458, .F. ) ;
#4586 = CARTESIAN_POINT ( 'NONE',  ( -8.003140690239877841, 49.53507529962283229, 186.5042533818144364 ) ) ;
#4587 = AXIS2_PLACEMENT_3D ( 'NONE', #8153, #2373, #4318 ) ;
#4588 = CARTESIAN_POINT ( 'NONE',  ( -42.39746173509005445, 32.07934387018546829, 169.0485219523770013 ) ) ;
#4589 = CARTESIAN_POINT ( 'NONE',  ( -28.66883867114392004, 33.40285143090516584, 170.3720295130967770 ) ) ;
#4590 = DIRECTION ( 'NONE',  ( 0.000000000000000000, 0.000000000000000000, 1.000000000000000000 ) ) ;
#4591 = CARTESIAN_POINT ( 'NONE',  ( 301.0000000000000000, 23.54721312022951096, -112.8965913261536542 ) ) ;
#4592 = VECTOR ( 'NONE', #1805, 1000.000000000000114 ) ;
#4593 = CARTESIAN_POINT ( 'NONE',  ( -58.62528198337204088, 30.99190734094770150, 160.8900176112737768 ) ) ;
#4594 = ORIENTED_EDGE ( 'NONE', *, *, #88, .T. ) ;
#4595 = ORIENTED_EDGE ( 'NONE', *, *, #8143, .F. ) ;
#4596 = CARTESIAN_POINT ( 'NONE',  ( -28.64630664111141556, 49.07940527716085199, 186.0485833593525058 ) ) ;
#4597 = LINE ( 'NONE', #3925, #5456 ) ;
#4598 = CARTESIAN_POINT ( 'NONE',  ( -60.23086136622386277, 31.71039229586790498, 168.6795703780594806 ) ) ;
#4599 = VECTOR ( 'NONE', #71, 1000.000000000000000 ) ;
#4600 = CARTESIAN_POINT ( 'NONE',  ( -6.526382544488663839, 49.27997557221777924, 179.1780858425439931 ) ) ;
#4601 = EDGE_CURVE ( 'NONE', #4714, #6336, #6345, .T. ) ;
#4602 = VERTEX_POINT ( 'NONE', #1327 ) ;
#4603 = CARTESIAN_POINT ( 'NONE',  ( -66.83628633108305905, 46.93346909165089187, 176.8315793619770488 ) ) ;
#4604 = CARTESIAN_POINT ( 'NONE',  ( -13.50295299774973579, 42.03067793303323185, 171.9287882033593462 ) ) ;
#4605 = CARTESIAN_POINT ( 'NONE',  ( -32.57380128118223439, 49.54032192775706278, 179.4384321980832340 ) ) ;
#4606 = CARTESIAN_POINT ( 'NONE',  ( -32.93516102812593971, 34.52212087679885144, 164.4202311471249516 ) ) ;
#4607 = DIRECTION ( 'NONE',  ( 0.000000000000000000, 0.000000000000000000, -1.000000000000000000 ) ) ;
#4608 = CARTESIAN_POINT ( 'NONE',  ( 21.02977454047825390, 37.98863150171498404, 167.8867417720410913 ) ) ;
#4609 = CARTESIAN_POINT ( 'NONE',  ( -17.57581715929677202, 45.96325064958181628, 182.9324287317735696 ) ) ;
#4610 = CARTESIAN_POINT ( 'NONE',  ( -32.25865927052353044, 49.53373100627897685, 179.4318412766051267 ) ) ;
#4611 = CARTESIAN_POINT ( 'NONE',  ( 96.49704700225025533, 48.04753055680156137, 177.9456408271277041 ) ) ;
#4612 = ADVANCED_FACE ( 'NONE', ( #3185 ), #6479, .T. ) ;
#4613 = LOCAL_TIME ( 9, 59, 42.00000000000000000, #905 ) ;
#4614 = VERTEX_POINT ( 'NONE', #3274 ) ;
#4615 = CARTESIAN_POINT ( 'NONE',  ( -8.450869664416403637, 27.44660057106069928, 164.4157786532522323 ) ) ;
#4616 = PLANE ( 'NONE',  #5410 ) ;
#4617 = CARTESIAN_POINT ( 'NONE',  ( -39.64542675702590913, 29.12725324046072473, 166.0964313226523643 ) ) ;
#4618 = CARTESIAN_POINT ( 'NONE',  ( 306.0000000000001137, 49.71346952796571372, -112.2172933204696648 ) ) ;
#4619 = CARTESIAN_POINT ( 'NONE',  ( -335.9999999999999432, -53.90640872115755400, -311.0474397647021192 ) ) ;
#4620 = CARTESIAN_POINT ( 'NONE',  ( -10.27335926771906749, 49.28243067540169875, 179.1805409457279268 ) ) ;
#4621 = EDGE_CURVE ( 'NONE', #1251, #3084, #5848, .T. ) ;
#4622 = ORIENTED_EDGE ( 'NONE', *, *, #2534, .F. ) ;
#4623 = DIRECTION ( 'NONE',  ( 0.000000000000000000, 0.7071067811865489050, -0.7071067811865460184 ) ) ;
#4624 = VERTEX_POINT ( 'NONE', #727 ) ;
#4625 = CARTESIAN_POINT ( 'NONE',  ( -62.26417402843969739, 31.59807505071278300, 161.4961853210388369 ) ) ;
#4626 = ORIENTED_EDGE ( 'NONE', *, *, #1115, .F. ) ;
#4627 = CARTESIAN_POINT ( 'NONE',  ( 306.0000000000000568, 21.23144241009866917, -111.1818621196448191 ) ) ;
#4628 = DIRECTION ( 'NONE',  ( 1.000000000000000000, 0.000000000000000000, -0.000000000000000000 ) ) ;
#4629 = CARTESIAN_POINT ( 'NONE',  ( 301.0000000000000000, 32.29721312022951452, -84.43304965948698282 ) ) ;
#4630 = DIRECTION ( 'NONE',  ( 0.000000000000000000, 0.000000000000000000, -1.000000000000000000 ) ) ;
#4631 = EDGE_CURVE ( 'NONE', #7193, #4005, #7789, .T. ) ;
#4632 = CARTESIAN_POINT ( 'NONE',  ( -66.57553482554013158, 45.31444974580130491, 175.2125600161274690 ) ) ;
#4633 = DIRECTION ( 'NONE',  ( 0.000000000000000000, 0.000000000000000000, 1.000000000000000000 ) ) ;
#4634 = ORIENTED_EDGE ( 'NONE', *, *, #3509, .F. ) ;
#4635 = ORIENTED_EDGE ( 'NONE', *, *, #3995, .F. ) ;
#4636 = CARTESIAN_POINT ( 'NONE',  ( -22.71364457437503503, 43.64192439796150325, 180.6111024801531357 ) ) ;
#4637 = CARTESIAN_POINT ( 'NONE',  ( -66.49346322054179836, 45.22967051298605412, 182.1988485951776795 ) ) ;
#4638 = CARTESIAN_POINT ( 'NONE',  ( -59.87528433338582801, 31.51825797405522778, 168.4874360562468212 ) ) ;
#4639 = CARTESIAN_POINT ( 'NONE',  ( -3.557867257382769655, 45.85169093000111218, 175.7498012003273118 ) ) ;
#4640 = ORIENTED_EDGE ( 'NONE', *, *, #971, .T. ) ;
#4641 = CARTESIAN_POINT ( 'NONE',  ( 13.64959397747703740, 34.21668287277827147, 171.1858609549698542 ) ) ;
#4642 = LINE ( 'NONE', #7419, #8390 ) ;
#4643 = CARTESIAN_POINT ( 'NONE',  ( -66.83628633108305905, 46.93346909165089187, 176.8315793619770488 ) ) ;
#4644 = LINE ( 'NONE', #2819, #4736 ) ;
#4645 = EDGE_CURVE ( 'NONE', #6945, #885, #5892, .T. ) ;
#4646 = CARTESIAN_POINT ( 'NONE',  ( -48.97398199879594927, 29.90114188155082076, 166.8703199637423609 ) ) ;
#4647 = CARTESIAN_POINT ( 'NONE',  ( 20.25643626574717260, 31.95237796756506654, 168.9215560497568163 ) ) ;
#4648 = CARTESIAN_POINT ( 'NONE',  ( 7.394668858566867620, 37.75479280692078987, 167.6529030772469184 ) ) ;
#4649 = CARTESIAN_POINT ( 'NONE',  ( -306.0000000000000000, 0.000000000000000000, 206.9691780821917462 ) ) ;
#4650 = DIRECTION ( 'NONE',  ( -1.000000000000000000, 0.000000000000000000, 0.000000000000000000 ) ) ;
#4651 = ORIENTED_EDGE ( 'NONE', *, *, #3958, .T. ) ;
#4652 = AXIS2_PLACEMENT_3D ( 'NONE', #6939, #1151, #2466 ) ;
#4653 = CARTESIAN_POINT ( 'NONE',  ( 14.25509178508080588, 35.61167149183658864, 165.5097817621627598 ) ) ;
#4654 = CARTESIAN_POINT ( 'NONE',  ( -51.11278279183661510, 51.64740595122214728, 181.5455162215483540 ) ) ;
#4655 = CARTESIAN_POINT ( 'NONE',  ( -13.21946919311419499, 38.86896391852555155, 168.7670741888517227 ) ) ;
#4656 = CARTESIAN_POINT ( 'NONE',  ( 13.87206347525436989, 36.39205714645592593, 166.2901674167820545 ) ) ;
#4657 = EDGE_CURVE ( 'NONE', #845, #6311, #6518, .T. ) ;
#4658 = CARTESIAN_POINT ( 'NONE',  ( 301.0000000000000000, 35.88445270356284311, -186.0476329928203256 ) ) ;
#4659 = CARTESIAN_POINT ( 'NONE',  ( 306.0000000000000000, 41.10507251571742415, -111.1897307221009470 ) ) ;
#4660 = AXIS2_PLACEMENT_3D ( 'NONE', #545, #5761, #688 ) ;
#4661 = AXIS2_PLACEMENT_3D ( 'NONE', #6042, #6085, #7271 ) ;
#4662 = EDGE_LOOP ( 'NONE', ( #2984, #2333, #5713, #2921, #1450, #539, #7941, #7235, #1331, #4035 ) ) ;
#4663 = CARTESIAN_POINT ( 'NONE',  ( 28.58038033558359103, 52.78459356357862475, 182.6827038339048102 ) ) ;
#4664 = ORIENTED_EDGE ( 'NONE', *, *, #6414, .F. ) ;
#4665 = CARTESIAN_POINT ( 'NONE',  ( -57.94992765350267661, 30.98544146841005897, 160.8835517387361449 ) ) ;
#4666 = ORIENTED_EDGE ( 'NONE', *, *, #5002, .T. ) ;
#4667 = VECTOR ( 'NONE', #205, 1000.000000000000114 ) ;
#4669 = EDGE_CURVE ( 'NONE', #6770, #2279, #5259, .T. ) ;
#4668 = CARTESIAN_POINT ( 'NONE',  ( 301.0000000000001137, 19.82732292961429366, -107.0819616205202749 ) ) ;
#4670 = DIRECTION ( 'NONE',  ( 0.000000000000000000, -1.000000000000000000, 0.000000000000000000 ) ) ;
#4671 = CARTESIAN_POINT ( 'NONE',  ( 301.0000000000001705, 45.50663962150977682, -108.6105057216594219 ) ) ;
#4672 = FACE_OUTER_BOUND ( 'NONE', #2216, .T. ) ;
#4673 = AXIS2_PLACEMENT_3D ( 'NONE', #7244, #3318, #4040 ) ;
#4674 = CARTESIAN_POINT ( 'NONE',  ( -5.472212087741557873, 35.27131578228105724, 165.1694260526071218 ) ) ;
#4675 = CARTESIAN_POINT ( 'NONE',  ( -65.68701357650783734, 33.48023711058485219, 163.3783473809108955 ) ) ;
#4676 = EDGE_LOOP ( 'NONE', ( #1638, #2081, #7206, #419 ) ) ;
#4677 = ORIENTED_EDGE ( 'NONE', *, *, #5681, .T. ) ;
#4678 = EDGE_CURVE ( 'NONE', #7657, #3523, #5342, .T. ) ;
#4679 = ADVANCED_FACE ( 'NONE', ( #7918 ), #7281, .T. ) ;
#4680 = CARTESIAN_POINT ( 'NONE',  ( -23.88124820660270942, 45.89990290258928241, 182.8690809847809078 ) ) ;
#4681 = CARTESIAN_POINT ( 'NONE',  ( -66.82884119296440417, 43.60995158448917408, 180.5791296666808137 ) ) ;
#4682 = DIRECTION ( 'NONE',  ( -1.000000000000000000, -0.000000000000000000, -0.000000000000000000 ) ) ;
#4683 = CARTESIAN_POINT ( 'NONE',  ( -56.00795013764201968, 45.84839745322058491, 182.8175755354122600 ) ) ;
#4684 = CARTESIAN_POINT ( 'NONE',  ( -35.21180288782193912, 49.38450880125617459, 186.3536868834478071 ) ) ;
#4685 = CARTESIAN_POINT ( 'NONE',  ( 17.18064075225026244, 30.98213447699342993, 167.9513125591850269 ) ) ;
#4686 = COORDINATED_UNIVERSAL_TIME_OFFSET ( 5, 30, .AHEAD. ) ;
#4687 = CARTESIAN_POINT ( 'NONE',  ( -64.44991887618559190, 39.16619217205637682, 176.1353702542480164 ) ) ;
#4688 = ORIENTED_EDGE ( 'NONE', *, *, #5271, .T. ) ;
#4689 = CARTESIAN_POINT ( 'NONE',  ( -3.086286331083071488, 42.03067793303323185, 171.9287882033593462 ) ) ;
#4690 = CARTESIAN_POINT ( 'NONE',  ( -47.21160661292388028, 32.13854704389023453, 169.1077251260817604 ) ) ;
#4691 = CARTESIAN_POINT ( 'NONE',  ( -68.08628633108305905, 33.84554865601707974, 170.8147267382086625 ) ) ;
#4692 = CARTESIAN_POINT ( 'NONE',  ( 301.0000000000000000, 51.04721312022950741, -106.5489350761536542 ) ) ;
#4693 = CARTESIAN_POINT ( 'NONE',  ( -30.95862875408157322, 45.71962677950404697, 182.6888048616956439 ) ) ;
#4694 = CARTESIAN_POINT ( 'NONE',  ( 306.0000000000000000, 42.68005451361125324, -101.8937783304522071 ) ) ;
#4695 = VERTEX_POINT ( 'NONE', #1495 ) ;
#4696 = DIRECTION ( 'NONE',  ( 0.000000000000000000, 0.000000000000000000, 1.000000000000000000 ) ) ;
#4697 = CARTESIAN_POINT ( 'NONE',  ( -306.0000000000000000, 69.99999999999995737, 206.9691780821917462 ) ) ;
#4698 = CARTESIAN_POINT ( 'NONE',  ( 301.0000000000000568, 24.81293133326586897, -107.0065779068855107 ) ) ;
#4699 = CARTESIAN_POINT ( 'NONE',  ( 13.58038033558359103, 39.62761973134458060, 169.5257300016706949 ) ) ;
#4700 = CARTESIAN_POINT ( 'NONE',  ( -18.65224836636462769, 36.28084401793719849, 166.1789542882634123 ) ) ;
#4701 = CARTESIAN_POINT ( 'NONE',  ( -12.60860691023514413, 43.54325994995837590, 180.5124380321501008 ) ) ;
#4702 = ORIENTED_EDGE ( 'NONE', *, *, #3490, .T. ) ;
#4703 = ORIENTED_EDGE ( 'NONE', *, *, #7455, .T. ) ;
#4704 = CARTESIAN_POINT ( 'NONE',  ( -37.60124282573406873, 43.56167406791847441, 173.4597843382446172 ) ) ;
#4705 = ORIENTED_EDGE ( 'NONE', *, *, #2918, .T. ) ;
#4706 = CARTESIAN_POINT ( 'NONE',  ( -12.34981248704488088, 32.95607482876327765, 169.9252529109548959 ) ) ;
#4707 = DIRECTION ( 'NONE',  ( 1.000000000000000000, -0.000000000000000000, -0.000000000000000000 ) ) ;
#4708 = CARTESIAN_POINT ( 'NONE',  ( -335.9999999999999432, 47.28212551604982394, -328.4730072434720682 ) ) ;
#4709 = CARTESIAN_POINT ( 'NONE',  ( -62.33983071623502781, 34.65690434959932986, 171.6260824317909055 ) ) ;
#4710 = CARTESIAN_POINT ( 'NONE',  ( 21.08038033558359814, 36.15193210246538058, 173.1211101846569704 ) ) ;
#4711 = ADVANCED_FACE ( 'NONE', ( #7243 ), #7873, .T. ) ;
#4712 = PLANE ( 'NONE',  #2700 ) ;
#4713 = ORIENTED_EDGE ( 'NONE', *, *, #4828, .T. ) ;
#4714 = VERTEX_POINT ( 'NONE', #4691 ) ;
#4715 = B_SPLINE_CURVE_WITH_KNOTS ( 'NONE', 3,
 ( #4751, #7323, #246, #333, #2129, #6686, #4879, #2844, #7998, #2211, #7365, #1583, #7644, #3165, #7601, #2491, #4525, #2535, #4571 ),
 .UNSPECIFIED., .F., .F.,
 ( 4, 1, 1, 1, 1, 1, 1, 1, 1, 1, 1, 1, 1, 1, 1, 1, 4 ),
 ( 0.000000000000000000, 0.06043379430427076732, 0.1181562149465328199, 0.1735391434724241622, 0.2277685716356109835, 0.2819979997987980269, 0.3366000246364201365, 0.3924932968416597889, 0.4506765226378643963, 0.5107613909151773601, 0.5724221895924865855, 0.6360850413022584027, 0.7024669138567307680, 0.7715212505757496064, 0.8437539146071986185, 0.9200070939518070201, 1.000000000000000000 ),
 .UNSPECIFIED. ) ;
#4716 = CARTESIAN_POINT ( 'NONE',  ( -26.24989651518480116, 48.07827924082722859, 185.0474573230188469 ) ) ;
#4717 = CARTESIAN_POINT ( 'NONE',  ( -59.54079941866852010, 49.44422727207157919, 186.4134053542632330 ) ) ;
#4718 = DIRECTION ( 'NONE',  ( 1.000000000000000000, -0.000000000000000000, -0.000000000000000000 ) ) ;
#4719 = DIRECTION ( 'NONE',  ( 0.000000000000000000, 0.000000000000000000, -1.000000000000000000 ) ) ;
#4720 = AXIS2_PLACEMENT_3D ( 'NONE', #2815, #3372, #744 ) ;
#4721 = ADVANCED_FACE ( 'NONE', ( #1516 ), #15, .T. ) ;
#4722 = CARTESIAN_POINT ( 'NONE',  ( -43.25674404788463079, 37.48942667668610085, 167.3875369470122507 ) ) ;
#4723 = DIRECTION ( 'NONE',  ( 0.000000000000000000, 1.000000000000000000, 0.000000000000000000 ) ) ;
#4724 = PERSON_AND_ORGANIZATION ( #675, #1090 ) ;
#4725 = DIRECTION ( 'NONE',  ( 0.000000000000000000, 0.000000000000000000, -1.000000000000000000 ) ) ;
#4726 = ORIENTED_EDGE ( 'NONE', *, *, #1497, .T. ) ;
#4727 = CARTESIAN_POINT ( 'NONE',  ( -36.74604884339206023, 36.81615089941233521, 166.7142611697383927 ) ) ;
#4728 = VECTOR ( 'NONE', #1158, 1000.000000000000000 ) ;
#4729 = B_SPLINE_CURVE_WITH_KNOTS ( 'NONE', 3,
 ( #131, #2733, #4758, #7881, #2098, #173, #5350, #7927, #3491, #2136, #6062, #2852, #2346, #1153, #4927, #1715, #1750, #2934, #7498 ),
 .UNSPECIFIED., .F., .F.,
 ( 4, 1, 1, 1, 1, 1, 1, 1, 1, 1, 1, 1, 1, 1, 1, 1, 4 ),
 ( 0.000000000000000000, 0.05859659131916807734, 0.1138765050099538600, 0.1666507806367442390, 0.2175021826071213693, 0.2665448272776155814, 0.3159134923023790842, 0.3652536452456269234, 0.4164580329854863372, 0.4707775555086324837, 0.5298334347791722188, 0.5936710593844521933, 0.6639228997882449246, 0.7391616651840796637, 0.8195892901477201953, 0.9069928982240744730, 1.000000000000000000 ),
 .UNSPECIFIED. ) ;
#4730 = CARTESIAN_POINT ( 'NONE',  ( -47.51835871192189842, 35.08242915899291603, 164.9805394293190375 ) ) ;
#4731 = CARTESIAN_POINT ( 'NONE',  ( 20.99568919097022857, 37.52780405168457634, 167.4259143220106978 ) ) ;
#4732 = CARTESIAN_POINT ( 'NONE',  ( 300.9999999999998863, 48.02632345128954228, -114.2977461031157702 ) ) ;
#4733 = CARTESIAN_POINT ( 'NONE',  ( -32.73472383108307326, 46.00815357720756538, 182.9773316593991410 ) ) ;
#4734 = CARTESIAN_POINT ( 'NONE',  ( -66.79760243851734458, 42.57348400253307830, 179.5426620847246113 ) ) ;
#4735 = ORIENTED_EDGE ( 'NONE', *, *, #2964, .F. ) ;
#4736 = VECTOR ( 'NONE', #6537, 1000.000000000000114 ) ;
#4737 = DIRECTION ( 'NONE',  ( -2.554153554144703172E-12, 0.000000000000000000, -1.000000000000000000 ) ) ;
#4738 = CARTESIAN_POINT ( 'NONE',  ( 3.139377012508543618, 40.76608587548361129, 170.6641961458097683 ) ) ;
#4739 = CARTESIAN_POINT ( 'NONE',  ( 301.0000000000000000, 28.32476767201993795, -111.0052857806417563 ) ) ;
#4740 = FACE_OUTER_BOUND ( 'NONE', #489, .T. ) ;
#4741 = DIRECTION ( 'NONE',  ( 0.000000000000000000, 1.000000000000000000, 0.000000000000000000 ) ) ;
#4742 = DIRECTION ( 'NONE',  ( 1.000000000000000000, -0.000000000000000000, -0.000000000000000000 ) ) ;
#4743 = CARTESIAN_POINT ( 'NONE',  ( -11.23294268262909412, 48.78720521641155727, 178.6853154867377782 ) ) ;
#4744 = ORIENTED_EDGE ( 'NONE', *, *, #7294, .T. ) ;
#4745 = EDGE_LOOP ( 'NONE', ( #1595, #8056, #4956, #2351 ) ) ;
#4746 = CARTESIAN_POINT ( 'NONE',  ( -58.23632701431758107, 49.52179999271416477, 179.4199102630402933 ) ) ;
#4747 = VERTEX_POINT ( 'NONE', #2743 ) ;
#4748 =( GEOMETRIC_REPRESENTATION_CONTEXT ( 3 ) GLOBAL_UNCERTAINTY_ASSIGNED_CONTEXT ( ( #7465 ) ) GLOBAL_UNIT_ASSIGNED_CONTEXT ( ( #4174, #5313, #179 ) ) REPRESENTATION_CONTEXT ( 'NONE', 'WORKASPACE' ) );
#4749 = DIRECTION ( 'NONE',  ( -0.000000000000000000, 1.000000000000000000, -0.000000000000000000 ) ) ;
#4750 = CARTESIAN_POINT ( 'NONE',  ( 306.0000000000000000, 27.71387978689617526, -85.45518507615365422 ) ) ;
#4751 = CARTESIAN_POINT ( 'NONE',  ( 301.0000000000000000, 19.79721312022951096, -105.7937267428203256 ) ) ;
#4752 = CARTESIAN_POINT ( 'NONE',  ( 306.0000000000000568, 50.12650554156923022, -111.4111207555631324 ) ) ;
#4753 = CARTESIAN_POINT ( 'NONE',  ( -62.26417402843969739, 31.59807505071278300, 161.4961853210388369 ) ) ;
#4754 = EDGE_LOOP ( 'NONE', ( #4626, #940, #115, #529, #8382, #3993, #6046, #6510, #954, #1209, #2053, #3730 ) ) ;
#4755 = B_SPLINE_CURVE_WITH_KNOTS ( 'NONE', 3,
 ( #8057, #5519, #2903, #8296, #587, #2272, #7382, #3183, #1599, #1643, #4177, #2510, #6743, #5044, #4851 ),
 .UNSPECIFIED., .F., .F.,
 ( 4, 1, 1, 1, 1, 1, 1, 1, 1, 1, 1, 1, 4 ),
 ( 0.000000000000000000, 0.09768471262218053619, 0.1880375929431148951, 0.2740553127882872642, 0.3611496187057845475, 0.4102339364253222431, 0.4679398276653002897, 0.5339141825485744786, 0.6089483485822612119, 0.6931695465397319511, 0.7866845381358551492, 0.8886340909017108602, 1.000000000000000000 ),
 .UNSPECIFIED. ) ;
#4756 = ADVANCED_FACE ( 'NONE', ( #5359 ), #715, .T. ) ;
#4757 = CARTESIAN_POINT ( 'NONE',  ( -25.56877127207319944, 47.62428422242666670, 184.5934623046183276 ) ) ;
#4758 = CARTESIAN_POINT ( 'NONE',  ( -32.23604991989967772, 30.99456329309398939, 167.9637413752855934 ) ) ;
#4759 = DIRECTION ( 'NONE',  ( 0.000000000000000000, 0.000000000000000000, -1.000000000000000000 ) ) ;
#4760 = CARTESIAN_POINT ( 'NONE',  ( 301.0000000000000568, 32.98310816004312329, -100.9583666114871505 ) ) ;
#4761 = CARTESIAN_POINT ( 'NONE',  ( -40.48137385287521539, 33.27352061103935199, 163.1716308813653882 ) ) ;
#4762 = CARTESIAN_POINT ( 'NONE',  ( 48.16371366891693384, 49.24905965764588700, 179.1471699279720440 ) ) ;
#4763 = VERTEX_POINT ( 'NONE', #7262 ) ;
#4764 = DATE_AND_TIME ( #4054, #5823 ) ;
#4765 = DIRECTION ( 'NONE',  ( 0.000000000000000000, 0.000000000000000000, -1.000000000000000000 ) ) ;
#4766 = ORIENTED_EDGE ( 'NONE', *, *, #2938, .T. ) ;
#4767 = CARTESIAN_POINT ( 'NONE',  ( -36.74604884339206023, 33.28061699347968272, 170.2497950756710452 ) ) ;
#4768 = CARTESIAN_POINT ( 'NONE',  ( -50.36071726009268446, 28.94110986092174542, 165.9102879431132749 ) ) ;
#4769 = CARTESIAN_POINT ( 'NONE',  ( 21.08038033558359814, 39.68746600839812544, 169.5855762787242611 ) ) ;
#4770 = EDGE_CURVE ( 'NONE', #3364, #3530, #749, .T. ) ;
#4771 = CARTESIAN_POINT ( 'NONE',  ( 301.0000000000000000, 45.65955459255329174, -115.8658560544601528 ) ) ;
#4772 = CARTESIAN_POINT ( 'NONE',  ( -53.11126409105096258, 34.00943325726425570, 170.9786113394557958 ) ) ;
#4773 = CARTESIAN_POINT ( 'NONE',  ( -63.06846911809958556, 38.37026390722731151, 175.3394419894189866 ) ) ;
#4774 = EDGE_LOOP ( 'NONE', ( #843, #3095, #3739, #2719 ) ) ;
#4775 = CARTESIAN_POINT ( 'NONE',  ( 16.96305991833870053, 34.52415470430342026, 164.4222649746295701 ) ) ;
#4776 = CARTESIAN_POINT ( 'NONE',  ( -60.55100922373102179, 43.24211875941339400, 180.2112968416049910 ) ) ;
#4777 = LINE ( 'NONE', #6000, #5804 ) ;
#4778 = CARTESIAN_POINT ( 'NONE',  ( 15.94983471963793242, 34.62270579445884522, 164.5208160647849240 ) ) ;
#4779 = DIRECTION ( 'NONE',  ( 0.000000000000000000, 0.000000000000000000, 1.000000000000000000 ) ) ;
#4780 = EDGE_CURVE ( 'NONE', #8335, #1883, #3339, .T. ) ;
#4781 = CARTESIAN_POINT ( 'NONE',  ( -35.41718054696253404, 27.61699043914510199, 164.5861685213365604 ) ) ;
#4782 = DIRECTION ( 'NONE',  ( -0.000000000000000000, -1.000000000000000000, 0.000000000000000000 ) ) ;
#4783 = VECTOR ( 'NONE', #1644, 1000.000000000000000 ) ;
#4784 = VERTEX_POINT ( 'NONE', #6579 ) ;
#4785 = ORIENTED_EDGE ( 'NONE', *, *, #5747, .T. ) ;
#4786 = CARTESIAN_POINT ( 'NONE',  ( -60.58628633108306616, 43.73399504917271230, 180.7031731313642808 ) ) ;
#4787 = ORIENTED_EDGE ( 'NONE', *, *, #6724, .T. ) ;
#4788 = AXIS2_PLACEMENT_3D ( 'NONE', #8342, #4500, #7747 ) ;
#4789 = CARTESIAN_POINT ( 'NONE',  ( -8.664237241273166745, 30.98822557495814323, 167.9574036571497118 ) ) ;
#4790 = VECTOR ( 'NONE', #6343, 1000.000000000000000 ) ;
#4791 = FACE_OUTER_BOUND ( 'NONE', #1779, .T. ) ;
#4792 = CARTESIAN_POINT ( 'NONE',  ( 301.0000000000000000, 45.63054645356284311, -170.0515392428203256 ) ) ;
#4793 = CARTESIAN_POINT ( 'NONE',  ( 306.0000000000000000, 41.47690062022950741, -117.1348725761536542 ) ) ;
#4794 = VECTOR ( 'NONE', #1561, 1000.000000000000227 ) ;
#4795 = ORIENTED_EDGE ( 'NONE', *, *, #6458, .T. ) ;
#4796 = VECTOR ( 'NONE', #3161, 1000.000000000000114 ) ;
#4797 = EDGE_CURVE ( 'NONE', #3678, #5786, #142, .T. ) ;
#4798 = FACE_OUTER_BOUND ( 'NONE', #2206, .T. ) ;
#4799 = ORIENTED_EDGE ( 'NONE', *, *, #7703, .F. ) ;
#4800 = CARTESIAN_POINT ( 'NONE',  ( -22.25295299774973756, 41.85113910187257602, 178.8203171840641801 ) ) ;
#4801 = CARTESIAN_POINT ( 'NONE',  ( -64.89645663587569402, 47.32244428627247856, 184.2916223684640897 ) ) ;
#4802 = DIRECTION ( 'NONE',  ( -0.9510081491181220370, -0.2186132433213092419, -0.2186132433213092419 ) ) ;
#4803 = CARTESIAN_POINT ( 'NONE',  ( 301.0000000000000000, 26.29292081955613014, -103.0271979080478673 ) ) ;
#4804 = CARTESIAN_POINT ( 'NONE',  ( -43.91961966441640186, 41.94781385711291932, 171.8459241274390763 ) ) ;
#4805 = VECTOR ( 'NONE', #4042, 1000.000000000000000 ) ;
#4806 = FACE_OUTER_BOUND ( 'NONE', #5628, .T. ) ;
#4807 = VERTEX_POINT ( 'NONE', #5318 ) ;
#4808 = CALENDAR_DATE ( 2026, 14, 8 ) ;
#4809 = CARTESIAN_POINT ( 'NONE',  ( -66.21844306627275500, 41.02931696505802961, 177.9984950472496337 ) ) ;
#4810 = VERTEX_POINT ( 'NONE', #7895 ) ;
#4811 = DIRECTION ( 'NONE',  ( 0.000000000000000000, 0.000000000000000000, 1.000000000000000000 ) ) ;
#4812 = CARTESIAN_POINT ( 'NONE',  ( -56.36869445316828120, 27.46479336373472435, 164.4339714459262609 ) ) ;
#4813 = PLANE ( 'NONE',  #2354 ) ;
#4814 = DIRECTION ( 'NONE',  ( -0.000000000000000000, 1.000000000000000000, -0.000000000000000000 ) ) ;
#4815 = CARTESIAN_POINT ( 'NONE',  ( 79.83038033558359814, 31.27676230248784606, 161.1748725728139391 ) ) ;
#4816 = LINE ( 'NONE', #8102, #4534 ) ;
#4817 = VERTEX_POINT ( 'NONE', #2110 ) ;
#4818 = EDGE_CURVE ( 'NONE', #3220, #4747, #3563, .T. ) ;
#4819 = CARTESIAN_POINT ( 'NONE',  ( 63.99704700225025533, 31.27676230248784606, 161.1748725728139391 ) ) ;
#4820 = CARTESIAN_POINT ( 'NONE',  ( 3.155442567865962999, 38.07143540277471772, 175.0406134849663147 ) ) ;
#4821 = LINE ( 'NONE', #2871, #3517 ) ;
#4822 = ADVANCED_FACE ( 'NONE', ( #2356 ), #6031, .T. ) ;
#4823 = CARTESIAN_POINT ( 'NONE',  ( -3.089936850881729313, 38.78367675947366422, 175.7528548416652825 ) ) ;
#4824 = CARTESIAN_POINT ( 'NONE',  ( -14.31894870119693586, 32.06253448147023022, 161.9606447517963943 ) ) ;
#4825 = CARTESIAN_POINT ( 'NONE',  ( 301.0000000000000000, 20.21387978689617881, -76.25596632615365422 ) ) ;
#4826 = CARTESIAN_POINT ( 'NONE',  ( -51.81734259783937802, 52.02597471762576475, 181.9240849879519146 ) ) ;
#4827 = EDGE_LOOP ( 'NONE', ( #1100, #974, #650, #4917 ) ) ;
#4828 = EDGE_CURVE ( 'NONE', #1555, #8197, #4940, .T. ) ;
#4829 = ORIENTED_EDGE ( 'NONE', *, *, #3303, .T. ) ;
#4830 = ADVANCED_FACE ( 'NONE', ( #3631 ), #868, .F. ) ;
#4831 = CARTESIAN_POINT ( 'NONE',  ( -60.58628633108306616, 47.26952895510542163, 177.1676392254315715 ) ) ;
#4832 = ORIENTED_EDGE ( 'NONE', *, *, #971, .F. ) ;
#4833 = B_SPLINE_SURFACE_WITH_KNOTS ( 'NONE', 3, 1, ( 
 ( #3807, #6412 ),
 ( #5909, #2487 ),
 ( #1346, #3935 ),
 ( #5739, #5154 ),
 ( #5779, #1856 ),
 ( #5066, #748 ),
 ( #2530, #3203 ),
 ( #5237, #7639 ),
 ( #2575, #3975 ),
 ( #7004, #7094 ),
 ( #564, #3249 ),
 ( #6497, #7723 ),
 ( #3338, #5869 ),
 ( #61, #8320 ),
 ( #5109, #1942 ) ),
 .UNSPECIFIED., .F., .F., .F.,
 ( 4, 1, 1, 1, 1, 1, 1, 1, 1, 1, 1, 1, 4 ),
 ( 2, 2 ),
 ( 0.000000000000000000, 0.1174667728004277489, 0.2220911888904261722, 0.3138342698107446926, 0.3938473175792562841, 0.4668369566114884406, 0.5397267551058773094, 0.6129654000265285507, 0.6878616652006325216, 0.7636054377059043885, 0.8402452639219253339, 0.9182857188141173577, 0.9999999999999998890 ),
 ( 0.000000000000000000, 1.000000000000000000 ),
 .UNSPECIFIED. ) ;
#4834 = CARTESIAN_POINT ( 'NONE',  ( -13.35074729680772698, 39.58749152908450952, 169.4856017994106026 ) ) ;
#4835 = CARTESIAN_POINT ( 'NONE',  ( 17.18064075225026244, 34.51766838292617479, 164.4157786532522891 ) ) ;
#4836 = LINE ( 'NONE', #8082, #6949 ) ;
#4837 = CARTESIAN_POINT ( 'NONE',  ( 301.0000000000000000, 27.71387978689617526, -78.05935174282031142 ) ) ;
#4838 = ORIENTED_EDGE ( 'NONE', *, *, #645, .T. ) ;
#4839 = CARTESIAN_POINT ( 'NONE',  ( -32.64357799774973756, 53.07922138907299825, 182.9773316593991979 ) ) ;
#4840 = EDGE_LOOP ( 'NONE', ( #4640, #7878 ) ) ;
#4841 = CARTESIAN_POINT ( 'NONE',  ( 20.88959930817088662, 33.23753876240207461, 170.2067168445936431 ) ) ;
#4842 = CARTESIAN_POINT ( 'NONE',  ( -31.70494138846977705, 30.99577049788452499, 160.8938807682106358 ) ) ;
#4843 = DIRECTION ( 'NONE',  ( 0.000000000000000000, 0.000000000000000000, -1.000000000000000000 ) ) ;
#4844 = CARTESIAN_POINT ( 'NONE',  ( 12.91957600538484918, 27.82848335954417962, 164.7976614417358121 ) ) ;
#4845 = CARTESIAN_POINT ( 'NONE',  ( -16.10678681925192635, 29.59169483238550669, 166.5608729145771463 ) ) ;
#4846 = DIRECTION ( 'NONE',  ( -0.000000000000000000, -0.7071067811865489050, 0.7071067811865460184 ) ) ;
#4847 = EDGE_LOOP ( 'NONE', ( #6089, #8047, #7839, #3235 ) ) ;
#4848 = APPROVAL_ROLE ( '' ) ;
#4849 = DIRECTION ( 'NONE',  ( -0.000000000000000000, -0.7071067811865489050, 0.7071067811865460184 ) ) ;
#4850 = VERTEX_POINT ( 'NONE', #222 ) ;
#4851 = CARTESIAN_POINT ( 'NONE',  ( -55.40399466441639476, 44.16212610809422756, 174.0602363784203988 ) ) ;
#4852 = LINE ( 'NONE', #6190, #7069 ) ;
#4853 = CARTESIAN_POINT ( 'NONE',  ( 306.0000000000000000, 80.00000000000000000, 206.9691780821917462 ) ) ;
#4854 = ADVANCED_FACE ( 'NONE', ( #5437 ), #4813, .T. ) ;
#4855 = CARTESIAN_POINT ( 'NONE',  ( 301.0000000000000000, 42.61985524277396564, -116.9111950361104419 ) ) ;
#4856 = CARTESIAN_POINT ( 'NONE',  ( 17.87790947628569072, 34.53059938670325124, 164.4287096570292874 ) ) ;
#4857 = VECTOR ( 'NONE', #4980, 1000.000000000000114 ) ;
#4858 = CARTESIAN_POINT ( 'NONE',  ( -37.60124282573406873, 40.02614016198572244, 176.9953182441773265 ) ) ;
#4859 = ORIENTED_EDGE ( 'NONE', *, *, #8250, .F. ) ;
#4860 = LINE ( 'NONE', #3679, #5257 ) ;
#4861 = CARTESIAN_POINT ( 'NONE',  ( -60.36098182091014053, 42.78496349545954303, 179.7541415776512679 ) ) ;
#4862 = CARTESIAN_POINT ( 'NONE',  ( 306.0000000000000000, -52.40044383621697932, 99.70254495192531863 ) ) ;
#4863 = VECTOR ( 'NONE', #6307, 1000.000000000000114 ) ;
#4864 = CARTESIAN_POINT ( 'NONE',  ( -8.276632978548770225, 46.00201150270692807, 182.9711895848985819 ) ) ;
#4865 = CARTESIAN_POINT ( 'NONE',  ( 301.0000000000000000, 20.21387978689617881, -178.3848725761536400 ) ) ;
#4866 = B_SPLINE_CURVE_WITH_KNOTS ( 'NONE', 3,
 ( #2325, #8107, #4905, #3681, #6237, #4349, #480, #6913, #2996, #5571, #8145, #2403, #2365, #4982, #3036, #1122, #5612, #1939, #7767 ),
 .UNSPECIFIED., .F., .F.,
 ( 4, 1, 1, 1, 1, 1, 1, 1, 1, 1, 1, 1, 1, 1, 1, 1, 4 ),
 ( 0.000000000000000000, 0.05859659131916807734, 0.1138765050099538600, 0.1666507806367442390, 0.2175021826071213693, 0.2665448272776155814, 0.3159134923023790842, 0.3652536452456269234, 0.4164580329854863372, 0.4707775555086324837, 0.5298334347791722188, 0.5936710593844521933, 0.6639228997882449246, 0.7391616651840796637, 0.8195892901477201953, 0.9069928982240744730, 1.000000000000000000 ),
 .UNSPECIFIED. ) ;
#4867 = CARTESIAN_POINT ( 'NONE',  ( -40.48137385287521539, 33.27352061103935199, 163.1716308813653882 ) ) ;
#4868 = CARTESIAN_POINT ( 'NONE',  ( -54.84557083706345537, 52.89054682363016724, 182.7886570939563740 ) ) ;
#4869 = EDGE_CURVE ( 'NONE', #7360, #3969, #2821, .T. ) ;
#4870 = AXIS2_PLACEMENT_3D ( 'NONE', #7187, #3346, #1396 ) ;
#4871 = ORIENTED_EDGE ( 'NONE', *, *, #3686, .T. ) ;
#4872 = VERTEX_POINT ( 'NONE', #7977 ) ;
#4873 = CARTESIAN_POINT ( 'NONE',  ( 48.16371366891693384, 49.24905965764588700, 179.1471699279720440 ) ) ;
#4874 = EDGE_LOOP ( 'NONE', ( #498, #7830, #4677, #1722 ) ) ;
#4875 = CYLINDRICAL_SURFACE ( 'NONE', #8294, 9.999999999999994671 ) ;
#4876 = VECTOR ( 'NONE', #7284, 1000.000000000000114 ) ;
#4877 = CARTESIAN_POINT ( 'NONE',  ( -3.377879814831949545, 41.64879092240670388, 178.6179690045982227 ) ) ;
#4878 = EDGE_CURVE ( 'NONE', #5251, #3308, #6788, .T. ) ;
#4879 = CARTESIAN_POINT ( 'NONE',  ( 301.0000000000000000, 21.38535836984637228, -100.0936894189878359 ) ) ;
#4880 = ORIENTED_EDGE ( 'NONE', *, *, #778, .T. ) ;
#4881 = CARTESIAN_POINT ( 'NONE',  ( 306.0000000000000000, 47.31041633425206072, -114.8749181547729847 ) ) ;
#4882 = ORIENTED_EDGE ( 'NONE', *, *, #4770, .T. ) ;
#4883 = VECTOR ( 'NONE', #3257, 1000.000000000000000 ) ;
#4884 = LINE ( 'NONE', #1712, #2023 ) ;
#4885 = VERTEX_POINT ( 'NONE', #8018 ) ;
#4886 = CARTESIAN_POINT ( 'NONE',  ( -53.02970376264959640, 31.45937979258984285, 161.3574900629158719 ) ) ;
#4887 = ADVANCED_FACE ( 'NONE', ( #6115 ), #5483, .T. ) ;
#4888 = CARTESIAN_POINT ( 'NONE',  ( -29.66562321728425999, 31.23154349296568455, 161.1296537632917421 ) ) ;
#4889 = CYLINDRICAL_SURFACE ( 'NONE', #3598, 10.00000000000000888 ) ;
#4890 = CARTESIAN_POINT ( 'NONE',  ( 300.9999999999999432, 25.44953717380417046, -103.9894308925259310 ) ) ;
#4891 = CARTESIAN_POINT ( 'NONE',  ( -16.87809775419372471, 30.25441578766231387, 167.2235938698538291 ) ) ;
#4892 = CARTESIAN_POINT ( 'NONE',  ( -42.32117845005953427, 45.03597765947666431, 182.0051557416683750 ) ) ;
#4893 = EDGE_LOOP ( 'NONE', ( #455, #5518, #2125, #7481 ) ) ;
#4894 = CARTESIAN_POINT ( 'NONE',  ( 0.000000000000000000, 80.00000000000000000, 0.000000000000000000 ) ) ;
#4895 = VERTEX_POINT ( 'NONE', #1039 ) ;
#4896 = PLANE ( 'NONE',  #6390 ) ;
#4897 = CARTESIAN_POINT ( 'NONE',  ( 301.0000000000000000, 20.21387978689617881, -170.0515392428203256 ) ) ;
#4898 = CARTESIAN_POINT ( 'NONE',  ( 301.0000000000000000, 50.63054645356283601, -179.2182059094870112 ) ) ;
#4899 = CARTESIAN_POINT ( 'NONE',  ( 301.0000000000000000, 19.79721312022951096, -113.3392996594869970 ) ) ;
#4900 = CARTESIAN_POINT ( 'NONE',  ( -17.57581715929677202, 49.49878455551456113, 179.3968948258408318 ) ) ;
#4901 = ORIENTED_EDGE ( 'NONE', *, *, #3533, .T. ) ;
#4902 = CARTESIAN_POINT ( 'NONE',  ( 69.58298450225025533, 31.27676230248784606, 161.1748725728139391 ) ) ;
#4903 = EDGE_CURVE ( 'NONE', #3544, #8306, #6075, .T. ) ;
#4904 = CARTESIAN_POINT ( 'NONE',  ( -7.066848558551443560, 31.00775018334787703, 160.9058604536740233 ) ) ;
#4905 = CARTESIAN_POINT ( 'NONE',  ( -32.23604991989967772, 34.53009719902673424, 164.4282074693528557 ) ) ;
#4906 = CARTESIAN_POINT ( 'NONE',  ( 305.9999999999999432, 24.99242313270193350, -96.86482339267168129 ) ) ;
#4907 = LINE ( 'NONE', #4865, #6536 ) ;
#4908 = CARTESIAN_POINT ( 'NONE',  ( 306.0000000000000000, 24.95278762390408644, -105.1311945503581455 ) ) ;
#4909 = CARTESIAN_POINT ( 'NONE',  ( -57.56545299774973046, 49.54368748314019655, 186.5128655653319640 ) ) ;
#4910 = ORIENTED_EDGE ( 'NONE', *, *, #5073, .F. ) ;
#4911 = VERTEX_POINT ( 'NONE', #6155 ) ;
#4912 = CARTESIAN_POINT ( 'NONE',  ( -67.99701322304429141, 37.12252105603867847, 167.0206313263647928 ) ) ;
#4913 = EDGE_CURVE ( 'NONE', #5609, #662, #999, .T. ) ;
#4914 = VERTEX_POINT ( 'NONE', #7340 ) ;
#4915 = CARTESIAN_POINT ( 'NONE',  ( 300.9999999999999432, 48.61637747632465079, -99.19123214635725105 ) ) ;
#4916 = FACE_OUTER_BOUND ( 'NONE', #1672, .T. ) ;
#4917 = ORIENTED_EDGE ( 'NONE', *, *, #393, .T. ) ;
#4918 = DIRECTION ( 'NONE',  ( 0.000000000000000000, -1.000000000000000000, 0.000000000000000000 ) ) ;
#4919 = EDGE_LOOP ( 'NONE', ( #3801, #2418, #6265, #7357 ) ) ;
#4920 = EDGE_CURVE ( 'NONE', #67, #4602, #2274, .T. ) ;
#4921 = CARTESIAN_POINT ( 'NONE',  ( -24.37921757280513546, 50.07258420995471937, 179.9706944802808835 ) ) ;
#4922 = VECTOR ( 'NONE', #1074, 1000.000000000000000 ) ;
#4923 = EDGE_CURVE ( 'NONE', #6677, #2430, #926, .T. ) ;
#4924 = VERTEX_POINT ( 'NONE', #4974 ) ;
#4925 = EDGE_CURVE ( 'NONE', #1333, #7667, #5055, .T. ) ;
#4926 = CARTESIAN_POINT ( 'NONE',  ( 17.18064075225026244, 30.98213447699342993, 167.9513125591850269 ) ) ;
#4927 = CARTESIAN_POINT ( 'NONE',  ( -28.48049052721754038, 33.84552895166641662, 170.8147070338579852 ) ) ;
#4928 = DIRECTION ( 'NONE',  ( 1.000000000000000000, -0.000000000000000000, -0.000000000000000000 ) ) ;
#4929 = VECTOR ( 'NONE', #5398, 1000.000000000000000 ) ;
#4930 = VECTOR ( 'NONE', #7780, 1000.000000000000000 ) ;
#4931 = CARTESIAN_POINT ( 'NONE',  ( 9.836706228968507659, 29.08681822924771865, 166.0559963114393724 ) ) ;
#4932 = ADVANCED_FACE ( 'NONE', ( #3752 ), #5017, .F. ) ;
#4933 = CARTESIAN_POINT ( 'NONE',  ( -37.48904445069673130, 52.37695723374674373, 182.2750675040730073 ) ) ;
#4934 = VERTEX_POINT ( 'NONE', #3027 ) ;
#4935 = EDGE_CURVE ( 'NONE', #6175, #2570, #5727, .T. ) ;
#4936 = CARTESIAN_POINT ( 'NONE',  ( 301.0000000000000568, 51.01709550563393236, -105.1048919000130724 ) ) ;
#4937 = VERTEX_POINT ( 'NONE', #1204 ) ;
#4938 = AXIS2_PLACEMENT_3D ( 'NONE', #7242, #5930, #7997 ) ;
#4939 = DIRECTION ( 'NONE',  ( -1.000000000000000000, 0.000000000000000000, 0.000000000000000000 ) ) ;
#4940 = LINE ( 'NONE', #2905, #41 ) ;
#4941 = DIRECTION ( 'NONE',  ( 0.000000000000000000, -1.000000000000000000, 0.000000000000000000 ) ) ;
#4942 = PLANE ( 'NONE',  #3314 ) ;
#4943 = CARTESIAN_POINT ( 'NONE',  ( -13.32892685660427290, 52.38726848783105083, 182.2853787581572362 ) ) ;
#4944 = VECTOR ( 'NONE', #3423, 1000.000000000000114 ) ;
#4945 = ORIENTED_EDGE ( 'NONE', *, *, #7200, .T. ) ;
#4946 = DIRECTION ( 'NONE',  ( 0.000000000000000000, -1.000000000000000000, -0.000000000000000000 ) ) ;
#4947 = DIRECTION ( 'NONE',  ( 0.000000000000000000, -1.000000000000000000, -0.000000000000000000 ) ) ;
#4948 = DIRECTION ( 'NONE',  ( 0.000000000000000000, -1.000000000000000000, 0.000000000000000000 ) ) ;
#4949 = DIRECTION ( 'NONE',  ( 1.000000000000000000, -0.000000000000000000, 0.000000000000000000 ) ) ;
#4950 = CARTESIAN_POINT ( 'NONE',  ( 301.0000000000000000, 0.000000000000000000, 0.000000000000000000 ) ) ;
#4951 = LINE ( 'NONE', #2328, #5860 ) ;
#4952 = CARTESIAN_POINT ( 'NONE',  ( -66.83628633108305905, 43.39793518571814701, 180.3671132679097866 ) ) ;
#4953 = EDGE_LOOP ( 'NONE', ( #4345, #8181, #7464, #146, #7068, #7951, #7709, #4044, #1241, #6656 ) ) ;
#4954 = FACE_OUTER_BOUND ( 'NONE', #1703, .T. ) ;
#4955 = FACE_OUTER_BOUND ( 'NONE', #420, .T. ) ;
#4956 = ORIENTED_EDGE ( 'NONE', *, *, #4161, .T. ) ;
#4957 = CARTESIAN_POINT ( 'NONE',  ( 3.000333836793713349, 44.52652495316231551, 174.4246352234885080 ) ) ;
#4958 = CARTESIAN_POINT ( 'NONE',  ( -3.154763424280664363, 40.16280273852746063, 177.1319808207190647 ) ) ;
#4959 = ORIENTED_EDGE ( 'NONE', *, *, #980, .F. ) ;
#4960 = LINE ( 'NONE', #3011, #3246 ) ;
#4961 = VERTEX_POINT ( 'NONE', #7585 ) ;
#4962 = CARTESIAN_POINT ( 'NONE',  ( 301.0000000000000000, 20.21387978689617881, -178.3848725761536400 ) ) ;
#4963 = ORIENTED_EDGE ( 'NONE', *, *, #5113, .T. ) ;
#4964 = DIRECTION ( 'NONE',  ( 0.000000000000000000, 0.000000000000000000, 1.000000000000000000 ) ) ;
#4965 = DIRECTION ( 'NONE',  ( 1.000000000000000000, -0.000000000000000000, -0.000000000000000000 ) ) ;
#4966 = CARTESIAN_POINT ( 'NONE',  ( 26.11717006389405071, 31.11009972585167915, 168.0792778080431731 ) ) ;
#4967 = ADVANCED_FACE ( 'NONE', ( #1846 ), #5850, .T. ) ;
#4968 = CARTESIAN_POINT ( 'NONE',  ( 8.169226870494105341, 30.92043842107348439, 167.8896165032651027 ) ) ;
#4969 = CARTESIAN_POINT ( 'NONE',  ( -43.89517145771820594, 39.68300940805004018, 176.6521874902416869 ) ) ;
#4970 = ORIENTED_EDGE ( 'NONE', *, *, #1651, .T. ) ;
#4971 = CARTESIAN_POINT ( 'NONE',  ( 300.9999999999999432, 48.61637747632465079, -99.19123214635725105 ) ) ;
#4972 = ORIENTED_EDGE ( 'NONE', *, *, #5073, .T. ) ;
#4973 = DIRECTION ( 'NONE',  ( -1.000000000000000000, 0.000000000000000000, 0.000000000000000000 ) ) ;
#4974 = CARTESIAN_POINT ( 'NONE',  ( 306.0000000000000000, 35.45476520356284311, -100.8848725761536542 ) ) ;
#4975 = CARTESIAN_POINT ( 'NONE',  ( -60.58628633108306616, 43.73399504917267677, 180.7031731313643093 ) ) ;
#4976 = FACE_OUTER_BOUND ( 'NONE', #874, .T. ) ;
#4977 = ADVANCED_FACE ( 'NONE', ( #4791 ), #3357, .T. ) ;
#4978 = CARTESIAN_POINT ( 'NONE',  ( -14.35119802075291062, 48.45536397605851420, 185.4245420582501822 ) ) ;
#4979 = ORIENTED_EDGE ( 'NONE', *, *, #2678, .F. ) ;
#4980 = DIRECTION ( 'NONE',  ( -0.000000000000000000, -0.7071067811865489050, 0.7071067811865460184 ) ) ;
#4981 = CARTESIAN_POINT ( 'NONE',  ( -43.89517145771820594, 43.21854331398281346, 173.1166535843089491 ) ) ;
#4982 = CARTESIAN_POINT ( 'NONE',  ( -28.66883867114392004, 36.93838533683788228, 166.8364956071640677 ) ) ;
#4983 = CARTESIAN_POINT ( 'NONE',  ( 301.0000000000000000, 20.80457240478336800, -101.0955242769673248 ) ) ;
#4984 = VECTOR ( 'NONE', #7431, 1000.000000000000000 ) ;
#4985 = CARTESIAN_POINT ( 'NONE',  ( 301.0000000000000000, 20.21387978689617881, -93.38487257615365422 ) ) ;
#4986 = CARTESIAN_POINT ( 'NONE',  ( -43.91961966441640186, 41.94781385711291932, 171.8459241274390763 ) ) ;
#4987 = CARTESIAN_POINT ( 'NONE',  ( -43.91961966441640186, 38.41227995118020999, 175.3814580333717572 ) ) ;
#4988 = CARTESIAN_POINT ( 'NONE',  ( -12.84423839980042459, 42.97564256356667300, 179.9448206457584263 ) ) ;
#4989 = EDGE_CURVE ( 'NONE', #8330, #1017, #7714, .T. ) ;
#4990 = VERTEX_POINT ( 'NONE', #5340 ) ;
#4991 = FACE_OUTER_BOUND ( 'NONE', #3012, .T. ) ;
#4992 = LINE ( 'NONE', #3046, #5275 ) ;
#4993 = VERTEX_POINT ( 'NONE', #7364 ) ;
#4994 = LINE ( 'NONE', #2501, #5867 ) ;
#4995 = CARTESIAN_POINT ( 'NONE',  ( -3.097047688596853643, 42.88124280016181444, 172.7793530704879288 ) ) ;
#4996 = VECTOR ( 'NONE', #2445, 1000.000000000000000 ) ;
#4997 = ORIENTED_EDGE ( 'NONE', *, *, #5333, .F. ) ;
#4998 = PLANE ( 'NONE',  #5543 ) ;
#4999 = VERTEX_POINT ( 'NONE', #7916 ) ;
#5000 = CARTESIAN_POINT ( 'NONE',  ( -52.93654674774973046, 46.30278140270193887, 176.2008916730280816 ) ) ;
#5001 = VECTOR ( 'NONE', #8379, 1000.000000000000000 ) ;
#5002 = EDGE_CURVE ( 'NONE', #5115, #171, #6095, .T. ) ;
#5003 = ORIENTED_EDGE ( 'NONE', *, *, #1323, .F. ) ;
#5004 = CARTESIAN_POINT ( 'NONE',  ( 301.0000000000000000, 20.21387978689617881, -200.0515392428203256 ) ) ;
#5005 = DIRECTION ( 'NONE',  ( 0.000000000000000000, 2.569960705150825398E-16, 1.000000000000000000 ) ) ;
#5006 = CARTESIAN_POINT ( 'NONE',  ( -30.89892287241419311, 34.77170301522505014, 164.6698132855511858 ) ) ;
#5007 = DIRECTION ( 'NONE',  ( 0.000000000000000000, -0.000000000000000000, 1.000000000000000000 ) ) ;
#5008 = AXIS2_PLACEMENT_3D ( 'NONE', #2527, #7551, #4269 ) ;
#5009 = CARTESIAN_POINT ( 'NONE',  ( 77.61683866891691252, 52.78459356357862475, 182.6827038339048102 ) ) ;
#5010 = DIRECTION ( 'NONE',  ( 0.000000000000000000, -1.000000000000000000, -0.000000000000000000 ) ) ;
#5011 = EDGE_LOOP ( 'NONE', ( #5434, #1818, #2162, #8304 ) ) ;
#5012 = DIRECTION ( 'NONE',  ( 1.000000000000000000, 0.000000000000000000, 0.000000000000000000 ) ) ;
#5013 = ORIENTED_EDGE ( 'NONE', *, *, #6142, .T. ) ;
#5014 = EDGE_CURVE ( 'NONE', #3308, #4784, #2882, .T. ) ;
#5015 = B_SPLINE_CURVE_WITH_KNOTS ( 'NONE', 3,
 ( #8238, #4398, #5158, #2579, #5114, #5785, #3939, #2453, #527, #1261, #5031, #6966, #3854, #1176, #1307, #8278, #1990, #8367, #3766, #8324, #6326, #1860, #708 ),
 .UNSPECIFIED., .F., .F.,
 ( 4, 1, 1, 1, 1, 1, 1, 1, 1, 1, 1, 1, 1, 1, 1, 1, 1, 1, 1, 1, 4 ),
 ( 0.000000000000000000, 0.07888785017893126805, 0.1533733674516387369, 0.2242144871181419863, 0.2922909791144003844, 0.3252739147533834640, 0.3580740960299406694, 0.3901022578879385638, 0.4223459357402434833, 0.4548338797240625286, 0.4878069090899165294, 0.5211934712567821704, 0.5558136423039180540, 0.5930752557032874517, 0.6351481822251883180, 0.6823209935073291099, 0.7347371519422590813, 0.7926230978110619940, 0.8560582869270827455, 0.9251635571178755679, 1.000000000000000000 ),
 .UNSPECIFIED. ) ;
#5016 = CARTESIAN_POINT ( 'NONE',  ( -12.84423839980042459, 42.97564256356671564, 179.9448206457583694 ) ) ;
#5017 = PLANE ( 'NONE',  #7613 ) ;
#5018 = LINE ( 'NONE', #5522, #3581 ) ;
#5019 = CARTESIAN_POINT ( 'NONE',  ( -62.33983071623502781, 34.65690434959933697, 171.6260824317909055 ) ) ;
#5020 = CARTESIAN_POINT ( 'NONE',  ( -9.784657568440675135, 53.05197920470726558, 182.9500894750334226 ) ) ;
#5021 = ORIENTED_EDGE ( 'NONE', *, *, #7659, .F. ) ;
#5022 = CARTESIAN_POINT ( 'NONE',  ( 301.0000000000000000, 40.21387978689617171, -111.4057059094869828 ) ) ;
#5023 = CARTESIAN_POINT ( 'NONE',  ( -36.38665382944757454, 52.68672441319626643, 182.5848346835224731 ) ) ;
#5024 = FACE_OUTER_BOUND ( 'NONE', #2769, .T. ) ;
#5025 = ADVANCED_FACE ( 'NONE', ( #1582 ), #2047, .F. ) ;
#5026 = CARTESIAN_POINT ( 'NONE',  ( -7.811588334139966783, 45.99007731419789025, 182.9592553963896080 ) ) ;
#5027 = DIRECTION ( 'NONE',  ( -1.000000000000000000, -0.000000000000000000, -0.000000000000000000 ) ) ;
#5028 = CARTESIAN_POINT ( 'NONE',  ( 306.0000000000000000, 27.24366205757614878, -110.6312619756829605 ) ) ;
#5029 = FACE_BOUND ( 'NONE', #3313, .T. ) ;
#5030 = CARTESIAN_POINT ( 'NONE',  ( -53.11126409105096258, 37.54496716319700056, 167.4430774335230865 ) ) ;
#5031 = CARTESIAN_POINT ( 'NONE',  ( 9.437697006275612921, 29.39147655537773218, 166.3606546375693256 ) ) ;
#5032 = ORIENTED_EDGE ( 'NONE', *, *, #7865, .T. ) ;
#5033 = LINE ( 'NONE', #1738, #7535 ) ;
#5034 = CARTESIAN_POINT ( 'NONE',  ( 25.23126897944836955, 33.48455030451374625, 163.3826605748398038 ) ) ;
#5035 = ORIENTED_EDGE ( 'NONE', *, *, #8360, .F. ) ;
#5036 = ADVANCED_FACE ( 'NONE', ( #807 ), #7199, .T. ) ;
#5037 = CARTESIAN_POINT ( 'NONE',  ( 305.9999999999996021, 49.37309462334822996, -100.1738633773504148 ) ) ;
#5038 = CARTESIAN_POINT ( 'NONE',  ( 301.0000000000000000, 20.21387978689617881, -127.5515392428203114 ) ) ;
#5039 = ORIENTED_EDGE ( 'NONE', *, *, #1758, .F. ) ;
#5040 = LINE ( 'NONE', #5126, #947 ) ;
#5041 = ORIENTED_EDGE ( 'NONE', *, *, #5797, .T. ) ;
#5042 = CARTESIAN_POINT ( 'NONE',  ( -32.93498711778428856, 49.53699601019572896, 179.4351062805218930 ) ) ;
#5043 = EDGE_LOOP ( 'NONE', ( #6970, #1711, #6441 ) ) ;
#5044 = CARTESIAN_POINT ( 'NONE',  ( -55.65654760209260843, 44.23132571910391420, 174.1294359894300783 ) ) ;
#5045 = DIRECTION ( 'NONE',  ( -0.000000000000000000, -0.7071067811865459074, -0.7071067811865491270 ) ) ;
#5046 = CARTESIAN_POINT ( 'NONE',  ( -28.15691884799403155, 34.85058451513110356, 171.8197625973225797 ) ) ;
#5047 = CARTESIAN_POINT ( 'NONE',  ( 306.0000000000000000, 20.21387978689617881, -93.38487257615365422 ) ) ;
#5048 = CARTESIAN_POINT ( 'NONE',  ( -37.50193326246481007, 39.31315210502690860, 169.2112623753530158 ) ) ;
#5049 = VECTOR ( 'NONE', #5468, 1000.000000000000000 ) ;
#5050 = DIRECTION ( 'NONE',  ( 0.000000000000000000, 0.000000000000000000, 1.000000000000000000 ) ) ;
#5051 = ORIENTED_EDGE ( 'NONE', *, *, #2193, .T. ) ;
#5052 = CARTESIAN_POINT ( 'NONE',  ( -7.981445906165273385, 27.45528874864426783, 164.4244668308358541 ) ) ;
#5053 = EDGE_LOOP ( 'NONE', ( #1221, #2943, #1868, #3599, #7803, #6353, #1585, #4594, #86, #3499, #6331, #1057 ) ) ;
#5054 = CARTESIAN_POINT ( 'NONE',  ( -66.49346322054179836, 45.22967051298611096, 182.1988485951776227 ) ) ;
#5055 = LINE ( 'NONE', #5683, #2893 ) ;
#5056 = AXIS2_PLACEMENT_3D ( 'NONE', #4950, #3291, #6365 ) ;
#5057 = FACE_OUTER_BOUND ( 'NONE', #2480, .T. ) ;
#5058 = CARTESIAN_POINT ( 'NONE',  ( -62.24303482280678423, 34.35511898623582994, 171.3242970684273700 ) ) ;
#5059 = CARTESIAN_POINT ( 'NONE',  ( -33.32707484566373068, 30.99529290916973778, 167.9644709913612814 ) ) ;
#5060 = VERTEX_POINT ( 'NONE', #932 ) ;
#5061 = AXIS2_PLACEMENT_3D ( 'NONE', #7291, #3368, #7760 ) ;
#5062 = CARTESIAN_POINT ( 'NONE',  ( -32.79331758108306616, 27.44660057106070283, 164.4157786532522323 ) ) ;
#5063 = PLANE ( 'NONE',  #1767 ) ;
#5064 = LINE ( 'NONE', #4227, #7158 ) ;
#5065 = LINE ( 'NONE', #60, #6879 ) ;
#5066 = CARTESIAN_POINT ( 'NONE',  ( -50.58358355036165221, 42.54193671420581069, 172.4400469845319321 ) ) ;
#5067 = CARTESIAN_POINT ( 'NONE',  ( 306.0000000000000000, 28.32476767201993795, -111.0052857806417563 ) ) ;
#5068 = LINE ( 'NONE', #8235, #997 ) ;
#5069 = CARTESIAN_POINT ( 'NONE',  ( 69.58298450225025533, 31.27676230248784606, 161.1748725728139391 ) ) ;
#5070 = VECTOR ( 'NONE', #5731, 1000.000000000000000 ) ;
#5071 = B_SPLINE_CURVE_WITH_KNOTS ( 'NONE', 3,
 ( #5679, #1287, #7754, #7124, #7036, #6989, #3106, #2473, #3880, #7078, #6352, #1972, #5766, #6442, #6485, #642, #1242, #5052, #3146 ),
 .UNSPECIFIED., .F., .F.,
 ( 4, 1, 1, 1, 1, 1, 1, 1, 1, 1, 1, 1, 1, 1, 1, 1, 4 ),
 ( 0.000000000000000000, 0.08293440464628648590, 0.1610894680972369264, 0.2347247659038214918, 0.3040901782290976740, 0.3696765897509404208, 0.4321361563726849320, 0.4913031328970505762, 0.5485552770612339701, 0.6035181268264162568, 0.6571686525788972277, 0.7106238765018833003, 0.7641687694519578855, 0.8190930755636849359, 0.8761387633110852002, 0.9364273170266249613, 1.000000000000000000 ),
 .UNSPECIFIED. ) ;
#5072 = CARTESIAN_POINT ( 'NONE',  ( -57.79331758108306616, 36.69054859594731965, 173.6597266781389237 ) ) ;
#5073 = EDGE_CURVE ( 'NONE', #3819, #8121, #3999, .T. ) ;
#5074 = ORIENTED_EDGE ( 'NONE', *, *, #2133, .T. ) ;
#5075 = CARTESIAN_POINT ( 'NONE',  ( -16.10678681925192635, 29.59169483238547826, 166.5608729145771747 ) ) ;
#5076 = ADVANCED_FACE ( 'NONE', ( #5972 ), #6559, .T. ) ;
#5077 = CARTESIAN_POINT ( 'NONE',  ( 306.0000000000000000, -53.52771198192617419, -301.2480616263205206 ) ) ;
#5078 = VERTEX_POINT ( 'NONE', #847 ) ;
#5079 = CARTESIAN_POINT ( 'NONE',  ( 300.9999999999998863, 48.02632345128954228, -114.2977461031157702 ) ) ;
#5080 = CARTESIAN_POINT ( 'NONE',  ( 301.0000000000000568, 45.56412544177894119, -96.84460442594590290 ) ) ;
#5081 = CARTESIAN_POINT ( 'NONE',  ( 305.9999999999998295, 45.39477905882571207, -103.9025359331846943 ) ) ;
#5082 = EDGE_CURVE ( 'NONE', #4544, #4033, #164, .T. ) ;
#5083 = ORIENTED_EDGE ( 'NONE', *, *, #5928, .F. ) ;
#5084 = CARTESIAN_POINT ( 'NONE',  ( -3.086286331083071488, 38.49514402710048699, 175.4643221092920840 ) ) ;
#5085 = B_SPLINE_CURVE_WITH_KNOTS ( 'NONE', 3,
 ( #4591, #6602, #1414, #6481, #167, #690, #5222, #811, #7794, #7163, #1374 ),
 .UNSPECIFIED., .F., .F.,
 ( 4, 1, 1, 1, 1, 1, 1, 1, 4 ),
 ( 0.000000000000000000, 0.1152746239717314519, 0.2270456908734991841, 0.3378818532483655601, 0.4524118533159216526, 0.5733138552247778463, 0.7033502583690108834, 0.8455014334111641272, 1.000000000000000000 ),
 .UNSPECIFIED. ) ;
#5086 = EDGE_LOOP ( 'NONE', ( #5224, #5083, #6019, #2507 ) ) ;
#5087 = CARTESIAN_POINT ( 'NONE',  ( -32.93498711778428856, 46.00146210426296278, 182.9706401864546592 ) ) ;
#5088 = ORIENTED_EDGE ( 'NONE', *, *, #4502, .T. ) ;
#5089 = CARTESIAN_POINT ( 'NONE',  ( -8.470400914416400084, 53.07922138907299825, 182.9773316593991979 ) ) ;
#5090 = DIRECTION ( 'NONE',  ( -1.000000000000000000, 0.000000000000000000, 0.000000000000000000 ) ) ;
#5091 = CARTESIAN_POINT ( 'NONE',  ( -29.58404221811859003, 32.02851645806645564, 168.9976945402580100 ) ) ;
#5092 = CARTESIAN_POINT ( 'NONE',  ( 74.08819283558359814, 27.74122839655510120, 164.7104064787466484 ) ) ;
#5093 = CARTESIAN_POINT ( 'NONE',  ( -37.66961966441640186, 41.75446434663224693, 171.6525746169583613 ) ) ;
#5094 = CARTESIAN_POINT ( 'NONE',  ( 335.9999999999999432, -52.40044383621697932, 99.70254495192531863 ) ) ;
#5095 = ORIENTED_EDGE ( 'NONE', *, *, #1373, .F. ) ;
#5096 = CARTESIAN_POINT ( 'NONE',  ( 306.0000000000003411, 44.75294451597446965, -109.5931439772713958 ) ) ;
#5097 = ORIENTED_EDGE ( 'NONE', *, *, #3412, .T. ) ;
#5098 = DIRECTION ( 'NONE',  ( -0.000000000000000000, -0.7071067811865489050, 0.7071067811865460184 ) ) ;
#5099 = CARTESIAN_POINT ( 'NONE',  ( 305.9999999999999432, 51.03696558601520650, -106.0575986256040864 ) ) ;
#5100 = CARTESIAN_POINT ( 'NONE',  ( 301.0000000000000000, 50.63054645356283601, -139.2182059094869828 ) ) ;
#5101 = DIRECTION ( 'NONE',  ( 0.000000000000000000, 1.000000000000000000, -0.000000000000000000 ) ) ;
#5102 = CARTESIAN_POINT ( 'NONE',  ( -53.06804686328089105, 46.58250430142034304, 176.4806145717465142 ) ) ;
#5103 = ORIENTED_EDGE ( 'NONE', *, *, #2594, .T. ) ;
#5104 = CARTESIAN_POINT ( 'NONE',  ( 301.0000000000000000, 20.21387978689617881, -70.46820590948699703 ) ) ;
#5105 = DIRECTION ( 'NONE',  ( 0.000000000000000000, -0.7071067811865459074, -0.7071067811865491270 ) ) ;
#5106 = CARTESIAN_POINT ( 'NONE',  ( -30.21781619669667762, 48.88339715154295817, 178.7815074218690938 ) ) ;
#5107 = CARTESIAN_POINT ( 'NONE',  ( -55.48542855194074264, 34.68404030368062507, 164.5821505740067323 ) ) ;
#5108 = EDGE_CURVE ( 'NONE', #1737, #5915, #3443, .T. ) ;
#5109 = CARTESIAN_POINT ( 'NONE',  ( -46.83628633108306616, 37.56982851265717471, 167.4679387829833104 ) ) ;
#5110 = CARTESIAN_POINT ( 'NONE',  ( -28.42187895444281054, 42.88704069041627776, 179.8562187726079173 ) ) ;
#5111 = CARTESIAN_POINT ( 'NONE',  ( -18.65462465564770156, 44.21885762393273467, 181.1880357061243956 ) ) ;
#5112 = CARTESIAN_POINT ( 'NONE',  ( -53.11126409105096258, 34.00943325726429123, 170.9786113394557674 ) ) ;
#5113 = EDGE_CURVE ( 'NONE', #2929, #5516, #2843, .T. ) ;
#5114 = CARTESIAN_POINT ( 'NONE',  ( 12.91957600538484918, 27.82848335954421159, 164.7976614417357837 ) ) ;
#5115 = VERTEX_POINT ( 'NONE', #4037 ) ;
#5116 = B_SPLINE_CURVE_WITH_KNOTS ( 'NONE', 3,
 ( #3244, #2696, #11, #1342, #2614, #5194, #7766, #608, #6493, #7678, #701, #3288, #2657, #3844, #3200, #5776, #5234, #7806, #4604 ),
 .UNSPECIFIED., .F., .F.,
 ( 4, 1, 1, 1, 1, 1, 1, 1, 1, 1, 1, 1, 1, 1, 1, 1, 4 ),
 ( 0.000000000000000000, 0.04815454264842897181, 0.09417229453311828924, 0.1388572744033595152, 0.1833007576101428615, 0.2294244443116113530, 0.2772870437703829904, 0.3286287119873013696, 0.3838911525703535554, 0.4434435809890852620, 0.5077020242864302979, 0.5766247833844129200, 0.6502359161600441695, 0.7294148677619851640, 0.8142948365452324921, 0.9044344238753029286, 1.000000000000000000 ),
 .UNSPECIFIED. ) ;
#5117 = CARTESIAN_POINT ( 'NONE',  ( -19.59020058938581954, 35.97321160017983033, 172.9423896823714699 ) ) ;
#5118 = CARTESIAN_POINT ( 'NONE',  ( -47.38375157091996215, 36.27103467937912029, 173.2402127615707172 ) ) ;
#5119 = ORIENTED_EDGE ( 'NONE', *, *, #7307, .T. ) ;
#5120 = CARTESIAN_POINT ( 'NONE',  ( 306.0000000000001705, 48.66798638612777239, -113.6651313653071043 ) ) ;
#5121 = EDGE_CURVE ( 'NONE', #3626, #494, #6597, .T. ) ;
#5122 = CARTESIAN_POINT ( 'NONE',  ( 26.29708592164008252, 31.53553079020338146, 168.5047088723950139 ) ) ;
#5123 = CARTESIAN_POINT ( 'NONE',  ( 301.0000000000000000, 36.70996273442095514, -100.8930461196805624 ) ) ;
#5124 = VECTOR ( 'NONE', #7033, 1000.000000000000114 ) ;
#5125 = ORIENTED_EDGE ( 'NONE', *, *, #6029, .T. ) ;
#5126 = CARTESIAN_POINT ( 'NONE',  ( 306.0000000000000000, 50.63054645356283601, -132.9682059094869828 ) ) ;
#5127 = ORIENTED_EDGE ( 'NONE', *, *, #4920, .F. ) ;
#5128 = CARTESIAN_POINT ( 'NONE',  ( -36.12769810216727961, 44.51018400141023079, 181.4793620836019272 ) ) ;
#5129 = EDGE_LOOP ( 'NONE', ( #6804, #1952, #4196, #2561 ) ) ;
#5130 = AXIS2_PLACEMENT_3D ( 'NONE', #4894, #7504, #6902 ) ;
#5132 = EDGE_CURVE ( 'NONE', #4542, #7389, #2167, .T. ) ;
#5131 = CARTESIAN_POINT ( 'NONE',  ( -2.360572431585783004, 48.43968347566397625, 185.4088615578555164 ) ) ;
#5133 = CARTESIAN_POINT ( 'NONE',  ( 72.22621366891692674, 34.16779784015157162, 171.1369759223431686 ) ) ;
#5134 = CARTESIAN_POINT ( 'NONE',  ( -29.32905522485741301, 35.84922645908083183, 165.7473367294069817 ) ) ;
#5135 = CARTESIAN_POINT ( 'NONE',  ( 23.28805088758841180, 32.16074744797114704, 162.0588577182972188 ) ) ;
#5136 = CARTESIAN_POINT ( 'NONE',  ( -33.32707484566373068, 34.53082681510247909, 164.4289370854285437 ) ) ;
#5137 = DIRECTION ( 'NONE',  ( -0.000000000000000000, -0.000000000000000000, 1.000000000000000000 ) ) ;
#5138 = ORIENTED_EDGE ( 'NONE', *, *, #5381, .T. ) ;
#5139 = CARTESIAN_POINT ( 'NONE',  ( 306.0000000000001705, 44.36149025942089708, -109.8882574321654317 ) ) ;
#5140 = ORIENTED_EDGE ( 'NONE', *, *, #3490, .F. ) ;
#5141 = EDGE_CURVE ( 'NONE', #4602, #3767, #47, .T. ) ;
#5142 = CARTESIAN_POINT ( 'NONE',  ( -65.85308717129730383, 46.32688074071425888, 183.2960588229057635 ) ) ;
#5143 = CARTESIAN_POINT ( 'NONE',  ( 306.0000000000000000, 50.46824754109720601, -102.4432568878073226 ) ) ;
#5144 = VECTOR ( 'NONE', #6131, 1000.000000000000000 ) ;
#5145 = LINE ( 'NONE', #3151, #7081 ) ;
#5146 = DIRECTION ( 'NONE',  ( 0.9723873019805175932, 0.1650195972408286249, 0.1650195972408262657 ) ) ;
#5147 = CARTESIAN_POINT ( 'NONE',  ( 301.0000000000000000, 38.13054645356284311, -157.9682059094869828 ) ) ;
#5148 = ORIENTED_EDGE ( 'NONE', *, *, #4524, .F. ) ;
#5149 = CARTESIAN_POINT ( 'NONE',  ( -32.79331758108306616, 30.98213447699344769, 160.8802447473195230 ) ) ;
#5150 = LOCAL_TIME ( 9, 59, 42.00000000000000000, #4686 ) ;
#5151 = FACE_OUTER_BOUND ( 'NONE', #4893, .T. ) ;
#5152 = CARTESIAN_POINT ( 'NONE',  ( -31.36607682877747649, 49.38498030282153906, 179.2830905731477174 ) ) ;
#5153 = DIRECTION ( 'NONE',  ( 0.000000000000000000, 0.000000000000000000, 1.000000000000000000 ) ) ;
#5154 = CARTESIAN_POINT ( 'NONE',  ( -52.66503728630577541, 39.80989703575271932, 176.7790751179442452 ) ) ;
#5155 = LINE ( 'NONE', #4986, #3525 ) ;
#5156 = CARTESIAN_POINT ( 'NONE',  ( 16.89418241891692318, 30.98213447699344769, 160.8802447473195230 ) ) ;
#5157 = FACE_OUTER_BOUND ( 'NONE', #446, .T. ) ;
#5158 = CARTESIAN_POINT ( 'NONE',  ( 15.49942992916520446, 27.47212422840593149, 164.4413023105975356 ) ) ;
#5159 = ORIENTED_EDGE ( 'NONE', *, *, #1289, .F. ) ;
#5160 = EDGE_CURVE ( 'NONE', #4990, #4999, #6051, .T. ) ;
#5161 = CARTESIAN_POINT ( 'NONE',  ( -19.75295299774973401, 38.50435114664718839, 175.4735292288387996 ) ) ;
#5162 = DIRECTION ( 'NONE',  ( -1.000000000000000000, -0.000000000000000000, -0.000000000000000000 ) ) ;
#5163 = CARTESIAN_POINT ( 'NONE',  ( 96.49704700225025533, 31.27676230248784606, 161.1748725728139391 ) ) ;
#5164 = VERTEX_POINT ( 'NONE', #7490 ) ;
#5165 = CARTESIAN_POINT ( 'NONE',  ( 306.0000000000001137, 51.03943539124807671, -106.9116077641371447 ) ) ;
#5166 = DIRECTION ( 'NONE',  ( -0.000000000000000000, -0.7071067811865489050, 0.7071067811865460184 ) ) ;
#5167 = CARTESIAN_POINT ( 'NONE',  ( 306.0000000000000568, 45.69070772110849532, -104.4330291322028614 ) ) ;
#5168 = ORIENTED_EDGE ( 'NONE', *, *, #4207, .F. ) ;
#5169 = CARTESIAN_POINT ( 'NONE',  ( 306.0000000000000000, 20.21387978689617881, -70.46820590948696861 ) ) ;
#5170 = EDGE_CURVE ( 'NONE', #4427, #1842, #8202, .T. ) ;
#5171 = VERTEX_POINT ( 'NONE', #1021 ) ;
#5172 = CARTESIAN_POINT ( 'NONE',  ( -32.64357799774973756, 49.54368748314025339, 186.5128655653319072 ) ) ;
#5173 = ORIENTED_EDGE ( 'NONE', *, *, #8250, .T. ) ;
#5174 = ORIENTED_EDGE ( 'NONE', *, *, #1798, .F. ) ;
#5175 = CARTESIAN_POINT ( 'NONE',  ( 0.9454580888991809262, 49.46524565948114116, 179.3633559298072839 ) ) ;
#5176 = DIRECTION ( 'NONE',  ( 0.000000000000000000, 0.9157183343378701990, -0.4018207711872003873 ) ) ;
#5177 = DIRECTION ( 'NONE',  ( -0.000000000000000000, -0.7071067811865489050, 0.7071067811865460184 ) ) ;
#5178 = CARTESIAN_POINT ( 'NONE',  ( 17.21987271476669434, 27.44996649597876015, 164.4191445781702328 ) ) ;
#5179 = CARTESIAN_POINT ( 'NONE',  ( -59.42267055915377227, 40.68032596196213291, 170.5784362322882828 ) ) ;
#5180 = EDGE_CURVE ( 'NONE', #5639, #5394, #1141, .T. ) ;
#5181 = DIRECTION ( 'NONE',  ( 0.000000000000000000, 0.7071067811865461294, 0.7071067811865490160 ) ) ;
#5182 = EDGE_LOOP ( 'NONE', ( #970, #449, #5732, #2315 ) ) ;
#5183 = DIRECTION ( 'NONE',  ( 0.000000000000000000, 0.000000000000000000, 1.000000000000000000 ) ) ;
#5184 = ORIENTED_EDGE ( 'NONE', *, *, #909, .F. ) ;
#5185 = LINE ( 'NONE', #3751, #6658 ) ;
#5186 = DIRECTION ( 'NONE',  ( 0.000000000000000000, -0.000000000000000000, -1.000000000000000000 ) ) ;
#5187 = CYLINDRICAL_SURFACE ( 'NONE', #5061, 9.999999999999994671 ) ;
#5188 = VECTOR ( 'NONE', #8110, 1000.000000000000000 ) ;
#5189 = CARTESIAN_POINT ( 'NONE',  ( -8.470400914416400084, 49.54368748314026050, 186.5128655653319072 ) ) ;
#5190 = EDGE_CURVE ( 'NONE', #3881, #7738, #7524, .T. ) ;
#5191 = ADVANCED_FACE ( 'NONE', ( #6927, #2378 ), #5582, .T. ) ;
#5192 = ORIENTED_EDGE ( 'NONE', *, *, #5645, .F. ) ;
#5193 = CARTESIAN_POINT ( 'NONE',  ( -23.04854630485348110, 32.36335599100650740, 169.3325340731981328 ) ) ;
#5194 = CARTESIAN_POINT ( 'NONE',  ( -10.77805143458749626, 49.06697093663429854, 178.9650812069604058 ) ) ;
#5195 = CARTESIAN_POINT ( 'NONE',  ( 66.96579700225025533, 49.24905965764587989, 186.2182377398375195 ) ) ;
#5196 = VECTOR ( 'NONE', #7040, 1000.000000000000114 ) ;
#5197 = CARTESIAN_POINT ( 'NONE',  ( -54.13443616552465443, 31.72013974104028478, 168.6893178232318178 ) ) ;
#5198 = FACE_OUTER_BOUND ( 'NONE', #2509, .T. ) ;
#5199 = CARTESIAN_POINT ( 'NONE',  ( 19.53878488449769790, 31.40273945517837362, 168.3719175373701944 ) ) ;
#5200 = CARTESIAN_POINT ( 'NONE',  ( 7.334247302550203962, 39.24548042516985902, 169.1435906954960160 ) ) ;
#5201 = CARTESIAN_POINT ( 'NONE',  ( -54.38266968282567859, 35.49927476902866630, 172.4684528512202633 ) ) ;
#5202 = DIRECTION ( 'NONE',  ( 0.000000000000000000, 1.000000000000000000, 0.000000000000000000 ) ) ;
#5203 = VECTOR ( 'NONE', #2920, 1000.000000000000000 ) ;
#5204 = EDGE_LOOP ( 'NONE', ( #5904, #3902, #4705, #3167 ) ) ;
#5205 = LINE ( 'NONE', #2667, #108 ) ;
#5206 = CARTESIAN_POINT ( 'NONE',  ( 306.0000000000000000, 20.21387978689617881, -87.29763299282032563 ) ) ;
#5207 = CARTESIAN_POINT ( 'NONE',  ( -54.02257558503060153, 49.20313884222836975, 186.1723169244200733 ) ) ;
#5208 = CARTESIAN_POINT ( 'NONE',  ( 300.9999999999999432, 46.51907096746055004, -115.3937048806477037 ) ) ;
#5209 = VECTOR ( 'NONE', #3571, 1000.000000000000114 ) ;
#5210 = FACE_BOUND ( 'NONE', #7421, .T. ) ;
#5211 = CARTESIAN_POINT ( 'NONE',  ( 305.9999999999998863, 41.01879192095651661, -101.3975764758999105 ) ) ;
#5212 = ORIENTED_EDGE ( 'NONE', *, *, #6507, .F. ) ;
#5213 = CARTESIAN_POINT ( 'NONE',  ( -46.86290219365923804, 33.38529240370990436, 170.3544704859015440 ) ) ;
#5214 = AXIS2_PLACEMENT_3D ( 'NONE', #6023, #2692, #3330 ) ;
#5215 = ORIENTED_EDGE ( 'NONE', *, *, #1903, .T. ) ;
#5216 = CARTESIAN_POINT ( 'NONE',  ( 306.0000000000000000, 50.63054645356283601, -127.5515392428203114 ) ) ;
#5217 = ORIENTED_EDGE ( 'NONE', *, *, #4645, .F. ) ;
#5218 = CARTESIAN_POINT ( 'NONE',  ( 306.0000000000000568, 20.00247433461891688, -108.2903885439798302 ) ) ;
#5219 = CARTESIAN_POINT ( 'NONE',  ( -36.60953633073974345, 27.84949834623720832, 164.8186764284287165 ) ) ;
#5220 = LINE ( 'NONE', #2006, #2492 ) ;
#5221 = FACE_OUTER_BOUND ( 'NONE', #366, .T. ) ;
#5222 = CARTESIAN_POINT ( 'NONE',  ( 301.0000000000000000, 20.29165788111691526, -109.3775586147784509 ) ) ;
#5223 = CARTESIAN_POINT ( 'NONE',  ( 66.96579700225025533, 52.78459356357862475, 182.6827038339048102 ) ) ;
#5224 = ORIENTED_EDGE ( 'NONE', *, *, #6681, .T. ) ;
#5225 = ORIENTED_EDGE ( 'NONE', *, *, #3113, .F. ) ;
#5226 = ADVANCED_FACE ( 'NONE', ( #6174 ), #5459, .F. ) ;
#5227 = CARTESIAN_POINT ( 'NONE',  ( -22.25295299774973756, 38.41688351095354648, 168.3149937812796679 ) ) ;
#5228 = CARTESIAN_POINT ( 'NONE',  ( -63.78541375746794984, 28.66390049246476934, 165.6330785746563379 ) ) ;
#5229 = DIRECTION ( 'NONE',  ( 1.000000000000000000, 0.000000000000000000, 0.000000000000000000 ) ) ;
#5230 = CARTESIAN_POINT ( 'NONE',  ( -5.468489082213654484, 48.77526058394471420, 178.6733708542708712 ) ) ;
#5231 = B_SPLINE_CURVE_WITH_KNOTS ( 'NONE', 3,
 ( #4692, #7385, #3503, #6706, #8020, #7978, #269, #869, #2864, #2191, #4732, #3464, #1518, #4771, #1604, #6747, #4855, #959, #7427 ),
 .UNSPECIFIED., .F., .F.,
 ( 4, 1, 1, 1, 1, 1, 1, 1, 1, 1, 1, 1, 1, 1, 1, 1, 4 ),
 ( 0.000000000000000000, 0.06888622926303156202, 0.1343939231902420428, 0.1969682099330414826, 0.2573857542600965775, 0.3158696283858021814, 0.3728374701341621855, 0.4292100923639458054, 0.4854786210832591209, 0.5423195472782961213, 0.6000680401638830430, 0.6598636101454365965, 0.7218457968767981736, 0.7860962798930558604, 0.8537579444553781149, 0.9250552416452589855, 1.000000000000000000 ),
 .UNSPECIFIED. ) ;
#5232 = ORIENTED_EDGE ( 'NONE', *, *, #2809, .F. ) ;
#5233 = CARTESIAN_POINT ( 'NONE',  ( -335.9999999999999432, -73.86697205968057744, 115.3244233150094402 ) ) ;
#5234 = CARTESIAN_POINT ( 'NONE',  ( -13.49012653729557165, 42.89338531543680233, 172.7914955857628456 ) ) ;
#5235 = CARTESIAN_POINT ( 'NONE',  ( -29.29920946702422668, 48.04702858337022775, 177.9451388536963634 ) ) ;
#5236 = CARTESIAN_POINT ( 'NONE',  ( -53.09751464938256049, 33.43172312700978921, 170.4009012092013791 ) ) ;
#5237 = CARTESIAN_POINT ( 'NONE',  ( -49.02530399407967110, 41.62652436564251701, 171.5246346359686811 ) ) ;
#5238 = CARTESIAN_POINT ( 'NONE',  ( 17.18064075225025888, 34.51766838292617479, 164.4157786532522607 ) ) ;
#5239 = CARTESIAN_POINT ( 'NONE',  ( -14.35119802075291062, 48.45536397605850709, 185.4245420582501822 ) ) ;
#5240 = DIRECTION ( 'NONE',  ( -0.9908437429386243167, -0.09546904492917653029, -0.09546904492917177021 ) ) ;
#5241 = CARTESIAN_POINT ( 'NONE',  ( -66.21844306627275500, 41.02931696505805093, 177.9984950472496052 ) ) ;
#5242 = ORIENTED_EDGE ( 'NONE', *, *, #45, .F. ) ;
#5243 = CARTESIAN_POINT ( 'NONE',  ( 301.0000000000000000, 36.67872353689617881, -192.5059663261536400 ) ) ;
#5244 = FACE_OUTER_BOUND ( 'NONE', #7058, .T. ) ;
#5245 = CARTESIAN_POINT ( 'NONE',  ( -37.71543318075013218, 28.17724732142256983, 165.1464254036141597 ) ) ;
#5246 = DIRECTION ( 'NONE',  ( -1.000000000000000000, 0.000000000000000000, 0.000000000000000000 ) ) ;
#5247 = B_SPLINE_SURFACE_WITH_KNOTS ( 'NONE', 3, 1, ( 
 ( #8049, #3017 ),
 ( #3578, #2262 ),
 ( #6182, #1632 ),
 ( #7412, #5593 ),
 ( #4210, #2425 ),
 ( #5006, #4370 ),
 ( #339, #5554 ),
 ( #8128, #5510 ),
 ( #6437, #2467 ),
 ( #7791, #5091 ),
 ( #5134, #2599 ),
 ( #2556, #8298 ),
 ( #6387, #7662 ),
 ( #7705, #4589 ),
 ( #7161, #4415 ),
 ( #6983, #3784 ),
 ( #5809, #5046 ),
 ( #3959, #5716 ),
 ( #8254, #8388 ) ),
 .UNSPECIFIED., .F., .F., .F.,
 ( 4, 1, 1, 1, 1, 1, 1, 1, 1, 1, 1, 1, 1, 1, 1, 1, 4 ),
 ( 2, 2 ),
 ( 0.000000000000000000, 0.05859659131916807734, 0.1138765050099538600, 0.1666507806367442390, 0.2175021826071213693, 0.2665448272776155814, 0.3159134923023790842, 0.3652536452456269234, 0.4164580329854863372, 0.4707775555086324837, 0.5298334347791722188, 0.5936710593844521933, 0.6639228997882449246, 0.7391616651840796637, 0.8195892901477201953, 0.9069928982240744730, 1.000000000000000000 ),
 ( 0.000000000000000000, 1.000000000000000000 ),
 .UNSPECIFIED. ) ;
#5248 = CARTESIAN_POINT ( 'NONE',  ( 26.76010540254954151, 33.57809891437478456, 170.5472769965664099 ) ) ;
#5249 = EDGE_CURVE ( 'NONE', #2342, #6225, #977, .T. ) ;
#5250 = FACE_OUTER_BOUND ( 'NONE', #2525, .T. ) ;
#5251 = VERTEX_POINT ( 'NONE', #6213 ) ;
#5252 = CARTESIAN_POINT ( 'NONE',  ( -57.60451549774973046, 27.44660057106069928, 164.4157786532522323 ) ) ;
#5253 = ORIENTED_EDGE ( 'NONE', *, *, #6563, .F. ) ;
#5254 = CARTESIAN_POINT ( 'NONE',  ( -60.54568588928420070, 27.66038655811726699, 164.6295646403088995 ) ) ;
#5255 = ORIENTED_EDGE ( 'NONE', *, *, #6681, .F. ) ;
#5256 = CARTESIAN_POINT ( 'NONE',  ( 3.000333836793713349, 44.52652495316231551, 174.4246352234885080 ) ) ;
#5257 = VECTOR ( 'NONE', #6793, 1000.000000000000000 ) ;
#5258 = CARTESIAN_POINT ( 'NONE',  ( -43.25674404788463079, 37.48942667668610085, 167.3875369470122507 ) ) ;
#5259 = LINE ( 'NONE', #7834, #3166 ) ;
#5260 = CARTESIAN_POINT ( 'NONE',  ( -281.0000000000000000, 80.00000000000000000, -348.0308219178082254 ) ) ;
#5261 = CARTESIAN_POINT ( 'NONE',  ( -3.155618252304082105, 40.34009215284952177, 170.2382024231755793 ) ) ;
#5262 = DIRECTION ( 'NONE',  ( -0.000000000000000000, -0.7071067811865489050, 0.7071067811865460184 ) ) ;
#5263 = VERTEX_POINT ( 'NONE', #4199 ) ;
#5264 = ORIENTED_EDGE ( 'NONE', *, *, #7256, .F. ) ;
#5265 = CARTESIAN_POINT ( 'NONE',  ( -4.639708961419516164, 32.47149524215404170, 169.4406733243455392 ) ) ;
#5266 = CARTESIAN_POINT ( 'NONE',  ( -62.06452964569759700, 37.45640202962435694, 167.3545122999504997 ) ) ;
#5267 = PLANE ( 'NONE',  #8300 ) ;
#5268 = VECTOR ( 'NONE', #2942, 1000.000000000000000 ) ;
#5269 = DIRECTION ( 'NONE',  ( 1.000000000000000000, -0.000000000000000000, -0.000000000000000000 ) ) ;
#5270 = ORIENTED_EDGE ( 'NONE', *, *, #2664, .F. ) ;
#5271 = EDGE_CURVE ( 'NONE', #7573, #3626, #4238, .T. ) ;
#5272 = CARTESIAN_POINT ( 'NONE',  ( 13.58038033558359103, 36.09208582541182864, 173.0612639076034327 ) ) ;
#5273 = CARTESIAN_POINT ( 'NONE',  ( -335.9999999999999432, -73.86697205968057744, 115.3244233150094402 ) ) ;
#5274 = DIRECTION ( 'NONE',  ( 1.000000000000000000, -0.000000000000000000, -0.000000000000000000 ) ) ;
#5275 = VECTOR ( 'NONE', #7564, 1000.000000000000114 ) ;
#5276 = CARTESIAN_POINT ( 'NONE',  ( -36.98606515034028064, 37.35791018554084530, 167.2560204558670023 ) ) ;
#5277 = CARTESIAN_POINT ( 'NONE',  ( -56.36869445316828120, 31.00032726966743013, 160.8984375399935516 ) ) ;
#5278 = CARTESIAN_POINT ( 'NONE',  ( 21.06712458363038820, 34.97006958584341874, 171.9392476680351933 ) ) ;
#5279 = CARTESIAN_POINT ( 'NONE',  ( -12.23118588408649110, 49.16749785498898717, 186.1366759371805983 ) ) ;
#5280 = CARTESIAN_POINT ( 'NONE',  ( -32.73472383108307326, 49.54368748314027471, 179.4417977534664317 ) ) ;
#5281 = CARTESIAN_POINT ( 'NONE',  ( -65.12127378201834915, 39.71186700234084554, 176.6810450845324283 ) ) ;
#5282 = VECTOR ( 'NONE', #5906, 1000.000000000000000 ) ;
#5283 = VERTEX_POINT ( 'NONE', #454 ) ;
#5284 = CARTESIAN_POINT ( 'NONE',  ( 13.61524490170222812, 38.16803853572287863, 168.0661488060490001 ) ) ;
#5285 = ADVANCED_FACE ( 'NONE', ( #2254 ), #6888, .T. ) ;
#5286 = FACE_OUTER_BOUND ( 'NONE', #3756, .T. ) ;
#5287 = CARTESIAN_POINT ( 'NONE',  ( -13.43987094048863362, 40.35709565792136999, 170.2552059282475057 ) ) ;
#5288 = DIRECTION ( 'NONE',  ( 0.000000000000000000, 0.000000000000000000, -1.000000000000000000 ) ) ;
#5289 = CARTESIAN_POINT ( 'NONE',  ( 69.58298450225025533, 27.74122839655510120, 164.7104064787466484 ) ) ;
#5290 = CARTESIAN_POINT ( 'NONE',  ( -335.9999999999999432, -53.90640872115755400, -301.0474397647021192 ) ) ;
#5291 = ORIENTED_EDGE ( 'NONE', *, *, #2793, .F. ) ;
#5292 = CARTESIAN_POINT ( 'NONE',  ( -55.18219382448614141, 27.55833435526415798, 164.5275124374557265 ) ) ;
#5293 = ADVANCED_FACE ( 'NONE', ( #4916 ), #1399, .T. ) ;
#5294 = ORIENTED_EDGE ( 'NONE', *, *, #2534, .T. ) ;
#5295 = EDGE_CURVE ( 'NONE', #3619, #1251, #1269, .T. ) ;
#5296 = CARTESIAN_POINT ( 'NONE',  ( -59.61056102914624688, 27.53935747744002072, 164.5085355596315537 ) ) ;
#5297 = ORIENTED_EDGE ( 'NONE', *, *, #1142, .T. ) ;
#5298 = CARTESIAN_POINT ( 'NONE',  ( 2.047898403645175947, 47.71892606184550800, 177.6170363321716366 ) ) ;
#5299 = DIRECTION ( 'NONE',  ( -0.000000000000000000, 0.000000000000000000, 1.000000000000000000 ) ) ;
#5300 = DIRECTION ( 'NONE',  ( -0.000000000000000000, -0.7071067811865489050, 0.7071067811865460184 ) ) ;
#5301 = CARTESIAN_POINT ( 'NONE',  ( 17.85703500838996050, 30.99208530931656469, 160.8901955796427217 ) ) ;
#5302 = CARTESIAN_POINT ( 'NONE',  ( -7.111781126596844693, 34.62488523153650988, 164.5229955018626242 ) ) ;
#5303 = CARTESIAN_POINT ( 'NONE',  ( -59.61056102914624688, 31.07489138337275847, 160.9730016536988160 ) ) ;
#5304 = ORIENTED_EDGE ( 'NONE', *, *, #5190, .T. ) ;
#5305 = ORIENTED_EDGE ( 'NONE', *, *, #8334, .T. ) ;
#5306 = CARTESIAN_POINT ( 'NONE',  ( -7.111781126596844693, 34.62488523153650988, 164.5229955018626242 ) ) ;
#5307 = DIRECTION ( 'NONE',  ( 0.000000000000000000, 0.9308380375108222804, 0.3654320017773497464 ) ) ;
#5308 = CYLINDRICAL_SURFACE ( 'NONE', #2902, 10.00000000000000888 ) ;
#5309 = CARTESIAN_POINT ( 'NONE',  ( -4.300222968073665442, 47.56166584150659560, 177.4597761118327810 ) ) ;
#5310 = CARTESIAN_POINT ( 'NONE',  ( -59.54079941866852010, 52.97976117800432405, 182.8778714483304952 ) ) ;
#5311 = B_SPLINE_CURVE_WITH_KNOTS ( 'NONE', 3,
 ( #1002, #6078, #4304, #2277, #6233, #434, #272, #5525, #1690, #7470, #2909, #1648, #6868, #2866, #2236, #4858, #1728, #6908, #3506 ),
 .UNSPECIFIED., .F., .F.,
 ( 4, 1, 1, 1, 1, 1, 1, 1, 1, 1, 1, 1, 1, 1, 1, 1, 4 ),
 ( 0.000000000000000000, 0.04510669722761705830, 0.08816397885543143798, 0.1304709200892869292, 0.1733279083273026322, 0.2173404269196000660, 0.2641630142886556287, 0.3143342892068510808, 0.3685555886151463678, 0.4275640897852742150, 0.4919029933815469158, 0.5617457246118896519, 0.6372182823699618082, 0.7184734246850045247, 0.8058019866969700074, 0.8997694595999516931, 1.000000000000000000 ),
 .UNSPECIFIED. ) ;
#5312 = CARTESIAN_POINT ( 'NONE',  ( 16.54582874111257595, 31.00105891369289779, 167.9702369958845054 ) ) ;
#5313 =( NAMED_UNIT ( * ) PLANE_ANGLE_UNIT ( ) SI_UNIT ( $, .RADIAN. ) );
#5314 = CARTESIAN_POINT ( 'NONE',  ( -57.79331758108306616, 40.22608250188007162, 170.1241927722061860 ) ) ;
#5315 = ORIENTED_EDGE ( 'NONE', *, *, #2243, .T. ) ;
#5316 = CARTESIAN_POINT ( 'NONE',  ( 301.0000000000000000, 27.71387978689617526, -85.45518507615365422 ) ) ;
#5317 = CARTESIAN_POINT ( 'NONE',  ( -49.62835271066576581, 29.40199151491776064, 166.3711695971092297 ) ) ;
#5318 = CARTESIAN_POINT ( 'NONE',  ( 306.0000000000000000, 0.000000000000000000, -274.3250455023379573 ) ) ;
#5319 = ADVANCED_FACE ( 'NONE', ( #7608 ), #3264, .T. ) ;
#5320 = CARTESIAN_POINT ( 'NONE',  ( -51.17508475014427916, 51.69397821687087458, 181.5920884871970884 ) ) ;
#5321 = CARTESIAN_POINT ( 'NONE',  ( -29.88468213256944495, 45.10604213433078513, 182.0752202165223821 ) ) ;
#5322 = CARTESIAN_POINT ( 'NONE',  ( 306.0000000000000568, 46.04052676966755797, -106.0513679482107534 ) ) ;
#5323 = ORIENTED_EDGE ( 'NONE', *, *, #7905, .T. ) ;
#5324 = VECTOR ( 'NONE', #5045, 1000.000000000000114 ) ;
#5325 = CARTESIAN_POINT ( 'NONE',  ( 13.73133087802038155, 37.03656322808596713, 166.9346734984121099 ) ) ;
#5326 = CARTESIAN_POINT ( 'NONE',  ( 105.4618907522502695, 31.27676230248784606, 161.1748725728139391 ) ) ;
#5327 = CARTESIAN_POINT ( 'NONE',  ( 21.08038033558359814, 39.68746600839812544, 169.5855762787242611 ) ) ;
#5328 = CARTESIAN_POINT ( 'NONE',  ( 306.0000000000000000, 0.000000000000000000, -373.0308219178082254 ) ) ;
#5329 = CARTESIAN_POINT ( 'NONE',  ( -19.74476516818036487, 41.60081748324049045, 171.4989277535666190 ) ) ;
#5330 = CARTESIAN_POINT ( 'NONE',  ( -47.66961966441640186, 43.97798371716022103, 180.9471617993518180 ) ) ;
#5331 = VECTOR ( 'NONE', #5385, 1000.000000000000000 ) ;
#5332 = AXIS2_PLACEMENT_3D ( 'NONE', #3782, #7574, #1235 ) ;
#5333 = EDGE_CURVE ( 'NONE', #2279, #1973, #3132, .T. ) ;
#5334 = ORIENTED_EDGE ( 'NONE', *, *, #1717, .F. ) ;
#5335 = ORIENTED_EDGE ( 'NONE', *, *, #3580, .F. ) ;
#5336 = CARTESIAN_POINT ( 'NONE',  ( -37.66961966441640186, 41.75446434663224693, 171.6525746169583613 ) ) ;
#5337 = ORIENTED_EDGE ( 'NONE', *, *, #8212, .T. ) ;
#5338 = AXIS2_PLACEMENT_3D ( 'NONE', #5038, #8377, #1998 ) ;
#5339 = CARTESIAN_POINT ( 'NONE',  ( -13.43987094048863362, 36.82156175198863224, 173.7907398341802150 ) ) ;
#5340 = CARTESIAN_POINT ( 'NONE',  ( 41.49704700225026244, 49.24905965764588700, 179.1471699279720440 ) ) ;
#5341 = ADVANCED_FACE ( 'NONE', ( #7150 ), #7591, .T. ) ;
#5342 = LINE ( 'NONE', #4708, #1132 ) ;
#5343 = PLANE ( 'NONE',  #4673 ) ;
#5344 = VECTOR ( 'NONE', #8353, 1000.000000000000000 ) ;
#5345 = CARTESIAN_POINT ( 'NONE',  ( -63.06846911809958556, 41.90579781316005636, 171.8039080834862489 ) ) ;
#5346 = CARTESIAN_POINT ( 'NONE',  ( -67.99701322304429141, 37.12252105603867847, 167.0206313263647928 ) ) ;
#5347 = ORIENTED_EDGE ( 'NONE', *, *, #6516, .T. ) ;
#5348 = ORIENTED_EDGE ( 'NONE', *, *, #2803, .F. ) ;
#5349 = CARTESIAN_POINT ( 'NONE',  ( -22.45175773927975271, 42.76691480439013304, 179.7360928865817584 ) ) ;
#5350 = CARTESIAN_POINT ( 'NONE',  ( -30.52272537926056373, 31.38757926141320809, 168.3567573436047837 ) ) ;
#5351 = FACE_OUTER_BOUND ( 'NONE', #6862, .T. ) ;
#5352 = CARTESIAN_POINT ( 'NONE',  ( -4.625655220729519179, 48.02983988886703770, 177.9279501591932160 ) ) ;
#5353 = CARTESIAN_POINT ( 'NONE',  ( -39.43724575685918410, 47.92529975838783685, 184.8944778405794978 ) ) ;
#5354 = LINE ( 'NONE', #7377, #5936 ) ;
#5355 = CARTESIAN_POINT ( 'NONE',  ( -57.56545299774973046, 49.54368748314021076, 186.5128655653319640 ) ) ;
#5356 = ORIENTED_EDGE ( 'NONE', *, *, #261, .F. ) ;
#5357 = DIRECTION ( 'NONE',  ( 0.000000000000000000, 0.000000000000000000, 1.000000000000000000 ) ) ;
#5358 = CARTESIAN_POINT ( 'NONE',  ( 301.0000000000000000, 50.63054645356283601, -193.5346121594869828 ) ) ;
#5359 = FACE_OUTER_BOUND ( 'NONE', #7949, .T. ) ;
#5360 = CARTESIAN_POINT ( 'NONE',  ( -50.02533933492895102, 50.90751789254640869, 180.8056281628726083 ) ) ;
#5361 = CARTESIAN_POINT ( 'NONE',  ( -28.60237039289240712, 43.34867575940718609, 180.3178538415987475 ) ) ;
#5362 = LINE ( 'NONE', #5873, #8039 ) ;
#5363 = ORIENTED_EDGE ( 'NONE', *, *, #3840, .T. ) ;
#5364 = FACE_OUTER_BOUND ( 'NONE', #5637, .T. ) ;
#5365 = EDGE_CURVE ( 'NONE', #3819, #4540, #3905, .T. ) ;
#5366 = CARTESIAN_POINT ( 'NONE',  ( -58.49364346652649971, 41.59053907825069274, 178.5597171604423465 ) ) ;
#5367 = CARTESIAN_POINT ( 'NONE',  ( 300.9999999999999432, 25.39929030331300552, -108.9985795868937259 ) ) ;
#5368 = CARTESIAN_POINT ( 'NONE',  ( -3.760705558856034969, 42.93740166167366823, 179.9065797438652510 ) ) ;
#5369 = CARTESIAN_POINT ( 'NONE',  ( 306.0000000000000000, 31.04721312022951096, -105.8848725761536542 ) ) ;
#5370 = CARTESIAN_POINT ( 'NONE',  ( 306.0000000000000000, 20.21387978689617881, -127.5515392428203114 ) ) ;
#5371 = ORIENTED_EDGE ( 'NONE', *, *, #4935, .F. ) ;
#5372 = ORIENTED_EDGE ( 'NONE', *, *, #4346, .T. ) ;
#5373 = CARTESIAN_POINT ( 'NONE',  ( -67.82242731949710901, 36.61686828866324106, 166.5149785589893838 ) ) ;
#5374 = EDGE_CURVE ( 'NONE', #6177, #1729, #6065, .T. ) ;
#5375 = ORIENTED_EDGE ( 'NONE', *, *, #2764, .T. ) ;
#5376 = CARTESIAN_POINT ( 'NONE',  ( -11.66909379247886136, 32.08925523933514512, 169.0584333215266781 ) ) ;
#5377 = CARTESIAN_POINT ( 'NONE',  ( 72.22621366891692674, 34.16779784015157162, 171.1369759223431686 ) ) ;
#5378 = CARTESIAN_POINT ( 'NONE',  ( -56.78026359345349761, 49.51973761381925954, 179.4178478841453739 ) ) ;
#5379 = DIRECTION ( 'NONE',  ( -0.1759316998766089213, 0.000000000000000000, -0.9844023755449428092 ) ) ;
#5380 = DIRECTION ( 'NONE',  ( -0.000000000000000000, -1.000000000000000000, -0.000000000000000000 ) ) ;
#5381 = EDGE_CURVE ( 'NONE', #1745, #1447, #6003, .T. ) ;
#5382 = ORIENTED_EDGE ( 'NONE', *, *, #5580, .F. ) ;
#5383 = VECTOR ( 'NONE', #4103, 1000.000000000000000 ) ;
#5384 = CARTESIAN_POINT ( 'NONE',  ( -3.386710525268084915, 35.30511566680071667, 172.2742937489921360 ) ) ;
#5385 = DIRECTION ( 'NONE',  ( 0.000000000000000000, -1.000000000000000000, 0.000000000000000000 ) ) ;
#5386 = CYLINDRICAL_SURFACE ( 'NONE', #6417, 25.00000000000002132 ) ;
#5387 = CARTESIAN_POINT ( 'NONE',  ( -3.086286331083071488, 42.03067793303323185, 171.9287882033593462 ) ) ;
#5388 = VECTOR ( 'NONE', #6604, 1000.000000000000000 ) ;
#5389 = CARTESIAN_POINT ( 'NONE',  ( -41.72473817507441396, 45.87587635811738807, 182.8450544403090134 ) ) ;
#5390 = CARTESIAN_POINT ( 'NONE',  ( -335.9999999999999432, -53.90640872115755400, -311.0474397647021192 ) ) ;
#5391 = EDGE_CURVE ( 'NONE', #1275, #3709, #2203, .T. ) ;
#5392 = DATE_AND_TIME ( #4808, #7169 ) ;
#5393 = CARTESIAN_POINT ( 'NONE',  ( -61.44395195550715272, 41.29927978977504921, 171.1973900601011565 ) ) ;
#5394 = VERTEX_POINT ( 'NONE', #4151 ) ;
#5395 = CARTESIAN_POINT ( 'NONE',  ( -37.65912697984600044, 40.89775302166221138, 170.7958632919883826 ) ) ;
#5396 = VECTOR ( 'NONE', #1807, 1000.000000000000000 ) ;
#5397 = FACE_OUTER_BOUND ( 'NONE', #7381, .T. ) ;
#5398 = DIRECTION ( 'NONE',  ( 1.000000000000000000, -0.000000000000000000, -0.000000000000000000 ) ) ;
#5399 = PLANE ( 'NONE',  #6928 ) ;
#5400 = CARTESIAN_POINT ( 'NONE',  ( -57.53840436364227884, 40.15721463680368686, 170.0553249071298296 ) ) ;
#5401 = DIRECTION ( 'NONE',  ( 0.000000000000000000, -0.7071067811865461294, -0.7071067811865489050 ) ) ;
#5402 = VERTEX_POINT ( 'NONE', #5330 ) ;
#5403 = LINE ( 'NONE', #2115, #6464 ) ;
#5404 = CARTESIAN_POINT ( 'NONE',  ( -1.349264395210885814, 29.03941220823350378, 166.0085902904250190 ) ) ;
#5405 = CARTESIAN_POINT ( 'NONE',  ( 300.9999999999999432, 30.79532325680062854, -111.2982408423026328 ) ) ;
#5406 = CARTESIAN_POINT ( 'NONE',  ( -3.254934950204970701, 40.93021308440110317, 177.8993911665927783 ) ) ;
#5407 = CARTESIAN_POINT ( 'NONE',  ( 105.4618907522502695, 31.27676230248784606, 161.1748725728139391 ) ) ;
#5408 = CARTESIAN_POINT ( 'NONE',  ( -60.13986875306507329, 48.55820723789370419, 178.4563175082198256 ) ) ;
#5409 = DIRECTION ( 'NONE',  ( -0.000000000000000000, -0.000000000000000000, 1.000000000000000000 ) ) ;
#5410 = AXIS2_PLACEMENT_3D ( 'NONE', #4654, #3943, #5877 ) ;
#5411 = EDGE_CURVE ( 'NONE', #6371, #429, #1941, .T. ) ;
#5412 = ORIENTED_EDGE ( 'NONE', *, *, #8166, .T. ) ;
#5413 = EDGE_LOOP ( 'NONE', ( #301, #7611, #7226, #1452 ) ) ;
#5414 = CARTESIAN_POINT ( 'NONE',  ( -60.39832004321718273, 44.62996145275258186, 181.5991395349441859 ) ) ;
#5415 = ORIENTED_EDGE ( 'NONE', *, *, #4669, .F. ) ;
#5416 = DIRECTION ( 'NONE',  ( 1.000000000000000000, -0.000000000000000000, -0.000000000000000000 ) ) ;
#5417 = DIRECTION ( 'NONE',  ( 0.000000000000000000, 0.000000000000000000, 1.000000000000000000 ) ) ;
#5418 = CARTESIAN_POINT ( 'NONE',  ( -281.0000000000000000, 80.00000000000000000, -348.0308219178082254 ) ) ;
#5419 = EDGE_CURVE ( 'NONE', #773, #7344, #3997, .T. ) ;
#5420 = DIRECTION ( 'NONE',  ( 0.000000000000000000, 0.000000000000000000, -1.000000000000000000 ) ) ;
#5421 = VERTEX_POINT ( 'NONE', #5370 ) ;
#5422 = CARTESIAN_POINT ( 'NONE',  ( 306.0000000000000000, 20.21387978689617881, -149.2182059094869828 ) ) ;
#5423 = VERTEX_POINT ( 'NONE', #5882 ) ;
#5424 = CARTESIAN_POINT ( 'NONE',  ( -3.155618252304082105, 40.34009215284952177, 170.2382024231755793 ) ) ;
#5425 = CARTESIAN_POINT ( 'NONE',  ( -66.69620020792919490, 44.64228502095414797, 181.6114631031458089 ) ) ;
#5426 = CARTESIAN_POINT ( 'NONE',  ( 306.0000000000000000, 50.63054645356283601, -151.7182059094869828 ) ) ;
#5427 = ADVANCED_FACE ( 'NONE', ( #5250 ), #2400, .T. ) ;
#5428 = CARTESIAN_POINT ( 'NONE',  ( 8.738753158991009684, 30.08121339098382307, 167.0503914731754378 ) ) ;
#5429 = EDGE_CURVE ( 'NONE', #2391, #4807, #924, .T. ) ;
#5430 = CARTESIAN_POINT ( 'NONE',  ( 306.0000000000000000, 23.54721312022951096, -112.8965913261536542 ) ) ;
#5431 = CARTESIAN_POINT ( 'NONE',  ( -52.66503728630577541, 43.34543094168540023, 173.2435412120115643 ) ) ;
#5432 = ORIENTED_EDGE ( 'NONE', *, *, #4357, .F. ) ;
#5433 = CARTESIAN_POINT ( 'NONE',  ( -65.71228570677645564, 43.87547023994504514, 173.7735805102712163 ) ) ;
#5434 = ORIENTED_EDGE ( 'NONE', *, *, #8225, .F. ) ;
#5435 = CARTESIAN_POINT ( 'NONE',  ( -37.20191584723648504, 37.95219044798039931, 167.8503007183064426 ) ) ;
#5436 = CARTESIAN_POINT ( 'NONE',  ( 35.24704700225026244, 27.74122839655510120, 164.7104064787466484 ) ) ;
#5437 = FACE_OUTER_BOUND ( 'NONE', #1804, .T. ) ;
#5438 = CARTESIAN_POINT ( 'NONE',  ( -55.22542373591832643, 39.41247268218636179, 169.3105829525125330 ) ) ;
#5439 = DIRECTION ( 'NONE',  ( 0.000000000000000000, 0.000000000000000000, 1.000000000000000000 ) ) ;
#5440 = ADVANCED_FACE ( 'NONE', ( #4191 ), #6520, .T. ) ;
#5441 = ADVANCED_FACE ( 'NONE', ( #1012 ), #5617, .T. ) ;
#5442 = DIRECTION ( 'NONE',  ( 0.000000000000000000, 0.000000000000000000, 1.000000000000000000 ) ) ;
#5443 = ORIENTED_EDGE ( 'NONE', *, *, #7555, .F. ) ;
#5444 = DIRECTION ( 'NONE',  ( 0.000000000000000000, 0.7071067811865489050, -0.7071067811865460184 ) ) ;
#5445 = CARTESIAN_POINT ( 'NONE',  ( 305.9999999999998863, 22.10163912792451768, -99.16791667378662112 ) ) ;
#5446 = CARTESIAN_POINT ( 'NONE',  ( -8.444359247749735786, 30.98213447699342638, 167.9513125591849985 ) ) ;
#5447 = CARTESIAN_POINT ( 'NONE',  ( -3.557867257382769655, 42.31615702406836732, 179.2853351062600495 ) ) ;
#5448 = CARTESIAN_POINT ( 'NONE',  ( 335.9999999999999432, 47.27351010919175422, -274.3250455023379573 ) ) ;
#5449 = CARTESIAN_POINT ( 'NONE',  ( -41.84694830475866212, 34.76633705708110256, 164.6644473274072027 ) ) ;
#5450 = CARTESIAN_POINT ( 'NONE',  ( -13.21328964132247208, 41.68750501262111641, 178.6566830948128768 ) ) ;
#5451 = VECTOR ( 'NONE', #3026, 1000.000000000000000 ) ;
#5452 = ORIENTED_EDGE ( 'NONE', *, *, #488, .T. ) ;
#5453 = ORIENTED_EDGE ( 'NONE', *, *, #2229, .T. ) ;
#5454 = CARTESIAN_POINT ( 'NONE',  ( -65.68701357650783734, 29.94470320465211444, 166.9138812868436048 ) ) ;
#5455 = VERTEX_POINT ( 'NONE', #4952 ) ;
#5456 = VECTOR ( 'NONE', #6488, 1000.000000000000000 ) ;
#5457 = CARTESIAN_POINT ( 'NONE',  ( -13.50295299774973579, 42.03067793303323185, 171.9287882033593462 ) ) ;
#5458 = VECTOR ( 'NONE', #6203, 1000.000000000000000 ) ;
#5459 = PLANE ( 'NONE',  #2500 ) ;
#5460 = CARTESIAN_POINT ( 'NONE',  ( -57.31154674774973756, 30.98213447699342993, 167.9513125591850269 ) ) ;
#5461 = CARTESIAN_POINT ( 'NONE',  ( 301.0000000000000000, 50.63054645356283601, -193.5346121594869828 ) ) ;
#5462 = VECTOR ( 'NONE', #3653, 1000.000000000000000 ) ;
#5463 = ORIENTED_EDGE ( 'NONE', *, *, #414, .T. ) ;
#5464 = CARTESIAN_POINT ( 'NONE',  ( -22.45175773927975271, 46.30244871032287790, 176.2005589806490491 ) ) ;
#5465 = EDGE_CURVE ( 'NONE', #2850, #5609, #4314, .T. ) ;
#5466 = VERTEX_POINT ( 'NONE', #3124 ) ;
#5467 = AXIS2_PLACEMENT_3D ( 'NONE', #7413, #7329, #2935 ) ;
#5468 = DIRECTION ( 'NONE',  ( 0.000000000000000000, -1.000000000000000000, 0.000000000000000000 ) ) ;
#5469 = B_SPLINE_CURVE_WITH_KNOTS ( 'NONE', 3,
 ( #4308, #1769, #1170, #7595, #3077, #1047, #6872, #7474, #7514, #2954, #5649, #3760, #1696, #7637, #6320, #520, #3638, #8271, #4390 ),
 .UNSPECIFIED., .F., .F.,
 ( 4, 1, 1, 1, 1, 1, 1, 1, 1, 1, 1, 1, 1, 1, 1, 1, 4 ),
 ( 0.000000000000000000, 0.08293440464628648590, 0.1610894680972369264, 0.2347247659038214918, 0.3040901782290976740, 0.3696765897509404208, 0.4321361563726849320, 0.4913031328970505762, 0.5485552770612339701, 0.6035181268264162568, 0.6571686525788972277, 0.7106238765018833003, 0.7641687694519578855, 0.8190930755636849359, 0.8761387633110852002, 0.9364273170266249613, 1.000000000000000000 ),
 .UNSPECIFIED. ) ;
#5470 = DIRECTION ( 'NONE',  ( 0.000000000000000000, -0.9791300786950063451, 0.2032345664366934368 ) ) ;
#5471 = CARTESIAN_POINT ( 'NONE',  ( 41.49704700225026244, 45.71352575171314214, 182.6827038339047817 ) ) ;
#5472 = CARTESIAN_POINT ( 'NONE',  ( 11.23376264349523090, 28.34380858712853168, 165.3129866693201109 ) ) ;
#5473 = CARTESIAN_POINT ( 'NONE',  ( -66.83628633108305905, 46.93346909165089187, 176.8315793619770488 ) ) ;
#5474 = VECTOR ( 'NONE', #3230, 1000.000000000000114 ) ;
#5475 = CARTESIAN_POINT ( 'NONE',  ( 7.330380335583599916, 39.56316989451768507, 169.4612801648438278 ) ) ;
#5476 = ORIENTED_EDGE ( 'NONE', *, *, #3172, .T. ) ;
#5477 = DATE_TIME_ROLE ( 'creation_date' ) ;
#5478 = CARTESIAN_POINT ( 'NONE',  ( -28.03420299774973046, 44.82964227522997191, 174.7277525455561431 ) ) ;
#5479 = VERTEX_POINT ( 'NONE', #4354 ) ;
#5480 = ADVANCED_FACE ( 'NONE', ( #3727 ), #7642, .F. ) ;
#5481 = CYLINDRICAL_SURFACE ( 'NONE', #3713, 9.999999999999994671 ) ;
#5482 = CARTESIAN_POINT ( 'NONE',  ( -12.32868584379843213, 44.05634576032845473, 181.0255238425201014 ) ) ;
#5483 = PLANE ( 'NONE',  #2220 ) ;
#5484 = CARTESIAN_POINT ( 'NONE',  ( -54.84557083706345537, 52.89054682363016724, 182.7886570939563740 ) ) ;
#5485 = CARTESIAN_POINT ( 'NONE',  ( 21.07432375429410953, 39.07826439127069307, 168.9763746615968216 ) ) ;
#5486 = CARTESIAN_POINT ( 'NONE',  ( 301.0000000000000000, 20.21387978689617881, -87.29763299282032563 ) ) ;
#5487 = ORIENTED_EDGE ( 'NONE', *, *, #3365, .F. ) ;
#5488 = CARTESIAN_POINT ( 'NONE',  ( -11.25433105976195769, 31.74644858714843920, 168.7156266693400255 ) ) ;
#5489 = CARTESIAN_POINT ( 'NONE',  ( 0.9708806394050292221, 34.59199238404782051, 164.4901026543739135 ) ) ;
#5490 = CARTESIAN_POINT ( 'NONE',  ( -50.57786128599458664, 47.78712666841215650, 184.7563047506038174 ) ) ;
#5491 = ADVANCED_FACE ( 'NONE', ( #7772 ), #3252, .T. ) ;
#5492 = CARTESIAN_POINT ( 'NONE',  ( 301.0000000000000000, 34.45842926382709948, -94.64347767095141251 ) ) ;
#5493 = CARTESIAN_POINT ( 'NONE',  ( -47.66961966441640186, 47.51351762309296589, 177.4116278934191087 ) ) ;
#5494 = CARTESIAN_POINT ( 'NONE',  ( -42.39746173509005445, 35.61487777611817052, 165.5129880464442920 ) ) ;
#5495 = CARTESIAN_POINT ( 'NONE',  ( -13.50295299774973579, 38.49514402710044436, 175.4643221092921408 ) ) ;
#5496 = ORIENTED_EDGE ( 'NONE', *, *, #3476, .T. ) ;
#5497 = ORIENTED_EDGE ( 'NONE', *, *, #883, .F. ) ;
#5498 = LINE ( 'NONE', #2292, #5144 ) ;
#5499 = ORIENTED_EDGE ( 'NONE', *, *, #5696, .T. ) ;
#5500 = ADVANCED_FACE ( 'NONE', ( #1813 ), #3853, .T. ) ;
#5501 = B_SPLINE_SURFACE_WITH_KNOTS ( 'NONE', 3, 1, ( 
 ( #5899, #6692 ),
 ( #897, #2810 ),
 ( #7926, #3489 ),
 ( #5306, #7250 ),
 ( #4126, #738 ),
 ( #2135, #1504 ),
 ( #7880, #7327 ),
 ( #2689, #2096 ),
 ( #3327, #5265 ),
 ( #211, #6020 ),
 ( #2054, #4046 ),
 ( #6647, #854 ),
 ( #3405, #253 ),
 ( #3450, #5384 ),
 ( #7841, #7207 ),
 ( #5424, #7963 ),
 ( #1423, #4008 ),
 ( #2851, #6568 ),
 ( #8004, #2217 ) ),
 .UNSPECIFIED., .F., .F., .F.,
 ( 4, 1, 1, 1, 1, 1, 1, 1, 1, 1, 1, 1, 1, 1, 1, 1, 4 ),
 ( 2, 2 ),
 ( 0.000000000000000000, 0.05249602090068822974, 0.1013673201907882987, 0.1487571369293913814, 0.1954540529938507132, 0.2421714951762523049, 0.2903214437575148965, 0.3416586935712675466, 0.3961793526616594896, 0.4548175549058890987, 0.5179892241357743066, 0.5854363329328483578, 0.6581255992520433917, 0.7356726998143772178, 0.8182477291090868299, 0.9064805023116703220, 1.000000000000000000 ),
 ( 0.000000000000000000, 1.000000000000000000 ),
 .UNSPECIFIED. ) ;
#5502 = CARTESIAN_POINT ( 'NONE',  ( -13.49882254373829227, 41.74061694313942183, 171.6387272134655575 ) ) ;
#5503 = CARTESIAN_POINT ( 'NONE',  ( -60.58628633108306616, 47.26952895510542163, 177.1676392254315715 ) ) ;
#5504 = CARTESIAN_POINT ( 'NONE',  ( -62.06452964569759700, 33.92086812369161208, 170.8900462058832090 ) ) ;
#5505 = DIRECTION ( 'NONE',  ( 0.000000000000000000, -0.9130342604405264906, 0.4078828744404707773 ) ) ;
#5506 = EDGE_LOOP ( 'NONE', ( #8054, #8035, #7320, #5315 ) ) ;
#5507 = PLANE ( 'NONE',  #6468 ) ;
#5508 = ORIENTED_EDGE ( 'NONE', *, *, #5108, .T. ) ;
#5509 = CARTESIAN_POINT ( 'NONE',  ( 301.0000000000000000, 25.21387978689617526, -170.0515392428203256 ) ) ;
#5510 = CARTESIAN_POINT ( 'NONE',  ( -30.17539828819698755, 31.56528212010357137, 168.5344602022950937 ) ) ;
#5511 = CARTESIAN_POINT ( 'NONE',  ( 301.0000000000000000, 50.63054645356283601, -127.5515392428203114 ) ) ;
#5512 = CARTESIAN_POINT ( 'NONE',  ( 16.89418241891692318, 30.98213447699344769, 160.8802447473195230 ) ) ;
#5513 = ADVANCED_FACE ( 'NONE', ( #5742 ), #3895, .T. ) ;
#5514 = CARTESIAN_POINT ( 'NONE',  ( -36.74668793348264728, 43.53270344658312752, 180.5018815287748737 ) ) ;
#5515 = CARTESIAN_POINT ( 'NONE',  ( -43.75734436262619198, 44.44078489078192717, 174.3388951611080415 ) ) ;
#5516 = VERTEX_POINT ( 'NONE', #6368 ) ;
#5517 = CARTESIAN_POINT ( 'NONE',  ( 21.08038033558359814, 52.78459356357862475, 182.6827038339048102 ) ) ;
#5518 = ORIENTED_EDGE ( 'NONE', *, *, #5249, .F. ) ;
#5519 = CARTESIAN_POINT ( 'NONE',  ( -60.57422555029451416, 47.10136289640120566, 176.9994731667273413 ) ) ;
#5520 = CARTESIAN_POINT ( 'NONE',  ( 301.0000000000000000, 20.21387978689617881, -121.3015392428203256 ) ) ;
#5521 = DIRECTION ( 'NONE',  ( 1.000000000000000000, -0.000000000000000000, -0.000000000000000000 ) ) ;
#5522 = CARTESIAN_POINT ( 'NONE',  ( -335.9999999999999432, -74.71787448395015474, -328.4730072434720682 ) ) ;
#5523 = CARTESIAN_POINT ( 'NONE',  ( 19.53878488449769790, 34.93827336111119308, 164.8363836314373714 ) ) ;
#5524 = VECTOR ( 'NONE', #7677, 1000.000000000000000 ) ;
#5525 = CARTESIAN_POINT ( 'NONE',  ( -35.76193385120126322, 44.90939659441987430, 181.8785746766114926 ) ) ;
#5526 = ADVANCED_FACE ( 'NONE', ( #8277 ), #2490, .T. ) ;
#5527 = ORIENTED_EDGE ( 'NONE', *, *, #1277, .F. ) ;
#5528 = FACE_OUTER_BOUND ( 'NONE', #981, .T. ) ;
#5529 = CARTESIAN_POINT ( 'NONE',  ( 3.155442567865962999, 41.60696930870742705, 171.5050795790336053 ) ) ;
#5530 = LINE ( 'NONE', #8191, #118 ) ;
#5531 = VECTOR ( 'NONE', #7093, 1000.000000000000000 ) ;
#5532 = CARTESIAN_POINT ( 'NONE',  ( 301.0000000000001705, 20.03347484078972940, -103.3117380294721528 ) ) ;
#5533 = CARTESIAN_POINT ( 'NONE',  ( 301.0000000000000000, 35.88238965393543367, -100.8876571634177139 ) ) ;
#5534 = DIRECTION ( 'NONE',  ( 0.000000000000000000, 0.000000000000000000, -1.000000000000000000 ) ) ;
#5535 = CARTESIAN_POINT ( 'NONE',  ( -54.02257558503060153, 49.20313884222831291, 186.1723169244201301 ) ) ;
#5536 = ADVANCED_FACE ( 'NONE', ( #3765 ), #1859, .T. ) ;
#5537 = ORIENTED_EDGE ( 'NONE', *, *, #7555, .T. ) ;
#5538 = DIRECTION ( 'NONE',  ( -1.000000000000000000, 0.000000000000000000, -0.000000000000000000 ) ) ;
#5539 = EDGE_CURVE ( 'NONE', #2758, #8114, #2578, .T. ) ;
#5540 = CARTESIAN_POINT ( 'NONE',  ( -60.55932493030788066, 47.73163370180381548, 177.6297439721299725 ) ) ;
#5541 = VERTEX_POINT ( 'NONE', #7098 ) ;
#5542 = CARTESIAN_POINT ( 'NONE',  ( 305.9999999999994884, 40.07987475557928292, -95.02252769119097309 ) ) ;
#5543 = AXIS2_PLACEMENT_3D ( 'NONE', #2461, #4449, #7526 ) ;
#5544 = CARTESIAN_POINT ( 'NONE',  ( 301.0000000000000000, 20.21387978689617881, -132.9682059094869828 ) ) ;
#5545 = ADVANCED_FACE ( 'NONE', ( #5157 ), #7804, .T. ) ;
#5546 = EDGE_CURVE ( 'NONE', #6512, #6514, #2663, .T. ) ;
#5547 = EDGE_LOOP ( 'NONE', ( #1071, #6196, #4651, #6187 ) ) ;
#5548 = DIRECTION ( 'NONE',  ( 0.000000000000000000, -1.000000000000000000, -0.000000000000000000 ) ) ;
#5549 = VERTEX_POINT ( 'NONE', #1989 ) ;
#5550 = VECTOR ( 'NONE', #3373, 1000.000000000000114 ) ;
#5551 = DIRECTION ( 'NONE',  ( 0.000000000000000000, 0.7071067811865461294, 0.7071067811865490160 ) ) ;
#5552 = ORIENTED_EDGE ( 'NONE', *, *, #6090, .T. ) ;
#5553 = CARTESIAN_POINT ( 'NONE',  ( -49.62835271066576581, 32.93752542085046997, 162.8356356911765488 ) ) ;
#5554 = CARTESIAN_POINT ( 'NONE',  ( -30.52272537926056373, 31.38757926141323651, 168.3567573436047553 ) ) ;
#5555 = DIRECTION ( 'NONE',  ( 1.000000000000000000, 0.000000000000000000, 0.000000000000000000 ) ) ;
#5556 = CARTESIAN_POINT ( 'NONE',  ( 72.22621366891692674, 37.70333174608431648, 167.6014420164104592 ) ) ;
#5557 = CARTESIAN_POINT ( 'NONE',  ( -40.28866203019163095, 47.32939767243061624, 184.2985757546222771 ) ) ;
#5558 = VERTEX_POINT ( 'NONE', #4100 ) ;
#5559 = CARTESIAN_POINT ( 'NONE',  ( 306.0000000000002274, 40.52027663543088920, -111.3314524796320200 ) ) ;
#5560 = ORIENTED_EDGE ( 'NONE', *, *, #404, .T. ) ;
#5561 = CARTESIAN_POINT ( 'NONE',  ( 301.0000000000000000, 19.79721312022951096, -117.1348725761536542 ) ) ;
#5562 = CARTESIAN_POINT ( 'NONE',  ( 2.779729254610590061, 42.13169435936565321, 179.1008724415572431 ) ) ;
#5563 = DIRECTION ( 'NONE',  ( 1.000000000000000000, -0.000000000000000000, -0.000000000000000000 ) ) ;
#5564 = CARTESIAN_POINT ( 'NONE',  ( 26.91371366891692674, 36.25781397725243238, 173.2269920594440293 ) ) ;
#5565 = DIRECTION ( 'NONE',  ( -0.9510081491181220370, -0.2186132433213092419, -0.2186132433213092419 ) ) ;
#5566 = CC_DESIGN_DATE_AND_TIME_ASSIGNMENT ( #5392, #7971, ( #265 ) ) ;
#5567 = EDGE_LOOP ( 'NONE', ( #3435, #3057, #8117, #6448 ) ) ;
#5568 = B_SPLINE_SURFACE_WITH_KNOTS ( 'NONE', 3, 1, ( 
 ( #345, #428 ),
 ( #6151, #5559 ),
 ( #1035, #3708 ),
 ( #386, #2352 ),
 ( #8305, #3791 ),
 ( #5855, #693 ),
 ( #7711, #4464 ),
 ( #8259, #5139 ),
 ( #3833, #5096 ),
 ( #3921, #7625 ),
 ( #2517, #2605 ),
 ( #550, #1201 ),
 ( #1927, #3234 ),
 ( #5814, #1843 ),
 ( #4420, #1884 ) ),
 .UNSPECIFIED., .F., .F., .F.,
 ( 4, 1, 1, 1, 1, 1, 1, 1, 1, 1, 1, 1, 4 ),
 ( 2, 2 ),
 ( 0.000000000000000000, 0.1102269672499833347, 0.2103816558575524742, 0.3010803441087110954, 0.3827976210517506361, 0.4554136722215988975, 0.5194350311703060941, 0.5761976658153828978, 0.6261181379965865546, 0.7180774661156040795, 0.8098331188392255964, 0.9025871623566612545, 1.000000000000000000 ),
 ( 0.000000000000000000, 1.000000000000000000 ),
 .UNSPECIFIED. ) ;
#5569 = CARTESIAN_POINT ( 'NONE',  ( -9.090710387053080765, 31.00003980733600883, 167.9692178895276413 ) ) ;
#5570 = CARTESIAN_POINT ( 'NONE',  ( 306.0000000000000000, 50.63054645356283601, -151.7182059094869828 ) ) ;
#5571 = CARTESIAN_POINT ( 'NONE',  ( -29.58404221811859003, 35.56405036399917208, 165.4621606343253006 ) ) ;
#5572 = PLANE ( 'NONE',  #3927 ) ;
#5573 = FACE_OUTER_BOUND ( 'NONE', #4754, .T. ) ;
#5574 = FACE_OUTER_BOUND ( 'NONE', #2888, .T. ) ;
#5575 = CARTESIAN_POINT ( 'NONE',  ( 301.0000000000000000, 32.29721312022951452, -79.07497674282032563 ) ) ;
#5576 = VERTEX_POINT ( 'NONE', #7140 ) ;
#5577 = FACE_OUTER_BOUND ( 'NONE', #4847, .T. ) ;
#5578 = CARTESIAN_POINT ( 'NONE',  ( 24.36990850285939558, 32.78646364889794995, 162.6845739192240501 ) ) ;
#5579 = ORIENTED_EDGE ( 'NONE', *, *, #2613, .T. ) ;
#5580 = EDGE_CURVE ( 'NONE', #6381, #1513, #6623, .T. ) ;
#5581 = CARTESIAN_POINT ( 'NONE',  ( -24.96725288625021832, 29.79513143039978473, 166.7643095125914101 ) ) ;
#5582 = PLANE ( 'NONE',  #325 ) ;
#5583 = VECTOR ( 'NONE', #1965, 1000.000000000000114 ) ;
#5584 = ORIENTED_EDGE ( 'NONE', *, *, #7121, .F. ) ;
#5585 = DIRECTION ( 'NONE',  ( 1.000000000000000000, 0.000000000000000000, 0.000000000000000000 ) ) ;
#5586 = ORIENTED_EDGE ( 'NONE', *, *, #6041, .F. ) ;
#5587 = CARTESIAN_POINT ( 'NONE',  ( 306.0000000000000000, 38.13054645356284311, -167.1348725761536684 ) ) ;
#5588 = ORIENTED_EDGE ( 'NONE', *, *, #5249, .T. ) ;
#5589 = VECTOR ( 'NONE', #6156, 1000.000000000000227 ) ;
#5590 = ORIENTED_EDGE ( 'NONE', *, *, #6258, .T. ) ;
#5591 = EDGE_CURVE ( 'NONE', #3534, #3270, #224, .T. ) ;
#5592 = CARTESIAN_POINT ( 'NONE',  ( -335.9999999999999432, -52.40044383621697932, 89.70254495192531863 ) ) ;
#5593 = CARTESIAN_POINT ( 'NONE',  ( -31.75670269636173160, 31.03833351218800019, 168.0075115943794799 ) ) ;
#5594 = CARTESIAN_POINT ( 'NONE',  ( 26.44909682259161343, 31.98751794093167433, 168.9566960231230723 ) ) ;
#5595 = VECTOR ( 'NONE', #5417, 1000.000000000000000 ) ;
#5596 = VECTOR ( 'NONE', #2873, 1000.000000000000114 ) ;
#5597 = FACE_OUTER_BOUND ( 'NONE', #4465, .T. ) ;
#5598 = CARTESIAN_POINT ( 'NONE',  ( -43.91961966441640186, 38.41227995118014604, 175.3814580333718141 ) ) ;
#5599 = ORIENTED_EDGE ( 'NONE', *, *, #5808, .T. ) ;
#5600 = CARTESIAN_POINT ( 'NONE',  ( 301.0000000000000000, 35.02507770356284311, -94.63487257615366843 ) ) ;
#5601 = ORIENTED_EDGE ( 'NONE', *, *, #6809, .F. ) ;
#5602 = VECTOR ( 'NONE', #2426, 1000.000000000000000 ) ;
#5603 = DIRECTION ( 'NONE',  ( 1.000000000000000000, -0.000000000000000000, -0.000000000000000000 ) ) ;
#5604 = CARTESIAN_POINT ( 'NONE',  ( -23.42806237961969984, 45.20925510128982694, 182.1784331834814168 ) ) ;
#5605 = CARTESIAN_POINT ( 'NONE',  ( -60.55932493030788066, 44.19609979587106352, 181.1652778780626818 ) ) ;
#5606 = CARTESIAN_POINT ( 'NONE',  ( 305.9999999999998863, 31.85827821820323535, -101.0701806620793235 ) ) ;
#5607 = FACE_OUTER_BOUND ( 'NONE', #2371, .T. ) ;
#5608 = VECTOR ( 'NONE', #5269, 1000.000000000000000 ) ;
#5609 = VERTEX_POINT ( 'NONE', #144 ) ;
#5610 = DIRECTION ( 'NONE',  ( 0.000000000000000000, 0.000000000000000000, -1.000000000000000000 ) ) ;
#5611 = CARTESIAN_POINT ( 'NONE',  ( -33.95166115341844915, 53.05278197332919632, 182.9508922436553462 ) ) ;
#5612 = CARTESIAN_POINT ( 'NONE',  ( -28.15691884799403155, 38.38611842106381999, 168.2842286913898704 ) ) ;
#5613 = CARTESIAN_POINT ( 'NONE',  ( 26.91371366891692674, 52.78459356357862475, 182.6827038339048102 ) ) ;
#5614 = CARTESIAN_POINT ( 'NONE',  ( 301.0000000000001705, 45.69070772110849532, -104.4330291322028614 ) ) ;
#5615 = CARTESIAN_POINT ( 'NONE',  ( -32.73472383108307326, 46.00815357720752985, 182.9773316593991694 ) ) ;
#5616 = DIRECTION ( 'NONE',  ( 1.000000000000000000, -0.000000000000000000, 0.000000000000000000 ) ) ;
#5617 = PLANE ( 'NONE',  #4121 ) ;
#5618 = ORIENTED_EDGE ( 'NONE', *, *, #3848, .F. ) ;
#5619 = EDGE_CURVE ( 'NONE', #159, #3819, #6581, .T. ) ;
#5620 = LINE ( 'NONE', #7483, #3642 ) ;
#5621 = CARTESIAN_POINT ( 'NONE',  ( 18.78542185272588583, 31.04822898228741224, 160.9463392526134555 ) ) ;
#5622 = EDGE_LOOP ( 'NONE', ( #7452, #1313, #6683, #6824 ) ) ;
#5623 = CARTESIAN_POINT ( 'NONE',  ( 0.9454580888991809262, 49.46524565948114116, 179.3633559298072839 ) ) ;
#5624 = CARTESIAN_POINT ( 'NONE',  ( -3.557867257382769655, 45.85169093000111218, 175.7498012003273118 ) ) ;
#5625 = ORIENTED_EDGE ( 'NONE', *, *, #7893, .T. ) ;
#5626 = CARTESIAN_POINT ( 'NONE',  ( -3.563051191461435341, 34.63406592629860370, 171.6032440084902646 ) ) ;
#5627 = ADVANCED_FACE ( 'NONE', ( #3381 ), #7664, .T. ) ;
#5628 = EDGE_LOOP ( 'NONE', ( #3906, #3010, #4287, #6295 ) ) ;
#5629 = CARTESIAN_POINT ( 'NONE',  ( -9.090710387053080765, 34.53557371326874659, 164.4336839835949320 ) ) ;
#5630 = VERTEX_POINT ( 'NONE', #2068 ) ;
#5631 = CARTESIAN_POINT ( 'NONE',  ( 20.80796341029799734, 32.94480347549590249, 169.9139815576874639 ) ) ;
#5632 = CYLINDRICAL_SURFACE ( 'NONE', #1276, 9.999999999999994671 ) ;
#5633 = CARTESIAN_POINT ( 'NONE',  ( 26.76010540254954151, 37.11363282030752941, 167.0117430906336722 ) ) ;
#5634 = CARTESIAN_POINT ( 'NONE',  ( 7.334247302550203962, 39.24548042516985902, 169.1435906954960160 ) ) ;
#5635 = EDGE_CURVE ( 'NONE', #5786, #5646, #7305, .T. ) ;
#5636 = CARTESIAN_POINT ( 'NONE',  ( -38.49804227149878244, 48.42288249011085810, 185.3920605723024835 ) ) ;
#5637 = EDGE_LOOP ( 'NONE', ( #3541, #5217, #1224, #6129, #7418, #2454, #2132, #709, #4144, #896, #3507, #4664, #7240, #6152, #1460 ) ) ;
#5638 = CARTESIAN_POINT ( 'NONE',  ( 98.05954700225025533, 52.78459356357862475, 182.6827038339048102 ) ) ;
#5639 = VERTEX_POINT ( 'NONE', #1001 ) ;
#5640 = CARTESIAN_POINT ( 'NONE',  ( -8.724849209775964454, 46.00138666092814788, 182.9705647431198088 ) ) ;
#5641 = CARTESIAN_POINT ( 'NONE',  ( 305.9999999999999432, 44.33326330951255301, -96.24918461498489819 ) ) ;
#5642 = PLANE ( 'NONE',  #6255 ) ;
#5643 = CARTESIAN_POINT ( 'NONE',  ( 305.9999999999998863, 24.81425745640766678, -105.7634997772233874 ) ) ;
#5644 = CARTESIAN_POINT ( 'NONE',  ( -32.93516102812593971, 30.98658697086610658, 167.9557650530576893 ) ) ;
#5645 = EDGE_CURVE ( 'NONE', #117, #3403, #1244, .T. ) ;
#5646 = VERTEX_POINT ( 'NONE', #5564 ) ;
#5647 = CARTESIAN_POINT ( 'NONE',  ( -28.02118216441640186, 38.93708576534209698, 168.8351960356682184 ) ) ;
#5648 = CARTESIAN_POINT ( 'NONE',  ( -38.49804227149878244, 51.95841639604362427, 181.8565266663697173 ) ) ;
#5649 = CARTESIAN_POINT ( 'NONE',  ( -0.4827161456304013276, 33.16170639068096904, 163.0598166610070905 ) ) ;
#5650 = CARTESIAN_POINT ( 'NONE',  ( 305.9999999999998863, 30.21389026105794073, -95.03289015614933533 ) ) ;
#5651 = CARTESIAN_POINT ( 'NONE',  ( 301.0000000000000568, 46.04052676966755797, -106.0513679482107534 ) ) ;
#5652 = CARTESIAN_POINT ( 'NONE',  ( 306.0000000000000000, 25.66888794616118119, -109.4020252713095971 ) ) ;
#5653 = FACE_BOUND ( 'NONE', #7277, .T. ) ;
#5654 = DIRECTION ( 'NONE',  ( -0.000000000000000000, 0.000000000000000000, 1.000000000000000000 ) ) ;
#5655 = CARTESIAN_POINT ( 'NONE',  ( -57.61102591441640186, 49.54368748314027471, 179.4417977534664317 ) ) ;
#5656 = ORIENTED_EDGE ( 'NONE', *, *, #7893, .F. ) ;
#5657 = VECTOR ( 'NONE', #6178, 1000.000000000000000 ) ;
#5658 = CARTESIAN_POINT ( 'NONE',  ( 79.83038033558359814, 45.59383319760604536, 182.5630112797976778 ) ) ;
#5659 = PLANE ( 'NONE',  #3671 ) ;
#5660 = EDGE_LOOP ( 'NONE', ( #2017, #7549, #1662, #5499 ) ) ;
#5661 = CARTESIAN_POINT ( 'NONE',  ( 305.9999999999994884, 46.70087829103010080, -97.52526093576122435 ) ) ;
#5662 = EDGE_CURVE ( 'NONE', #5639, #3544, #7107, .T. ) ;
#5663 = CARTESIAN_POINT ( 'NONE',  ( 305.9999999999998863, 36.70996273442095514, -100.8930461196805624 ) ) ;
#5664 = VECTOR ( 'NONE', #1983, 1000.000000000000000 ) ;
#5665 = ORIENTED_EDGE ( 'NONE', *, *, #3924, .T. ) ;
#5666 = LINE ( 'NONE', #7696, #7561 ) ;
#5667 = CC_DESIGN_DATE_AND_TIME_ASSIGNMENT ( #4764, #5477, ( #915 ) ) ;
#5668 = ORIENTED_EDGE ( 'NONE', *, *, #5141, .F. ) ;
#5669 = DIRECTION ( 'NONE',  ( 1.000000000000000000, -0.000000000000000000, -0.000000000000000000 ) ) ;
#5670 = ORIENTED_EDGE ( 'NONE', *, *, #2389, .T. ) ;
#5671 = DIRECTION ( 'NONE',  ( 0.9919647339147785736, -0.08945939489339034545, -0.08945939489338795847 ) ) ;
#5672 = FACE_OUTER_BOUND ( 'NONE', #236, .T. ) ;
#5673 = CARTESIAN_POINT ( 'NONE',  ( 301.0000000000000000, 38.13054645356284311, -157.9682059094869828 ) ) ;
#5674 = CARTESIAN_POINT ( 'NONE',  ( 26.29708592164008252, 35.07106469613612632, 164.9691749664623046 ) ) ;
#5675 = VECTOR ( 'NONE', #4015, 1000.000000000000000 ) ;
#5676 = CARTESIAN_POINT ( 'NONE',  ( 7.341685093927407202, 35.09889708019332488, 172.0680751623849574 ) ) ;
#5677 = DIRECTION ( 'NONE',  ( -1.000000000000000000, 0.000000000000000000, 0.000000000000000000 ) ) ;
#5678 = VERTEX_POINT ( 'NONE', #2358 ) ;
#5679 = CARTESIAN_POINT ( 'NONE',  ( 3.163713668916934285, 38.50435114664718839, 175.4735292288387996 ) ) ;
#5680 = ORIENTED_EDGE ( 'NONE', *, *, #6029, .F. ) ;
#5681 = EDGE_CURVE ( 'NONE', #5516, #5576, #2948, .T. ) ;
#5682 = LINE ( 'NONE', #8262, #2084 ) ;
#5683 = CARTESIAN_POINT ( 'NONE',  ( 96.49704700225025533, 31.27676230248784606, 161.1748725728139391 ) ) ;
#5684 = CARTESIAN_POINT ( 'NONE',  ( 106.0803803355835839, 37.67571038744421230, 167.5738206577703124 ) ) ;
#5685 = CARTESIAN_POINT ( 'NONE',  ( 301.0000000000000000, 24.80299000100406559, -106.2009528035903969 ) ) ;
#5686 = EDGE_CURVE ( 'NONE', #4999, #5630, #8101, .T. ) ;
#5687 = CARTESIAN_POINT ( 'NONE',  ( 301.0000000000000000, 32.29721312022951452, -84.43304965948698282 ) ) ;
#5688 = ORIENTED_EDGE ( 'NONE', *, *, #7032, .T. ) ;
#5689 = CARTESIAN_POINT ( 'NONE',  ( -22.32009287591624513, 34.58002561556972410, 171.5492036977613282 ) ) ;
#5690 = PLANE ( 'NONE',  #8113 ) ;
#5691 = LINE ( 'NONE', #6837, #4996 ) ;
#5692 = DIRECTION ( 'NONE',  ( 0.000000000000000000, -2.820008162170615690E-07, -0.9999999999999603650 ) ) ;
#5693 = EDGE_CURVE ( 'NONE', #6689, #7462, #270, .T. ) ;
#5694 = CARTESIAN_POINT ( 'NONE',  ( 301.0000000000000568, 39.03010957675714110, -101.0605491835753327 ) ) ;
#5695 = DIRECTION ( 'NONE',  ( -0.000000000000000000, -0.7071067811865489050, 0.7071067811865460184 ) ) ;
#5696 = EDGE_CURVE ( 'NONE', #4937, #4885, #7979, .T. ) ;
#5697 = CARTESIAN_POINT ( 'NONE',  ( 306.0000000000000000, 47.27351010919175422, -274.3250455023379573 ) ) ;
#5698 = DIRECTION ( 'NONE',  ( 0.000000000000000000, 1.000000000000000000, -0.000000000000000000 ) ) ;
#5699 = CARTESIAN_POINT ( 'NONE',  ( -57.31154674774973756, 34.51766838292617479, 164.4157786532522891 ) ) ;
#5700 = ORIENTED_EDGE ( 'NONE', *, *, #7846, .F. ) ;
#5701 = CARTESIAN_POINT ( 'NONE',  ( -335.9999999999999432, 48.13302794031941545, 61.32442331500944732 ) ) ;
#5702 = CARTESIAN_POINT ( 'NONE',  ( -46.87271869931166179, 34.81148770816263749, 171.7806657903542771 ) ) ;
#5703 = ORIENTED_EDGE ( 'NONE', *, *, #2297, .F. ) ;
#5704 = CARTESIAN_POINT ( 'NONE',  ( 306.0000000000001137, 42.61985524277396564, -116.9111950361104419 ) ) ;
#5705 = CARTESIAN_POINT ( 'NONE',  ( -1.392349339363824878, 51.48577718479706533, 181.3838874551232720 ) ) ;
#5706 = ADVANCED_FACE ( 'NONE', ( #3633 ), #4942, .T. ) ;
#5707 = CARTESIAN_POINT ( 'NONE',  ( 301.0000000000000000, 35.88238965393543367, -100.8876571634177139 ) ) ;
#5708 = EDGE_LOOP ( 'NONE', ( #5802, #7645, #4963, #8251 ) ) ;
#5709 = CARTESIAN_POINT ( 'NONE',  ( -4.313079361304998471, 32.93385264662702383, 169.9030307288185497 ) ) ;
#5710 = ORIENTED_EDGE ( 'NONE', *, *, #791, .T. ) ;
#5711 = CARTESIAN_POINT ( 'NONE',  ( -19.72885507944525685, 40.74764828501531611, 170.6457585553414162 ) ) ;
#5712 = VERTEX_POINT ( 'NONE', #3675 ) ;
#5713 = ORIENTED_EDGE ( 'NONE', *, *, #2372, .T. ) ;
#5714 = CARTESIAN_POINT ( 'NONE',  ( 335.9999999999999432, 48.23670732222217339, 61.96704619280065174 ) ) ;
#5715 = LINE ( 'NONE', #8297, #3158 ) ;
#5716 = CARTESIAN_POINT ( 'NONE',  ( -28.06735499956951685, 35.21413219000547201, 172.1833102721970192 ) ) ;
#5717 = CARTESIAN_POINT ( 'NONE',  ( 25.23126897944836955, 29.94901639858106535, 166.9181944807724562 ) ) ;
#5718 = CARTESIAN_POINT ( 'NONE',  ( 7.750026413353743315, 35.55545715459785328, 165.4535674249240174 ) ) ;
#5719 = VECTOR ( 'NONE', #7222, 1000.000000000000000 ) ;
#5720 = ADVANCED_FACE ( 'NONE', ( #433 ), #3029, .T. ) ;
#5721 = CARTESIAN_POINT ( 'NONE',  ( 91.08038033558358393, 31.27676230248784606, 161.1748725728139391 ) ) ;
#5722 = ORIENTED_EDGE ( 'NONE', *, *, #6424, .T. ) ;
#5723 = FACE_OUTER_BOUND ( 'NONE', #5660, .T. ) ;
#5724 = VERTEX_POINT ( 'NONE', #4815 ) ;
#5725 = VECTOR ( 'NONE', #1455, 1000.000000000000000 ) ;
#5726 = CARTESIAN_POINT ( 'NONE',  ( -66.21113568839814434, 49.32639082392595498, 179.2245010942521333 ) ) ;
#5727 = LINE ( 'NONE', #5769, #2766 ) ;
#5728 = VECTOR ( 'NONE', #2880, 1000.000000000000000 ) ;
#5729 = DIRECTION ( 'NONE',  ( 0.000000000000000000, 0.7071067811865459074, 0.7071067811865491270 ) ) ;
#5730 = CARTESIAN_POINT ( 'NONE',  ( 305.9999999999998863, 24.95278762390408644, -105.1311945503581455 ) ) ;
#5731 = DIRECTION ( 'NONE',  ( 1.000000000000000000, -0.000000000000000000, -0.000000000000000000 ) ) ;
#5732 = ORIENTED_EDGE ( 'NONE', *, *, #3430, .T. ) ;
#5733 = ADVANCED_FACE ( 'NONE', ( #311 ), #2276, .T. ) ;
#5734 = AXIS2_PLACEMENT_3D ( 'NONE', #5290, #2158, #3305 ) ;
#5735 = CARTESIAN_POINT ( 'NONE',  ( 301.0000000000000000, 45.63054645356284311, -157.9682059094869828 ) ) ;
#5736 = CARTESIAN_POINT ( 'NONE',  ( -39.43724575685918410, 51.46083366432058170, 181.3589439346467600 ) ) ;
#5737 = CARTESIAN_POINT ( 'NONE',  ( 306.0000000000000000, 20.21387978689617881, -151.7182059094869544 ) ) ;
#5738 = CARTESIAN_POINT ( 'NONE',  ( 306.0000000000000000, 19.79721312022951096, -105.7937267428203256 ) ) ;
#5739 = CARTESIAN_POINT ( 'NONE',  ( -52.66503728630577541, 43.34543094168540023, 173.2435412120115643 ) ) ;
#5740 = CARTESIAN_POINT ( 'NONE',  ( -32.73472383108307326, 46.00815357720752985, 182.9773316593991694 ) ) ;
#5741 = CARTESIAN_POINT ( 'NONE',  ( 10.26566664441628873, 32.34446518135521842, 162.2425754516812333 ) ) ;
#5742 = FACE_OUTER_BOUND ( 'NONE', #7125, .T. ) ;
#5743 = VECTOR ( 'NONE', #2557, 1000.000000000000114 ) ;
#5744 = CARTESIAN_POINT ( 'NONE',  ( 301.0000000000000000, 20.21387978689617881, -151.7182059094869828 ) ) ;
#5745 = ORIENTED_EDGE ( 'NONE', *, *, #1651, .F. ) ;
#5746 = DIRECTION ( 'NONE',  ( 0.000000000000000000, 0.000000000000000000, 1.000000000000000000 ) ) ;
#5747 = EDGE_CURVE ( 'NONE', #4165, #5678, #2567, .T. ) ;
#5748 = CARTESIAN_POINT ( 'NONE',  ( -55.40399466441639476, 40.62659220216148270, 177.5957702843531081 ) ) ;
#5749 = EDGE_LOOP ( 'NONE', ( #2338, #8378, #3440, #4194 ) ) ;
#5750 = CARTESIAN_POINT ( 'NONE',  ( 300.9999999999999432, 50.91427766675433020, -108.6518226853865201 ) ) ;
#5751 = CARTESIAN_POINT ( 'NONE',  ( 26.83745083723729508, 34.19001657854845178, 171.1591946607400416 ) ) ;
#5752 = DIRECTION ( 'NONE',  ( -1.000000000000000000, 0.000000000000000000, 0.000000000000000000 ) ) ;
#5753 = ORIENTED_EDGE ( 'NONE', *, *, #6358, .T. ) ;
#5754 = CARTESIAN_POINT ( 'NONE',  ( -3.086286331083071488, 42.03067793303323185, 171.9287882033593462 ) ) ;
#5755 = VERTEX_POINT ( 'NONE', #5772 ) ;
#5756 = ADVANCED_FACE ( 'NONE', ( #647 ), #2684, .T. ) ;
#5757 = CARTESIAN_POINT ( 'NONE',  ( -19.74476516818036487, 38.06528357730776690, 175.0344616594993283 ) ) ;
#5758 = ORIENTED_EDGE ( 'NONE', *, *, #6306, .F. ) ;
#5759 = CARTESIAN_POINT ( 'NONE',  ( -335.9999999999999432, -52.40044383621697932, 89.70254495192531863 ) ) ;
#5760 = CARTESIAN_POINT ( 'NONE',  ( 306.0000000000000000, 69.99999999999995737, 206.9691780821917462 ) ) ;
#5761 = DIRECTION ( 'NONE',  ( -0.1265146895399213434, -0.7014249900490477918, -0.7014249900490505674 ) ) ;
#5762 = CARTESIAN_POINT ( 'NONE',  ( 24.82584382103918230, 33.12933072651200206, 163.0274409968380667 ) ) ;
#5763 = CARTESIAN_POINT ( 'NONE',  ( 7.394668858566867620, 34.21925890098801659, 171.1884369831796846 ) ) ;
#5764 = CARTESIAN_POINT ( 'NONE',  ( -59.64868645211141285, 45.65253685300238828, 175.5506471233285879 ) ) ;
#5765 = EDGE_LOOP ( 'NONE', ( #7370, #1488 ) ) ;
#5766 = CARTESIAN_POINT ( 'NONE',  ( -2.311216237749631919, 28.54469082601209351, 165.5138689082036194 ) ) ;
#5767 = ORIENTED_EDGE ( 'NONE', *, *, #1127, .F. ) ;
#5768 = CARTESIAN_POINT ( 'NONE',  ( -54.74378760153977908, 45.28693335472880932, 182.2561114369205200 ) ) ;
#5769 = CARTESIAN_POINT ( 'NONE',  ( 7.330380335583599916, 49.24905965764587989, 186.2182377398375195 ) ) ;
#5770 = ADVANCED_FACE ( 'NONE', ( #4976 ), #3757, .T. ) ;
#5771 = CARTESIAN_POINT ( 'NONE',  ( -67.99701322304429141, 33.58698715010593361, 170.5561652322975306 ) ) ;
#5772 = CARTESIAN_POINT ( 'NONE',  ( 306.0000000000000000, 50.63054645356283601, -185.7481538261536400 ) ) ;
#5773 = CARTESIAN_POINT ( 'NONE',  ( -36.98606515034028064, 33.82237627960810045, 170.7915543617997400 ) ) ;
#5774 = ORIENTED_EDGE ( 'NONE', *, *, #5954, .T. ) ;
#5775 = CARTESIAN_POINT ( 'NONE',  ( -27.04381494683957854, 28.47918121616017473, 165.4483592983517610 ) ) ;
#5776 = CARTESIAN_POINT ( 'NONE',  ( -13.44225863892880746, 43.72293323506987406, 173.6210435053961305 ) ) ;
#5777 = FACE_OUTER_BOUND ( 'NONE', #4827, .T. ) ;
#5778 = CARTESIAN_POINT ( 'NONE',  ( -53.11948619650902259, 36.61690418830440308, 166.5150144586305032 ) ) ;
#5779 = CARTESIAN_POINT ( 'NONE',  ( -51.54605328391982511, 42.93937588188747156, 172.8374861522135859 ) ) ;
#5780 = CARTESIAN_POINT ( 'NONE',  ( 63.99704700225025533, 31.27676230248784606, 161.1748725728139391 ) ) ;
#5781 = B_SPLINE_CURVE_WITH_KNOTS ( 'NONE', 3,
 ( #2645, #1969, #7750, #5179, #4081, #3361, #4550, #5851, #123, #5345, #6642, #7120, #2601, #849, #2728, #4632, #1329, #1457, #7836 ),
 .UNSPECIFIED., .F., .F.,
 ( 4, 1, 1, 1, 1, 1, 1, 1, 1, 1, 1, 1, 1, 1, 1, 1, 4 ),
 ( 0.000000000000000000, 0.06456981118984446433, 0.1249575490227499003, 0.1811710950599046133, 0.2327990004205634234, 0.2802779751616187309, 0.3238261300799257780, 0.3630622670656598050, 0.3980429324201891217, 0.4646837196989743735, 0.5332761574566635687, 0.6049180867211159107, 0.6807167962821275564, 0.7585709668064635203, 0.8367172537828067025, 0.9167099387419275214, 1.000000000000000000 ),
 .UNSPECIFIED. ) ;
#5782 = CARTESIAN_POINT ( 'NONE',  ( -8.915882992416815256, 49.53445343828047953, 186.5036315204721404 ) ) ;
#5783 = CARTESIAN_POINT ( 'NONE',  ( -55.22542373591832643, 35.87693877625364536, 172.8461168584452139 ) ) ;
#5784 = ADVANCED_FACE ( 'NONE', ( #3284 ), #5187, .F. ) ;
#5785 = CARTESIAN_POINT ( 'NONE',  ( 11.94769598594879056, 28.08155075739894002, 165.0507288395905050 ) ) ;
#5786 = VERTEX_POINT ( 'NONE', #174 ) ;
#5787 = CARTESIAN_POINT ( 'NONE',  ( 306.0000000000000000, 25.21387978689617526, -170.0515392428203256 ) ) ;
#5788 = DIRECTION ( 'NONE',  ( -1.000000000000000000, 0.000000000000000000, 0.000000000000000000 ) ) ;
#5789 = CARTESIAN_POINT ( 'NONE',  ( -54.84557083706345537, 49.35501291769742238, 186.3241909998890833 ) ) ;
#5790 = ORIENTED_EDGE ( 'NONE', *, *, #7558, .F. ) ;
#5791 = CARTESIAN_POINT ( 'NONE',  ( 306.0000000000000568, 50.46700362515924354, -110.5483221688899960 ) ) ;
#5792 = DIRECTION ( 'NONE',  ( -0.2158117518227601894, 0.6904438021212109255, 0.6904438021212134791 ) ) ;
#5793 = CARTESIAN_POINT ( 'NONE',  ( -8.515973831083066159, 46.00815357720753696, 182.9773316593991694 ) ) ;
#5794 = ADVANCED_FACE ( 'NONE', ( #7844 ), #5308, .F. ) ;
#5795 = EDGE_CURVE ( 'NONE', #5630, #3130, #5942, .T. ) ;
#5796 = VECTOR ( 'NONE', #1, 1000.000000000000114 ) ;
#5797 = EDGE_CURVE ( 'NONE', #4850, #7667, #3967, .T. ) ;
#5798 = VERTEX_POINT ( 'NONE', #4048 ) ;
#5799 = DIRECTION ( 'NONE',  ( 0.000000000000000000, -0.7071067811865461294, -0.7071067811865490160 ) ) ;
#5800 = ORIENTED_EDGE ( 'NONE', *, *, #7170, .T. ) ;
#5801 = CARTESIAN_POINT ( 'NONE',  ( -34.90828500591509709, 45.52547183225907190, 182.4946499144507470 ) ) ;
#5802 = ORIENTED_EDGE ( 'NONE', *, *, #660, .F. ) ;
#5803 = EDGE_LOOP ( 'NONE', ( #6937, #3561, #1036, #8177, #1786 ) ) ;
#5804 = VECTOR ( 'NONE', #6039, 1000.000000000000114 ) ;
#5805 = CARTESIAN_POINT ( 'NONE',  ( -3.408350784690740820, 48.85040806543602798, 185.8195861476276605 ) ) ;
#5806 = ADVANCED_FACE ( 'NONE', ( #3238 ), #5267, .T. ) ;
#5807 = DIRECTION ( 'NONE',  ( 0.000000000000000000, 0.000000000000000000, 1.000000000000000000 ) ) ;
#5808 = EDGE_CURVE ( 'NONE', #2150, #3733, #5981, .T. ) ;
#5809 = CARTESIAN_POINT ( 'NONE',  ( -28.15691884799403155, 38.38611842106381999, 168.2842286913898704 ) ) ;
#5810 = CARTESIAN_POINT ( 'NONE',  ( -8.915882992416815256, 53.06998734421322439, 182.9680976145394027 ) ) ;
#5811 = CARTESIAN_POINT ( 'NONE',  ( 7.599090296971093395, 32.68019219072516535, 169.6493702729167410 ) ) ;
#5812 = DIRECTION ( 'NONE',  ( 0.000000000000000000, -0.7071067811865489050, 0.7071067811865460184 ) ) ;
#5813 = ORIENTED_EDGE ( 'NONE', *, *, #2278, .T. ) ;
#5814 = CARTESIAN_POINT ( 'NONE',  ( 301.0000000000000000, 46.03426950889508618, -106.5477420520446401 ) ) ;
#5815 = ORIENTED_EDGE ( 'NONE', *, *, #4923, .T. ) ;
#5816 = CARTESIAN_POINT ( 'NONE',  ( -57.32555046654673703, 45.99992366656003639, 182.9691017487516831 ) ) ;
#5817 = CIRCLE ( 'NONE', #2842, 10.00000000000000888 ) ;
#5818 = LINE ( 'NONE', #3237, #5196 ) ;
#5819 = DIRECTION ( 'NONE',  ( 1.000000000000000000, 0.000000000000000000, 0.000000000000000000 ) ) ;
#5820 = CARTESIAN_POINT ( 'NONE',  ( -36.44919978352463374, 32.80030603411088208, 169.7694841163024932 ) ) ;
#5821 = ORIENTED_EDGE ( 'NONE', *, *, #1770, .T. ) ;
#5822 = FACE_OUTER_BOUND ( 'NONE', #734, .T. ) ;
#5823 = LOCAL_TIME ( 9, 59, 42.00000000000000000, #262 ) ;
#5824 = CARTESIAN_POINT ( 'NONE',  ( 305.9999999999999432, 0.000000000000000000, -328.1511595911678683 ) ) ;
#5825 = LINE ( 'NONE', #5195, #3384 ) ;
#5826 = LINE ( 'NONE', #7768, #2434 ) ;
#5827 = DIRECTION ( 'NONE',  ( 1.000000000000000000, 0.000000000000000000, 0.000000000000000000 ) ) ;
#5828 = CARTESIAN_POINT ( 'NONE',  ( 19.06920729515770674, 31.20957948336028309, 168.1787575655520186 ) ) ;
#5829 = CARTESIAN_POINT ( 'NONE',  ( -53.09459463774819454, 37.27890860653862859, 167.1770188768647358 ) ) ;
#5830 = CARTESIAN_POINT ( 'NONE',  ( 301.0000000000000000, 33.13054645356284311, -167.1348725761536684 ) ) ;
#5831 = LINE ( 'NONE', #3811, #56 ) ;
#5832 = VERTEX_POINT ( 'NONE', #2773 ) ;
#5833 = CARTESIAN_POINT ( 'NONE',  ( 301.0000000000000000, 27.71387978689617526, -85.45518507615365422 ) ) ;
#5834 = LINE ( 'NONE', #7228, #7030 ) ;
#5835 = CARTESIAN_POINT ( 'NONE',  ( -35.41718054696253404, 27.61699043914506646, 164.5861685213365888 ) ) ;
#5836 = CARTESIAN_POINT ( 'NONE',  ( 306.0000000000000568, 41.86416809104718340, -117.0590838847194846 ) ) ;
#5837 = CARTESIAN_POINT ( 'NONE',  ( 25.23126897944836955, 29.94901639858100495, 166.9181944807725131 ) ) ;
#5838 = CARTESIAN_POINT ( 'NONE',  ( 305.9999999999997726, 45.90094623822440667, -105.0083592531593411 ) ) ;
#5839 = EDGE_LOOP ( 'NONE', ( #3929, #4377, #2213, #2504 ) ) ;
#5840 = PLANE ( 'NONE',  #6887 ) ;
#5841 = ORIENTED_EDGE ( 'NONE', *, *, #1152, .T. ) ;
#5842 = CARTESIAN_POINT ( 'NONE',  ( 301.0000000000000000, 19.79721312022951096, -117.1348725761536542 ) ) ;
#5843 = ADVANCED_FACE ( 'NONE', ( #740, #3329 ), #4558, .F. ) ;
#5844 = ORIENTED_EDGE ( 'NONE', *, *, #6164, .T. ) ;
#5845 = ORIENTED_EDGE ( 'NONE', *, *, #7021, .T. ) ;
#5846 = CARTESIAN_POINT ( 'NONE',  ( 306.0000000000000000, 19.79721312022951096, -105.7937267428203256 ) ) ;
#5847 = CARTESIAN_POINT ( 'NONE',  ( 91.08038033558358393, 52.78459356357862475, 182.6827038339048102 ) ) ;
#5848 = LINE ( 'NONE', #37, #445 ) ;
#5849 = LINE ( 'NONE', #1967, #2644 ) ;
#5850 = B_SPLINE_SURFACE_WITH_KNOTS ( 'NONE', 3, 1, ( 
 ( #4380, #4299 ),
 ( #3109, #6229 ),
 ( #7543, #3837 ),
 ( #1724, #1800 ),
 ( #601, #3712 ),
 ( #7671, #1887 ),
 ( #6951, #6865 ),
 ( #1760, #6993 ),
 ( #1075, #1161 ),
 ( #3673, #2520 ),
 ( #6355, #4467 ),
 ( #8310, #7039 ),
 ( #431, #1246 ),
 ( #2565, #5604 ),
 ( #8183, #2395 ),
 ( #4341, #6905 ),
 ( #2127, #4159 ),
 ( #889, #2210 ),
 ( #767, #2761 ) ),
 .UNSPECIFIED., .F., .F., .F.,
 ( 4, 1, 1, 1, 1, 1, 1, 1, 1, 1, 1, 1, 1, 1, 1, 1, 4 ),
 ( 2, 2 ),
 ( 0.000000000000000000, 0.06501058592752109733, 0.1269063816850627135, 0.1862632757837058284, 0.2434591209511640375, 0.2993398817954647795, 0.3544382161232979556, 0.4094348701046162664, 0.4650143262269604838, 0.5218400107969326518, 0.5807556311259033377, 0.6418804122351531305, 0.7060984919853782182, 0.7735215834716335781, 0.8447916836256789130, 0.9203919190896322489, 1.000000000000000000 ),
 ( 0.000000000000000000, 1.000000000000000000 ),
 .UNSPECIFIED. ) ;
#5851 = CARTESIAN_POINT ( 'NONE',  ( -61.99368478829348561, 41.49501291769493605, 171.3931231880210930 ) ) ;
#5852 = CARTESIAN_POINT ( 'NONE',  ( -60.58628633108306616, 43.73399504917270519, 180.7031731313642808 ) ) ;
#5853 = ORIENTED_EDGE ( 'NONE', *, *, #8284, .F. ) ;
#5854 = ADVANCED_FACE ( 'NONE', ( #5351 ), #5859, .T. ) ;
#5855 = CARTESIAN_POINT ( 'NONE',  ( 300.9999999999998863, 43.32478102449042012, -110.4473637801770138 ) ) ;
#5856 = ORIENTED_EDGE ( 'NONE', *, *, #1458, .T. ) ;
#5857 = CARTESIAN_POINT ( 'NONE',  ( -66.69620020792919490, 48.17781892688689283, 178.0759291972130711 ) ) ;
#5858 = CARTESIAN_POINT ( 'NONE',  ( -57.60451549774973046, 27.44660057106069928, 164.4157786532522323 ) ) ;
#5859 = PLANE ( 'NONE',  #3449 ) ;
#5860 = VECTOR ( 'NONE', #5534, 1000.000000000000000 ) ;
#5861 = CARTESIAN_POINT ( 'NONE',  ( -57.61102591441640186, 49.54368748314027471, 179.4417977534664317 ) ) ;
#5862 = ORIENTED_EDGE ( 'NONE', *, *, #8169, .T. ) ;
#5863 = DIRECTION ( 'NONE',  ( 0.000000000000000000, 0.000000000000000000, 1.000000000000000000 ) ) ;
#5864 = CARTESIAN_POINT ( 'NONE',  ( 301.0000000000000000, 45.63054645356284311, -170.0515392428203256 ) ) ;
#5865 = CARTESIAN_POINT ( 'NONE',  ( -28.13737108554640187, 45.38969123508922365, 175.2878015054153593 ) ) ;
#5866 = AXIS2_PLACEMENT_3D ( 'NONE', #5941, #2772, #5307 ) ;
#5867 = VECTOR ( 'NONE', #3611, 1000.000000000000000 ) ;
#5868 = LINE ( 'NONE', #6495, #2568 ) ;
#5869 = CARTESIAN_POINT ( 'NONE',  ( -46.87271869931166179, 34.81148770816269433, 171.7806657903542202 ) ) ;
#5870 = CARTESIAN_POINT ( 'NONE',  ( 18.51569352476949248, 31.07878028285358241, 168.0479583650453321 ) ) ;
#5871 = CARTESIAN_POINT ( 'NONE',  ( 12.91957600538484918, 31.36401726547695290, 161.2621275358030459 ) ) ;
#5872 = CARTESIAN_POINT ( 'NONE',  ( -29.57740105568655054, 44.82795658207990641, 181.7971346642714821 ) ) ;
#5873 = CARTESIAN_POINT ( 'NONE',  ( 301.0000000000000000, 36.04721312022950741, -105.8848725761536542 ) ) ;
#5874 = VECTOR ( 'NONE', #5752, 1000.000000000000000 ) ;
#5875 = ORIENTED_EDGE ( 'NONE', *, *, #2032, .F. ) ;
#5876 = CARTESIAN_POINT ( 'NONE',  ( 28.58038033558359103, 49.24905965764588700, 179.1471699279720440 ) ) ;
#5877 = DIRECTION ( 'NONE',  ( 0.000000000000000000, -0.7071067811866810215, -0.7071067811864141239 ) ) ;
#5878 = CARTESIAN_POINT ( 'NONE',  ( -43.55536978052784747, 34.98289691788821187, 171.9520750000797875 ) ) ;
#5879 = CARTESIAN_POINT ( 'NONE',  ( -306.0000000000000000, -74.71787448395015474, -274.4730072434720682 ) ) ;
#5880 = VECTOR ( 'NONE', #2812, 1000.000000000000000 ) ;
#5881 = CARTESIAN_POINT ( 'NONE',  ( 16.89418241891692318, 30.98213447699344769, 160.8802447473195230 ) ) ;
#5882 = CARTESIAN_POINT ( 'NONE',  ( 301.0000000000000000, 36.04721312022950741, -105.8848725761536542 ) ) ;
#5883 = EDGE_CURVE ( 'NONE', #3534, #7249, #91, .T. ) ;
#5884 = ORIENTED_EDGE ( 'NONE', *, *, #2470, .T. ) ;
#5885 = CARTESIAN_POINT ( 'NONE',  ( -46.83628633108306616, 34.03429460672442985, 171.0034726889160197 ) ) ;
#5886 = CIRCLE ( 'NONE', #5214, 9.999999999999994671 ) ;
#5887 = ORIENTED_EDGE ( 'NONE', *, *, #6772, .T. ) ;
#5888 = CARTESIAN_POINT ( 'NONE',  ( -37.66603611835881793, 42.06908279186468747, 171.9671930621908018 ) ) ;
#5889 = ORIENTED_EDGE ( 'NONE', *, *, #6242, .F. ) ;
#5890 = CARTESIAN_POINT ( 'NONE',  ( -7.094999897626568242, 53.05387104818411359, 182.9519813185103487 ) ) ;
#5891 = CARTESIAN_POINT ( 'NONE',  ( -306.0000000000000000, 0.000000000000000000, 61.32442331500945443 ) ) ;
#5892 = LINE ( 'NONE', #82, #5725 ) ;
#5893 = CARTESIAN_POINT ( 'NONE',  ( 20.49070857690576020, 31.27319527063233906, 161.1713055409584570 ) ) ;
#5894 = EDGE_CURVE ( 'NONE', #8335, #5755, #2691, .T. ) ;
#5895 = LINE ( 'NONE', #4710, #2245 ) ;
#5896 = CARTESIAN_POINT ( 'NONE',  ( -306.0000000000000000, -53.90640872115755400, -301.0474397647021192 ) ) ;
#5897 = EDGE_LOOP ( 'NONE', ( #4, #6275, #3147, #3897 ) ) ;
#5898 = VERTEX_POINT ( 'NONE', #5471 ) ;
#5899 = CARTESIAN_POINT ( 'NONE',  ( -8.444359247749737563, 34.51766838292617479, 164.4157786532522891 ) ) ;
#5900 = CARTESIAN_POINT ( 'NONE',  ( 301.0000000000000000, 20.21387978689617881, -170.0515392428203256 ) ) ;
#5901 = CARTESIAN_POINT ( 'NONE',  ( -335.9999999999999432, 0.000000000000000000, 0.000000000000000000 ) ) ;
#5902 = EDGE_CURVE ( 'NONE', #2730, #3530, #340, .T. ) ;
#5903 = CARTESIAN_POINT ( 'NONE',  ( -3.254934950204970701, 44.46574699033384803, 174.3638572606600690 ) ) ;
#5904 = ORIENTED_EDGE ( 'NONE', *, *, #3172, .F. ) ;
#5905 = PLANE ( 'NONE',  #2154 ) ;
#5906 = DIRECTION ( 'NONE',  ( 0.000000000000000000, 1.000000000000000000, 0.000000000000000000 ) ) ;
#5907 = PLANE ( 'NONE',  #4058 ) ;
#5908 = CARTESIAN_POINT ( 'NONE',  ( -37.65912697984600044, 37.36221911572955179, 174.3313971979210066 ) ) ;
#5909 = CARTESIAN_POINT ( 'NONE',  ( -54.90782146479871528, 44.02180215300639077, 173.9199124233325335 ) ) ;
#5910 = CARTESIAN_POINT ( 'NONE',  ( 20.52677084003666863, 35.83547894175842430, 165.7335892120845244 ) ) ;
#5911 = CARTESIAN_POINT ( 'NONE',  ( -53.08628633108307326, 37.14630101350898173, 167.0444112838351316 ) ) ;
#5912 = CARTESIAN_POINT ( 'NONE',  ( -32.57380128118223439, 49.54032192775706278, 179.4384321980832340 ) ) ;
#5913 = ADVANCED_FACE ( 'NONE', ( #4168 ), #4889, .F. ) ;
#5914 = LINE ( 'NONE', #4101, #743 ) ;
#5915 = VERTEX_POINT ( 'NONE', #2347 ) ;
#5916 = CARTESIAN_POINT ( 'NONE',  ( -9.763009438932160222, 27.47355309239284793, 164.4427311745843951 ) ) ;
#5917 = PLANE ( 'NONE',  #6892 ) ;
#5918 = CARTESIAN_POINT ( 'NONE',  ( -43.91961966441640186, 38.41227995118016736, 175.3814580333717856 ) ) ;
#5919 = CARTESIAN_POINT ( 'NONE',  ( 13.64959397747703740, 37.75221677871101633, 167.6503270490371165 ) ) ;
#5920 = CARTESIAN_POINT ( 'NONE',  ( 17.85703500838996050, 27.45655140338381983, 164.4257294855754310 ) ) ;
#5921 = CARTESIAN_POINT ( 'NONE',  ( -11.64994594973799735, 44.91546467906236728, 181.8846427612540708 ) ) ;
#5922 = ORIENTED_EDGE ( 'NONE', *, *, #3840, .F. ) ;
#5923 = CARTESIAN_POINT ( 'NONE',  ( -48.40355383620609331, 30.42880345189205826, 167.3979815340836410 ) ) ;
#5924 = VECTOR ( 'NONE', #7563, 1000.000000000000000 ) ;
#5925 = ORIENTED_EDGE ( 'NONE', *, *, #5381, .F. ) ;
#5926 = CARTESIAN_POINT ( 'NONE',  ( -58.62528198337204088, 27.45637343501496730, 164.4255515172065145 ) ) ;
#5927 = ORIENTED_EDGE ( 'NONE', *, *, #3261, .T. ) ;
#5928 = EDGE_CURVE ( 'NONE', #5115, #6524, #6183, .T. ) ;
#5929 = CARTESIAN_POINT ( 'NONE',  ( -1.392349339363824878, 51.48577718479706533, 181.3838874551232720 ) ) ;
#5930 = DIRECTION ( 'NONE',  ( 0.000000000000000000, 0.4202518623257752162, -0.9074075006366861817 ) ) ;
#5931 = VECTOR ( 'NONE', #3706, 1000.000000000000114 ) ;
#5932 = CARTESIAN_POINT ( 'NONE',  ( 300.9999999999998863, 43.32478102449042012, -110.4473637801770138 ) ) ;
#5933 = CARTESIAN_POINT ( 'NONE',  ( -19.37607211961694631, 45.69771074345168671, 175.5958210137778224 ) ) ;
#5934 = EDGE_CURVE ( 'NONE', #5402, #4514, #3452, .T. ) ;
#5935 = CARTESIAN_POINT ( 'NONE',  ( -4.639708961419516164, 36.00702914808672972, 165.9051394184128583 ) ) ;
#5936 = VECTOR ( 'NONE', #6653, 1000.000000000000227 ) ;
#5937 = LINE ( 'NONE', #250, #5388 ) ;
#5938 = EDGE_LOOP ( 'NONE', ( #7583, #5168, #2399, #4871 ) ) ;
#5939 = ORIENTED_EDGE ( 'NONE', *, *, #5465, .T. ) ;
#5940 = DIRECTION ( 'NONE',  ( -1.000000000000000000, -0.000000000000000000, -0.000000000000000000 ) ) ;
#5941 = CARTESIAN_POINT ( 'NONE',  ( 301.0000000000000000, 20.21387978689617881, -193.3913829928203256 ) ) ;
#5942 = LINE ( 'NONE', #4010, #3590 ) ;
#5943 = VECTOR ( 'NONE', #1214, 1000.000000000000114 ) ;
#5944 = DIRECTION ( 'NONE',  ( 0.000000000000000000, 0.000000000000000000, 1.000000000000000000 ) ) ;
#5945 = CARTESIAN_POINT ( 'NONE',  ( -58.56901078425305229, 53.06409984833834415, 182.9622101186645011 ) ) ;
#5946 = DIRECTION ( 'NONE',  ( 0.000000000000000000, 0.7071067811865461294, 0.7071067811865489050 ) ) ;
#5947 = LINE ( 'NONE', #95, #403 ) ;
#5948 = CARTESIAN_POINT ( 'NONE',  ( -60.15730806406256903, 37.35944350779833201, 174.3286215899899219 ) ) ;
#5949 = EDGE_LOOP ( 'NONE', ( #8038, #2029, #3856, #6219 ) ) ;
#5950 = EDGE_CURVE ( 'NONE', #7344, #6045, #7499, .T. ) ;
#5951 = CARTESIAN_POINT ( 'NONE',  ( -33.32707484566373068, 30.99529290916982305, 167.9644709913611962 ) ) ;
#5952 = CARTESIAN_POINT ( 'NONE',  ( -54.06771244231916285, 27.70754792122856713, 164.6767260034201286 ) ) ;
#5953 = CARTESIAN_POINT ( 'NONE',  ( 21.08038033558359814, 36.15193210246530242, 173.1211101846570557 ) ) ;
#5954 = EDGE_CURVE ( 'NONE', #6557, #460, #1018, .T. ) ;
#5955 = CARTESIAN_POINT ( 'NONE',  ( -53.77706701101720910, 38.61246400665962142, 168.5105742769857500 ) ) ;
#5956 = CARTESIAN_POINT ( 'NONE',  ( -28.03420299774973046, 44.82964227522997191, 174.7277525455561431 ) ) ;
#5957 = CARTESIAN_POINT ( 'NONE',  ( 306.0000000000001705, 45.69070772110849532, -104.4330291322028614 ) ) ;
#5958 = AXIS2_PLACEMENT_3D ( 'NONE', #3300, #2033, #3900 ) ;
#5959 = ORIENTED_EDGE ( 'NONE', *, *, #4310, .F. ) ;
#5960 = CARTESIAN_POINT ( 'NONE',  ( 15.42102453176614851, 34.77503591741982802, 164.6731461877458855 ) ) ;
#5961 = DIRECTION ( 'NONE',  ( 0.000000000000000000, 0.000000000000000000, 1.000000000000000000 ) ) ;
#5962 = CARTESIAN_POINT ( 'NONE',  ( -48.63558108985553474, 45.86586622308308847, 182.8350443052747210 ) ) ;
#5963 = EDGE_CURVE ( 'NONE', #113, #6150, #2853, .T. ) ;
#5964 = FACE_OUTER_BOUND ( 'NONE', #285, .T. ) ;
#5965 = CARTESIAN_POINT ( 'NONE',  ( -17.56193275722565872, 34.53742370968627995, 164.4355339800123659 ) ) ;
#5966 = CARTESIAN_POINT ( 'NONE',  ( -9.133331413139300636, 49.52368700678755431, 179.4217972771137681 ) ) ;
#5967 = ORIENTED_EDGE ( 'NONE', *, *, #630, .F. ) ;
#5968 = ORIENTED_EDGE ( 'NONE', *, *, #88, .F. ) ;
#5969 = CARTESIAN_POINT ( 'NONE',  ( -63.78541375746794984, 28.66390049246478000, 165.6330785746563379 ) ) ;
#5970 = ORIENTED_EDGE ( 'NONE', *, *, #206, .T. ) ;
#5971 = CARTESIAN_POINT ( 'NONE',  ( -9.703741874110018983, 31.09419721114793589, 168.0633752933394476 ) ) ;
#5972 = FACE_OUTER_BOUND ( 'NONE', #7205, .T. ) ;
#5973 = CARTESIAN_POINT ( 'NONE',  ( 301.0000000000000000, 40.21387978689617171, -111.4057059094869828 ) ) ;
#5974 = CARTESIAN_POINT ( 'NONE',  ( 301.0000000000000000, 19.79721312022951096, -105.7937267428203256 ) ) ;
#5975 = LINE ( 'NONE', #2765, #4876 ) ;
#5976 = CARTESIAN_POINT ( 'NONE',  ( -67.11973386710130285, 35.21300114064018771, 165.1111114109662594 ) ) ;
#5977 = ORIENTED_EDGE ( 'NONE', *, *, #3055, .F. ) ;
#5978 = ORIENTED_EDGE ( 'NONE', *, *, #3303, .F. ) ;
#5979 = CARTESIAN_POINT ( 'NONE',  ( 301.0000000000000000, 20.21387978689617881, -193.3913829928203256 ) ) ;
#5980 = FACE_OUTER_BOUND ( 'NONE', #7318, .T. ) ;
#5981 = LINE ( 'NONE', #2057, #1701 ) ;
#5982 = DIRECTION ( 'NONE',  ( 0.000000000000000000, 0.000000000000000000, 1.000000000000000000 ) ) ;
#5983 = EDGE_CURVE ( 'NONE', #8197, #2381, #7373, .T. ) ;
#5984 = CARTESIAN_POINT ( 'NONE',  ( -33.95166115341844915, 49.51724806739645146, 186.4864261495880839 ) ) ;
#5985 = LINE ( 'NONE', #6068, #655 ) ;
#5986 = PERSON_AND_ORGANIZATION_ROLE ( 'creator' ) ;
#5987 = CARTESIAN_POINT ( 'NONE',  ( -63.06846911809958556, 41.90579781316005636, 171.8039080834862489 ) ) ;
#5988 = ORIENTED_EDGE ( 'NONE', *, *, #1467, .T. ) ;
#5989 = CARTESIAN_POINT ( 'NONE',  ( -33.89147820449615978, 34.62403884474571925, 164.5221491150718123 ) ) ;
#5990 = VECTOR ( 'NONE', #4209, 1000.000000000000114 ) ;
#5991 = CARTESIAN_POINT ( 'NONE',  ( -47.21160661292388028, 35.67408094982294386, 165.5721912201490795 ) ) ;
#5992 = CARTESIAN_POINT ( 'NONE',  ( 19.92903959055964691, 31.65382938104629318, 168.6230074632380251 ) ) ;
#5993 = CARTESIAN_POINT ( 'NONE',  ( -56.62381035359815940, 53.06565214812563624, 182.9637624184517506 ) ) ;
#5994 = CARTESIAN_POINT ( 'NONE',  ( -31.36607682877747649, 49.38498030282153906, 179.2830905731477174 ) ) ;
#5995 = CARTESIAN_POINT ( 'NONE',  ( 305.9999999999998863, 45.90094623822440667, -105.0083592531593411 ) ) ;
#5996 = ORIENTED_EDGE ( 'NONE', *, *, #8386, .T. ) ;
#5997 = VECTOR ( 'NONE', #2732, 1000.000000000000000 ) ;
#5998 = DIRECTION ( 'NONE',  ( 0.000000000000000000, 0.000000000000000000, 1.000000000000000000 ) ) ;
#5999 = CARTESIAN_POINT ( 'NONE',  ( -58.90858926745168134, 41.76585047850434051, 178.7350285606958948 ) ) ;
#6000 = CARTESIAN_POINT ( 'NONE',  ( 91.08038033558358393, 52.78459356357862475, 182.6827038339048102 ) ) ;
#6001 = CARTESIAN_POINT ( 'NONE',  ( 13.79045690181123440, 33.20029539177242128, 170.1694734739640751 ) ) ;
#6002 = LINE ( 'NONE', #1772, #7356 ) ;
#6003 = LINE ( 'NONE', #2795, #1013 ) ;
#6004 = CIRCLE ( 'NONE', #4788, 9.999999999999994671 ) ;
#6005 = VECTOR ( 'NONE', #8332, 1000.000000000000000 ) ;
#6006 = ADVANCED_FACE ( 'NONE', ( #1633 ), #5386, .T. ) ;
#6007 = ORIENTED_EDGE ( 'NONE', *, *, #3297, .T. ) ;
#6008 = VERTEX_POINT ( 'NONE', #377 ) ;
#6009 = CARTESIAN_POINT ( 'NONE',  ( -37.66603611835881793, 38.53354888593192129, 175.5027269681235396 ) ) ;
#6010 = VERTEX_POINT ( 'NONE', #4291 ) ;
#6011 = VECTOR ( 'NONE', #3978, 1000.000000000000114 ) ;
#6012 = FACE_OUTER_BOUND ( 'NONE', #7868, .T. ) ;
#6013 = DIRECTION ( 'NONE',  ( 0.000000000000000000, 0.9765512281132550099, 0.2152851571067860015 ) ) ;
#6014 = CARTESIAN_POINT ( 'NONE',  ( -60.23086136622386277, 31.71039229586789787, 168.6795703780594806 ) ) ;
#6015 = VECTOR ( 'NONE', #255, 1000.000000000000000 ) ;
#6016 = EDGE_CURVE ( 'NONE', #6680, #1740, #4128, .T. ) ;
#6017 = CARTESIAN_POINT ( 'NONE',  ( -43.91961966441640186, 38.41227995118016736, 175.3814580333717856 ) ) ;
#6018 = LINE ( 'NONE', #7204, #933 ) ;
#6019 = ORIENTED_EDGE ( 'NONE', *, *, #7248, .F. ) ;
#6020 = CARTESIAN_POINT ( 'NONE',  ( -4.313079361304998471, 32.93385264662708067, 169.9030307288184929 ) ) ;
#6021 = FACE_OUTER_BOUND ( 'NONE', #1575, .T. ) ;
#6022 = CARTESIAN_POINT ( 'NONE',  ( 335.9999999999999432, -74.72648989080823867, -328.3250455023379573 ) ) ;
#6023 = CARTESIAN_POINT ( 'NONE',  ( 335.9999999999999432, -52.40044383621697932, 89.70254495192531863 ) ) ;
#6024 = CARTESIAN_POINT ( 'NONE',  ( -64.29924963004191341, 51.31047828515104214, 181.2085885554772346 ) ) ;
#6025 = CARTESIAN_POINT ( 'NONE',  ( 301.0000000000000000, 31.27507770356284666, -189.0489350761536684 ) ) ;
#6026 = CARTESIAN_POINT ( 'NONE',  ( -62.49162551302641333, 41.67081675772493554, 171.5689270280510641 ) ) ;
#6027 = ORIENTED_EDGE ( 'NONE', *, *, #2032, .T. ) ;
#6028 = FACE_OUTER_BOUND ( 'NONE', #6298, .T. ) ;
#6029 = EDGE_CURVE ( 'NONE', #8000, #928, #2892, .T. ) ;
#6030 = CARTESIAN_POINT ( 'NONE',  ( -46.84523635131549923, 37.35159087969519476, 167.2497011500213375 ) ) ;
#6031 = PLANE ( 'NONE',  #3710 ) ;
#6032 = CARTESIAN_POINT ( 'NONE',  ( -57.79331758108306616, 40.22608250188007162, 170.1241927722061860 ) ) ;
#6033 = CARTESIAN_POINT ( 'NONE',  ( -28.06928834800245554, 45.02010343754270849, 174.9182137078688868 ) ) ;
#6034 = CARTESIAN_POINT ( 'NONE',  ( 306.0000000000000000, 35.88238965393543367, -100.8876571634177139 ) ) ;
#6035 = ADVANCED_FACE ( 'NONE', ( #4211 ), #1716, .F. ) ;
#6036 = ORIENTED_EDGE ( 'NONE', *, *, #5014, .T. ) ;
#6037 = CARTESIAN_POINT ( 'NONE',  ( 306.0000000000000000, 47.27351010919175422, -328.0411557974455263 ) ) ;
#6038 = CARTESIAN_POINT ( 'NONE',  ( -0.4827161456304013276, 29.62617248474825971, 166.5953505669397714 ) ) ;
#6039 = DIRECTION ( 'NONE',  ( -0.000000000000000000, -0.7071067811865489050, 0.7071067811865460184 ) ) ;
#6040 = CARTESIAN_POINT ( 'NONE',  ( 17.18064075225026244, 30.98213447699340861, 167.9513125591850553 ) ) ;
#6041 = EDGE_CURVE ( 'NONE', #406, #3403, #1590, .T. ) ;
#6042 = CARTESIAN_POINT ( 'NONE',  ( 28.58038033558359103, 52.78459356357862475, 182.6827038339048102 ) ) ;
#6043 = DIRECTION ( 'NONE',  ( -0.000000000000000000, -0.000000000000000000, 1.000000000000000000 ) ) ;
#6044 = CARTESIAN_POINT ( 'NONE',  ( -55.48542855194074264, 34.68404030368062507, 164.5821505740067323 ) ) ;
#6045 = VERTEX_POINT ( 'NONE', #3492 ) ;
#6046 = ORIENTED_EDGE ( 'NONE', *, *, #206, .F. ) ;
#6047 = CARTESIAN_POINT ( 'NONE',  ( -66.69052896369117889, 31.05138473170983104, 168.0205628139013641 ) ) ;
#6048 = ORIENTED_EDGE ( 'NONE', *, *, #7405, .T. ) ;
#6049 = EDGE_CURVE ( 'NONE', #3767, #805, #6063, .T. ) ;
#6050 = CARTESIAN_POINT ( 'NONE',  ( -10.26956898585401845, 34.78351520866411306, 164.6816254789902416 ) ) ;
#6051 = LINE ( 'NONE', #244, #3174 ) ;
#6052 = EDGE_CURVE ( 'NONE', #3024, #7784, #6103, .T. ) ;
#6053 = CARTESIAN_POINT ( 'NONE',  ( -61.14912393641174049, 32.47925252702813026, 169.4484306092196562 ) ) ;
#6054 = CARTESIAN_POINT ( 'NONE',  ( 306.0000000000000000, 51.03943539124807671, -106.9116077641371447 ) ) ;
#6055 = ORIENTED_EDGE ( 'NONE', *, *, #7846, .T. ) ;
#6056 = CARTESIAN_POINT ( 'NONE',  ( -306.0000000000000000, -73.86697205968057744, 115.3244233150094402 ) ) ;
#6057 = ORIENTED_EDGE ( 'NONE', *, *, #2066, .F. ) ;
#6058 = EDGE_CURVE ( 'NONE', #2114, #662, #8089, .T. ) ;
#6059 = AXIS2_PLACEMENT_3D ( 'NONE', #3075, #4946, #5610 ) ;
#6060 = EDGE_CURVE ( 'NONE', #582, #4572, #7458, .T. ) ;
#6061 = CARTESIAN_POINT ( 'NONE',  ( -27.78952491572630024, 48.80509453679211163, 185.7742726189837583 ) ) ;
#6062 = CARTESIAN_POINT ( 'NONE',  ( -29.32905522485741301, 32.31369255314808697, 169.2828706353396910 ) ) ;
#6063 = LINE ( 'NONE', #6735, #2776 ) ;
#6064 = CARTESIAN_POINT ( 'NONE',  ( 10.73481746199518128, 28.56342626619526470, 165.5326043483869682 ) ) ;
#6065 = B_SPLINE_CURVE_WITH_KNOTS ( 'NONE', 3,
 ( #111, #1530, #4659, #3475, #7316, #1401, #1486, #3433, #7948, #800, #2715, #2835, #2753, #198, #7990 ),
 .UNSPECIFIED., .F., .F.,
 ( 4, 1, 1, 1, 1, 1, 1, 1, 1, 1, 1, 1, 4 ),
 ( 0.000000000000000000, 0.1102269672499833347, 0.2103816558575524742, 0.3010803441087110954, 0.3827976210517506361, 0.4554136722215988975, 0.5194350311703060941, 0.5761976658153828978, 0.6261181379965865546, 0.7180774661156040795, 0.8098331188392255964, 0.9025871623566612545, 1.000000000000000000 ),
 .UNSPECIFIED. ) ;
#6066 = VECTOR ( 'NONE', #2183, 1000.000000000000114 ) ;
#6067 = CARTESIAN_POINT ( 'NONE',  ( -8.450869664416403637, 30.98213447699344769, 160.8802447473195230 ) ) ;
#6068 = CARTESIAN_POINT ( 'NONE',  ( 301.0000000000000000, 25.21387978689617526, -157.9682059094869828 ) ) ;
#6069 = ORIENTED_EDGE ( 'NONE', *, *, #471, .F. ) ;
#6070 = CARTESIAN_POINT ( 'NONE',  ( -61.44395195550715272, 37.76374588384228304, 174.7329239660338942 ) ) ;
#6071 = VERTEX_POINT ( 'NONE', #6819 ) ;
#6072 = PLANE ( 'NONE',  #2894 ) ;
#6073 = VECTOR ( 'NONE', #3513, 1000.000000000000000 ) ;
#6074 = DIRECTION ( 'NONE',  ( -1.000000000000000000, 0.000000000000000000, 0.000000000000000000 ) ) ;
#6075 = LINE ( 'NONE', #4769, #1692 ) ;
#6076 = CARTESIAN_POINT ( 'NONE',  ( -56.36906211190795801, 39.81002611654158585, 169.7081363868677499 ) ) ;
#6077 = CARTESIAN_POINT ( 'NONE',  ( 21.07830560290569011, 39.47877888903472865, 169.3768891593608998 ) ) ;
#6078 = CARTESIAN_POINT ( 'NONE',  ( -32.93498711778428856, 46.00146210426297699, 182.9706401864546308 ) ) ;
#6079 = ORIENTED_EDGE ( 'NONE', *, *, #2097, .F. ) ;
#6080 = CARTESIAN_POINT ( 'NONE',  ( 13.58496109564283394, 39.11197995072150491, 169.0100902210475908 ) ) ;
#6081 = VECTOR ( 'NONE', #6282, 1000.000000000000000 ) ;
#6082 = CARTESIAN_POINT ( 'NONE',  ( -5.742229726197304984, 27.60766625958786236, 164.5768443417793208 ) ) ;
#6083 = CARTESIAN_POINT ( 'NONE',  ( -50.02533933492895102, 47.37198398661366383, 184.3411620688053176 ) ) ;
#6084 = CARTESIAN_POINT ( 'NONE',  ( 14.56860009912891130, 31.73293329670735829, 168.7021113788989055 ) ) ;
#6085 = DIRECTION ( 'NONE',  ( 0.000000000000000000, -0.7071067811865461294, -0.7071067811865490160 ) ) ;
#6086 = CARTESIAN_POINT ( 'NONE',  ( -60.57711189521745609, 47.42677413673091280, 177.3248844070570556 ) ) ;
#6087 = CARTESIAN_POINT ( 'NONE',  ( -55.71161043033867344, 49.46536458618876964, 186.4345426683805158 ) ) ;
#6088 = APPROVAL_PERSON_ORGANIZATION ( #2105, #2683, #4848 ) ;
#6089 = ORIENTED_EDGE ( 'NONE', *, *, #8272, .F. ) ;
#6090 = EDGE_CURVE ( 'NONE', #4885, #7624, #3745, .T. ) ;
#6091 = ORIENTED_EDGE ( 'NONE', *, *, #5113, .F. ) ;
#6092 = LINE ( 'NONE', #284, #256 ) ;
#6093 = ORIENTED_EDGE ( 'NONE', *, *, #5591, .T. ) ;
#6094 = CARTESIAN_POINT ( 'NONE',  ( -2.360572431585783004, 51.97521738159667848, 181.8733276519228355 ) ) ;
#6095 = LINE ( 'NONE', #288, #3855 ) ;
#6096 = CARTESIAN_POINT ( 'NONE',  ( -60.86410139168603450, 32.19398059306663384, 169.1631586752582166 ) ) ;
#6097 = PLANE ( 'NONE',  #124 ) ;
#6098 = ORIENTED_EDGE ( 'NONE', *, *, #5180, .T. ) ;
#6099 = CARTESIAN_POINT ( 'NONE',  ( 301.0000000000000000, 50.63054645356283601, -85.53331007615365422 ) ) ;
#6100 = EDGE_LOOP ( 'NONE', ( #4448, #2134, #7742, #8125 ) ) ;
#6101 = CARTESIAN_POINT ( 'NONE',  ( 17.87790947628569072, 30.99506548077050638, 167.9642435629620252 ) ) ;
#6102 = CARTESIAN_POINT ( 'NONE',  ( 301.0000000000000000, 19.79721312022951096, -113.3392996594869970 ) ) ;
#6103 = LINE ( 'NONE', #5511, #7764 ) ;
#6104 = B_SPLINE_SURFACE_WITH_KNOTS ( 'NONE', 3, 1, ( 
 ( #3088, #411 ),
 ( #2967, #7650 ),
 ( #367, #6173 ),
 ( #4404, #8286 ),
 ( #2336, #5542 ),
 ( #1139, #1780 ),
 ( #8243, #452 ),
 ( #3771, #3735 ),
 ( #5080, #4445 ),
 ( #4360, #5661 ),
 ( #8118, #1825 ),
 ( #4915, #6247 ),
 ( #7488, #5037 ),
 ( #1707, #4280 ),
 ( #6926, #6846 ),
 ( #7607, #7523 ),
 ( #6291, #2377 ),
 ( #6972, #8158 ),
 ( #1741, #1181 ) ),
 .UNSPECIFIED., .F., .F., .F.,
 ( 4, 1, 1, 1, 1, 1, 1, 1, 1, 1, 1, 1, 1, 1, 1, 1, 4 ),
 ( 2, 2 ),
 ( 0.000000000000000000, 0.07881071124438387976, 0.1538136617640049053, 0.2252599767730434077, 0.2931587887397555381, 0.3581305895072937062, 0.4205584685789197641, 0.4806150661803166857, 0.5390500984180484068, 0.5958696710282167519, 0.6507658062815362410, 0.7051132502087817944, 0.7597156697204959785, 0.8155666309038623885, 0.8738734779362231642, 0.9349531644877057124, 1.000000000000000000 ),
 ( 0.000000000000000000, 1.000000000000000000 ),
 .UNSPECIFIED. ) ;
#6105 = CARTESIAN_POINT ( 'NONE',  ( 14.16359797696619616, 31.14296866769990757, 161.0410789380260042 ) ) ;
#6106 = EDGE_CURVE ( 'NONE', #7014, #3198, #3100, .T. ) ;
#6107 = CARTESIAN_POINT ( 'NONE',  ( -41.84694830475866212, 34.76633705708110256, 164.6644473274072027 ) ) ;
#6108 = CARTESIAN_POINT ( 'NONE',  ( -32.64357799774973756, 53.07922138907299825, 182.9773316593991979 ) ) ;
#6109 = VERTEX_POINT ( 'NONE', #8211 ) ;
#6110 = COORDINATED_UNIVERSAL_TIME_OFFSET ( 5, 30, .AHEAD. ) ;
#6111 = CARTESIAN_POINT ( 'NONE',  ( -335.9999999999999432, -52.40044383621697932, 79.70254495192533284 ) ) ;
#6112 = ORIENTED_EDGE ( 'NONE', *, *, #5686, .F. ) ;
#6113 = CARTESIAN_POINT ( 'NONE',  ( 35.24704700225026244, 27.74122839655510120, 164.7104064787466484 ) ) ;
#6114 = CARTESIAN_POINT ( 'NONE',  ( -8.470400914416400084, 49.54368748314026050, 186.5128655653319072 ) ) ;
#6115 = FACE_OUTER_BOUND ( 'NONE', #6869, .T. ) ;
#6116 = CARTESIAN_POINT ( 'NONE',  ( -50.57786128599458664, 51.32266057434490136, 181.2207708446710797 ) ) ;
#6117 = DIRECTION ( 'NONE',  ( -0.000000000000000000, -0.7071067811865489050, 0.7071067811865460184 ) ) ;
#6118 = LINE ( 'NONE', #1078, #4002 ) ;
#6119 = EDGE_CURVE ( 'NONE', #4074, #4924, #1879, .T. ) ;
#6120 = VERTEX_POINT ( 'NONE', #5047 ) ;
#6121 = DIRECTION ( 'NONE',  ( 0.000000000000000000, -1.000000000000000000, 0.000000000000000000 ) ) ;
#6122 = CARTESIAN_POINT ( 'NONE',  ( 2.468717331469225229, 33.79662889852610874, 170.7658069807176275 ) ) ;
#6123 = CARTESIAN_POINT ( 'NONE',  ( 306.0000000000000568, 27.75958707614083565, -110.8379870230677255 ) ) ;
#6124 = FACE_OUTER_BOUND ( 'NONE', #853, .T. ) ;
#6125 = CARTESIAN_POINT ( 'NONE',  ( -13.50295299774973579, 42.03067793303323185, 171.9287882033593462 ) ) ;
#6126 = CARTESIAN_POINT ( 'NONE',  ( -37.71543318075013218, 31.71278122735531113, 161.6108914976814219 ) ) ;
#6127 = CARTESIAN_POINT ( 'NONE',  ( -56.62381035359815940, 49.53011824219283454, 186.4992963243845168 ) ) ;
#6128 = AXIS2_PLACEMENT_3D ( 'NONE', #6324, #3041, #5616 ) ;
#6129 = ORIENTED_EDGE ( 'NONE', *, *, #6909, .F. ) ;
#6130 = ORIENTED_EDGE ( 'NONE', *, *, #1373, .T. ) ;
#6131 = DIRECTION ( 'NONE',  ( 1.000000000000000000, -0.000000000000000000, -0.000000000000000000 ) ) ;
#6132 = ORIENTED_EDGE ( 'NONE', *, *, #7643, .T. ) ;
#6133 = VECTOR ( 'NONE', #1919, 1000.000000000000000 ) ;
#6134 = CARTESIAN_POINT ( 'NONE',  ( -10.26956898585401845, 31.24798130273137531, 168.2171593849229509 ) ) ;
#6135 = VECTOR ( 'NONE', #5416, 1000.000000000000000 ) ;
#6136 = CARTESIAN_POINT ( 'NONE',  ( -3.089936850881729313, 42.31921066540641618, 172.2173209357325447 ) ) ;
#6137 = LINE ( 'NONE', #4792, #4539 ) ;
#6138 = CARTESIAN_POINT ( 'NONE',  ( 306.0000000000001137, 50.72369512848610640, -109.6266824429176268 ) ) ;
#6139 = ORIENTED_EDGE ( 'NONE', *, *, #7336, .T. ) ;
#6140 = DIRECTION ( 'NONE',  ( 0.000000000000000000, -0.2499406982834198043, 0.9682611462521857337 ) ) ;
#6141 = ORIENTED_EDGE ( 'NONE', *, *, #1040, .T. ) ;
#6142 = EDGE_CURVE ( 'NONE', #6512, #3821, #8173, .T. ) ;
#6143 = VECTOR ( 'NONE', #1932, 1000.000000000000000 ) ;
#6144 = CARTESIAN_POINT ( 'NONE',  ( -55.18219382448614141, 31.09386826119690284, 160.9919785315229888 ) ) ;
#6145 = CARTESIAN_POINT ( 'NONE',  ( -28.73130492715204198, 31.43442611096479311, 161.3325363812908790 ) ) ;
#6146 = DIRECTION ( 'NONE',  ( 0.000000000000000000, -1.000000000000000000, 0.000000000000000000 ) ) ;
#6147 = CARTESIAN_POINT ( 'NONE',  ( 301.0000000000000000, 28.18211112548367581, -101.9276827632568825 ) ) ;
#6148 = CARTESIAN_POINT ( 'NONE',  ( -32.73472383108307326, 49.54368748314027471, 179.4417977534664317 ) ) ;
#6149 = CARTESIAN_POINT ( 'NONE',  ( -41.05040010036530163, 46.64358939183639308, 183.6127674740281464 ) ) ;
#6150 = VERTEX_POINT ( 'NONE', #5092 ) ;
#6151 = CARTESIAN_POINT ( 'NONE',  ( 301.0000000000000000, 40.52027663543088920, -111.3314524796320200 ) ) ;
#6152 = ORIENTED_EDGE ( 'NONE', *, *, #3008, .F. ) ;
#6153 = CARTESIAN_POINT ( 'NONE',  ( -33.89532075560439495, 49.43586832284536570, 179.3339785931715085 ) ) ;
#6154 = CARTESIAN_POINT ( 'NONE',  ( -22.25295299774973756, 45.38667300780532088, 175.2847832781314708 ) ) ;
#6155 = CARTESIAN_POINT ( 'NONE',  ( 301.0000000000000000, 41.47690062022950741, -117.1348725761536542 ) ) ;
#6156 = DIRECTION ( 'NONE',  ( 0.000000000000000000, -0.2152851571067860015, 0.9765512281132548988 ) ) ;
#6157 = CARTESIAN_POINT ( 'NONE',  ( 20.52677084003666863, 35.83547894175842430, 165.7335892120845244 ) ) ;
#6158 = CARTESIAN_POINT ( 'NONE',  ( -18.15969159825037238, 48.66557558007829698, 178.5636858504044824 ) ) ;
#6159 = ORIENTED_EDGE ( 'NONE', *, *, #5894, .T. ) ;
#6160 = DIRECTION ( 'NONE',  ( -0.000000000000000000, -0.7071067811865489050, 0.7071067811865460184 ) ) ;
#6161 = CARTESIAN_POINT ( 'NONE',  ( 306.0000000000000000, 19.79721312022951096, -105.7937267428203256 ) ) ;
#6162 = CARTESIAN_POINT ( 'NONE',  ( 306.0000000000000000, 33.13054645356284311, -157.9682059094869828 ) ) ;
#6163 = CARTESIAN_POINT ( 'NONE',  ( 305.9999999999999432, 35.02507770356284311, -94.63487257615366843 ) ) ;
#6164 = EDGE_CURVE ( 'NONE', #6491, #7014, #6260, .T. ) ;
#6165 = DIRECTION ( 'NONE',  ( 0.000000000000000000, 1.000000000000000000, -0.000000000000000000 ) ) ;
#6166 = ADVANCED_FACE ( 'NONE', ( #8343 ), #4459, .F. ) ;
#6167 = CARTESIAN_POINT ( 'NONE',  ( -34.13526066984860563, 31.00485575789854309, 160.9029660282246823 ) ) ;
#6168 = CARTESIAN_POINT ( 'NONE',  ( -13.50295299774973579, 42.03067793303323185, 171.9287882033593462 ) ) ;
#6169 = ORIENTED_EDGE ( 'NONE', *, *, #5014, .F. ) ;
#6170 = DIRECTION ( 'NONE',  ( 0.000000000000000000, -1.000000000000000000, 0.000000000000000000 ) ) ;
#6171 = CARTESIAN_POINT ( 'NONE',  ( -68.08628633108305905, 37.38108256194982459, 167.2791928322759247 ) ) ;
#6172 = ORIENTED_EDGE ( 'NONE', *, *, #5662, .T. ) ;
#6173 = CARTESIAN_POINT ( 'NONE',  ( 305.9999999999994884, 36.78102076113616903, -94.65932781648555761 ) ) ;
#6174 = FACE_OUTER_BOUND ( 'NONE', #5803, .T. ) ;
#6175 = VERTEX_POINT ( 'NONE', #3663 ) ;
#6176 = CARTESIAN_POINT ( 'NONE',  ( 305.9999999999999432, 41.86416809104718340, -117.0590838847194846 ) ) ;
#6177 = VERTEX_POINT ( 'NONE', #465 ) ;
#6178 = DIRECTION ( 'NONE',  ( 1.000000000000000000, 0.000000000000000000, 0.000000000000000000 ) ) ;
#6179 = VERTEX_POINT ( 'NONE', #7029 ) ;
#6180 = ADVANCED_FACE ( 'NONE', ( #1839 ), #7734, .T. ) ;
#6181 = CARTESIAN_POINT ( 'NONE',  ( 20.94016574310475676, 33.58742581594380283, 170.5566038981353927 ) ) ;
#6182 = CARTESIAN_POINT ( 'NONE',  ( -32.23604991989967772, 34.53009719902673424, 164.4282074693528557 ) ) ;
#6183 = LINE ( 'NONE', #6022, #6015 ) ;
#6184 = CARTESIAN_POINT ( 'NONE',  ( 12.91957600538484918, 31.36401726547695290, 161.2621275358030459 ) ) ;
#6185 = CARTESIAN_POINT ( 'NONE',  ( -17.56193275722565872, 34.53742370968627995, 164.4355339800123659 ) ) ;
#6186 = CARTESIAN_POINT ( 'NONE',  ( -36.38665382944757454, 52.68672441319626643, 182.5848346835224731 ) ) ;
#6187 = ORIENTED_EDGE ( 'NONE', *, *, #1020, .T. ) ;
#6188 = DIRECTION ( 'NONE',  ( 0.000000000000000000, 0.7071067811865461294, 0.7071067811865490160 ) ) ;
#6189 = VERTEX_POINT ( 'NONE', #5974 ) ;
#6190 = CARTESIAN_POINT ( 'NONE',  ( 96.49704700225025533, 31.27676230248784606, 161.1748725728139391 ) ) ;
#6191 = CARTESIAN_POINT ( 'NONE',  ( 301.0000000000000000, 20.21387978689617881, -178.3848725761536400 ) ) ;
#6192 = CARTESIAN_POINT ( 'NONE',  ( -60.13986875306507329, 45.02267333196095933, 181.9918514141525634 ) ) ;
#6193 = DIRECTION ( 'NONE',  ( 1.000000000000000000, -0.000000000000000000, -0.000000000000000000 ) ) ;
#6194 = VECTOR ( 'NONE', #7175, 1000.000000000000114 ) ;
#6195 = CARTESIAN_POINT ( 'NONE',  ( -19.05349629653115784, 46.76453319671531261, 176.6626434670414199 ) ) ;
#6196 = ORIENTED_EDGE ( 'NONE', *, *, #1312, .T. ) ;
#6197 = ADVANCED_FACE ( 'NONE', ( #4672 ), #5343, .T. ) ;
#6198 = CARTESIAN_POINT ( 'NONE',  ( -13.49079859609418008, 37.64160159181118104, 174.6107796740028277 ) ) ;
#6199 = CARTESIAN_POINT ( 'NONE',  ( 301.0000000000000000, 50.63054645356283601, -139.2182059094869828 ) ) ;
#6200 = PLANE ( 'NONE',  #3239 ) ;
#6201 = VECTOR ( 'NONE', #2997, 1000.000000000000227 ) ;
#6202 = CARTESIAN_POINT ( 'NONE',  ( 305.9999999999999432, 27.42711151986272000, -95.76511368351471276 ) ) ;
#6203 = DIRECTION ( 'NONE',  ( 0.000000000000000000, 1.000000000000000000, 0.000000000000000000 ) ) ;
#6204 = FACE_BOUND ( 'NONE', #7581, .T. ) ;
#6205 = CARTESIAN_POINT ( 'NONE',  ( -51.81734259783937802, 48.49044081169296305, 185.4596188938847092 ) ) ;
#6206 = ORIENTED_EDGE ( 'NONE', *, *, #7448, .T. ) ;
#6207 = LINE ( 'NONE', #6288, #5924 ) ;
#6208 = ADVANCED_FACE ( 'NONE', ( #5221 ), #6561, .T. ) ;
#6209 = CARTESIAN_POINT ( 'NONE',  ( 23.85263717893752400, 32.46584256966990978, 162.3639528399959886 ) ) ;
#6210 = VERTEX_POINT ( 'NONE', #7919 ) ;
#6211 = CARTESIAN_POINT ( 'NONE',  ( 3.155587264371511935, 42.47128935927826632, 172.3693996296044020 ) ) ;
#6212 = AXIS2_PLACEMENT_3D ( 'NONE', #7238, #7829, #77 ) ;
#6213 = CARTESIAN_POINT ( 'NONE',  ( 77.61683866891691252, 52.78459356357862475, 182.6827038339048102 ) ) ;
#6214 = ORIENTED_EDGE ( 'NONE', *, *, #2159, .T. ) ;
#6215 = LINE ( 'NONE', #2547, #7300 ) ;
#6216 = EDGE_LOOP ( 'NONE', ( #3241, #5967, #7511, #3911 ) ) ;
#6217 = CIRCLE ( 'NONE', #2045, 9.999999999999994671 ) ;
#6218 = LINE ( 'NONE', #336, #5657 ) ;
#6219 = ORIENTED_EDGE ( 'NONE', *, *, #8314, .T. ) ;
#6220 = CARTESIAN_POINT ( 'NONE',  ( 18.51569352476949248, 31.07878028285365701, 168.0479583650452469 ) ) ;
#6221 = CARTESIAN_POINT ( 'NONE',  ( 306.0000000000000000, 27.71387978689617526, -85.45518507615365422 ) ) ;
#6222 = CARTESIAN_POINT ( 'NONE',  ( 301.0000000000000000, 35.45476520356284311, -100.8848725761536542 ) ) ;
#6223 = CARTESIAN_POINT ( 'NONE',  ( 301.0000000000000568, 25.83201159972643524, -103.4884354857401974 ) ) ;
#6224 = CARTESIAN_POINT ( 'NONE',  ( -46.84861522037673609, 37.83283441025117355, 167.7309446805773234 ) ) ;
#6225 = VERTEX_POINT ( 'NONE', #6519 ) ;
#6226 = PLANE ( 'NONE',  #5130 ) ;
#6227 = EDGE_LOOP ( 'NONE', ( #5232, #3770, #4083, #2677 ) ) ;
#6228 = CARTESIAN_POINT ( 'NONE',  ( 306.0000000000000000, 48.23670732222217339, 61.96704619280063753 ) ) ;
#6229 = CARTESIAN_POINT ( 'NONE',  ( -32.28086933726429919, 49.53689001065417585, 186.5060680928457941 ) ) ;
#6230 = EDGE_CURVE ( 'NONE', #2666, #181, #637, .T. ) ;
#6231 = LINE ( 'NONE', #3674, #3441 ) ;
#6232 = CARTESIAN_POINT ( 'NONE',  ( 20.88959930817088662, 36.77307266833481947, 166.6711829386609338 ) ) ;
#6233 = CARTESIAN_POINT ( 'NONE',  ( -34.42481149133537599, 45.74669355141860905, 182.7158716336102486 ) ) ;
#6234 = ORIENTED_EDGE ( 'NONE', *, *, #8076, .F. ) ;
#6235 = PLANE ( 'NONE',  #790 ) ;
#6236 = CARTESIAN_POINT ( 'NONE',  ( 306.0000000000000000, 34.45842926382709948, -94.64347767095141251 ) ) ;
#6237 = CARTESIAN_POINT ( 'NONE',  ( -31.31174383813756279, 34.65826552779098790, 164.5563757981170454 ) ) ;
#6238 = LINE ( 'NONE', #5613, #6201 ) ;
#6239 = DIRECTION ( 'NONE',  ( 0.000000000000000000, 0.000000000000000000, 1.000000000000000000 ) ) ;
#6240 = FACE_BOUND ( 'NONE', #7287, .T. ) ;
#6241 = CARTESIAN_POINT ( 'NONE',  ( -47.75800066534964827, 47.73868035561034162, 177.6367906259364702 ) ) ;
#6242 = EDGE_CURVE ( 'NONE', #4544, #2432, #3613, .T. ) ;
#6243 = ORIENTED_EDGE ( 'NONE', *, *, #7248, .T. ) ;
#6244 = PLANE ( 'NONE',  #505 ) ;
#6245 = CARTESIAN_POINT ( 'NONE',  ( 26.44909682259161343, 35.52305184686435524, 165.4211621171904198 ) ) ;
#6246 = EDGE_LOOP ( 'NONE', ( #2161, #2840, #622, #7589 ) ) ;
#6247 = CARTESIAN_POINT ( 'NONE',  ( 305.9999999999994884, 48.61637747632465079, -99.19123214635725105 ) ) ;
#6248 = CARTESIAN_POINT ( 'NONE',  ( -3.089936850881729313, 38.78367675947367132, 175.7528548416652825 ) ) ;
#6249 = AXIS2_PLACEMENT_3D ( 'NONE', #8364, #1988, #1944 ) ;
#6250 = EDGE_CURVE ( 'NONE', #3233, #1275, #457, .T. ) ;
#6251 = ORIENTED_EDGE ( 'NONE', *, *, #1300, .T. ) ;
#6252 = CARTESIAN_POINT ( 'NONE',  ( -4.020146729540541308, 33.44664082518035997, 170.4158189073720280 ) ) ;
#6253 = ORIENTED_EDGE ( 'NONE', *, *, #7306, .T. ) ;
#6254 = DIRECTION ( 'NONE',  ( 1.000000000000000000, -0.000000000000000000, -0.000000000000000000 ) ) ;
#6255 = AXIS2_PLACEMENT_3D ( 'NONE', #8221, #2438, #3753 ) ;
#6256 = ORIENTED_EDGE ( 'NONE', *, *, #1362, .T. ) ;
#6257 = CARTESIAN_POINT ( 'NONE',  ( 306.0000000000000000, 45.63054645356284311, -170.0515392428203256 ) ) ;
#6258 = EDGE_CURVE ( 'NONE', #4763, #8335, #5849, .T. ) ;
#6259 = CARTESIAN_POINT ( 'NONE',  ( 35.24704700225026244, 45.71352575171314214, 182.6827038339047817 ) ) ;
#6260 = LINE ( 'NONE', #2387, #3455 ) ;
#6261 = VECTOR ( 'NONE', #7007, 1000.000000000000000 ) ;
#6262 = CARTESIAN_POINT ( 'NONE',  ( -34.90998103102493388, 34.96195074045094486, 164.8600610107770308 ) ) ;
#6263 = B_SPLINE_CURVE_WITH_KNOTS ( 'NONE', 3,
 ( #2896, #7213, #2856, #1428, #7254, #3539, #6738, #1468, #4761, #780, #6107, #7331, #2266, #4722, #6573, #299, #3413, #1550, #4804 ),
 .UNSPECIFIED., .F., .F.,
 ( 4, 1, 1, 1, 1, 1, 1, 1, 1, 1, 1, 1, 1, 1, 1, 1, 4 ),
 ( 0.000000000000000000, 0.06341748969066157704, 0.1229771554011626772, 0.1799914861793053822, 0.2350078237621693877, 0.2891194931146680580, 0.3432008864383019886, 0.3984548695647665006, 0.4556508461473899874, 0.5149924125287722587, 0.5758577169426566389, 0.6389479486968402400, 0.7047462520064801117, 0.7734295833737797610, 0.8453106854998265751, 0.9206389444483533691, 1.000000000000000000 ),
 .UNSPECIFIED. ) ;
#6264 = CARTESIAN_POINT ( 'NONE',  ( -41.05040010036530163, 50.17912329776915925, 180.0772335680953802 ) ) ;
#6265 = ORIENTED_EDGE ( 'NONE', *, *, #3425, .T. ) ;
#6266 = CARTESIAN_POINT ( 'NONE',  ( -28.03420299774973046, 44.82964227522997191, 174.7277525455561431 ) ) ;
#6267 = EDGE_LOOP ( 'NONE', ( #6130, #5584, #815, #8346 ) ) ;
#6268 = AXIS2_PLACEMENT_3D ( 'NONE', #689, #83, #3275 ) ;
#6269 = CARTESIAN_POINT ( 'NONE',  ( -12.01283402179470983, 44.51528290817762468, 181.4844609903692572 ) ) ;
#6270 = CARTESIAN_POINT ( 'NONE',  ( 306.0000000000000568, 47.72894400902830370, -98.30077894106136682 ) ) ;
#6271 = CARTESIAN_POINT ( 'NONE',  ( 335.9999999999999432, -53.52771198192617419, -291.2480616263205206 ) ) ;
#6272 = CARTESIAN_POINT ( 'NONE',  ( -61.64919489722979051, 33.14104613951813150, 170.1102242217096716 ) ) ;
#6273 = CARTESIAN_POINT ( 'NONE',  ( -8.470400914416400084, 53.07922138907299825, 182.9773316593991979 ) ) ;
#6274 = CIRCLE ( 'NONE', #3326, 9.999999999999994671 ) ;
#6275 = ORIENTED_EDGE ( 'NONE', *, *, #5894, .F. ) ;
#6276 = LINE ( 'NONE', #4902, #4592 ) ;
#6277 = EDGE_CURVE ( 'NONE', #4934, #117, #7622, .T. ) ;
#6278 = CARTESIAN_POINT ( 'NONE',  ( -32.64357799774973756, 53.07922138907299825, 182.9773316593991979 ) ) ;
#6279 = DIRECTION ( 'NONE',  ( 0.000000000000000000, 0.000000000000000000, -1.000000000000000000 ) ) ;
#6280 = CARTESIAN_POINT ( 'NONE',  ( 300.9999999999999432, 30.21389026105794073, -95.03289015614933533 ) ) ;
#6281 = DIRECTION ( 'NONE',  ( -0.000000000000000000, 0.000000000000000000, 1.000000000000000000 ) ) ;
#6282 = DIRECTION ( 'NONE',  ( 1.000000000000000000, -0.000000000000000000, -0.000000000000000000 ) ) ;
#6283 = B_SPLINE_CURVE_WITH_KNOTS ( 'NONE', 3,
 ( #5093, #8344, #2558, #547, #5048, #1752, #3746, #2427, #3143, #6898, #1108, #7621, #1840, #6262, #3187, #6305, #5136, #4503, #466 ),
 .UNSPECIFIED., .F., .F.,
 ( 4, 1, 1, 1, 1, 1, 1, 1, 1, 1, 1, 1, 1, 1, 1, 1, 4 ),
 ( 0.000000000000000000, 0.09813731017294871628, 0.1901824473949693672, 0.2762620705236465968, 0.3564629364311831528, 0.4306051273807185442, 0.4993722396559085452, 0.5629037142631940771, 0.6214266147984267574, 0.6755034084274539330, 0.7259357973745929060, 0.7730798714622525436, 0.8185742021739240704, 0.8627750127970063021, 0.9069003309471852514, 0.9523858668015309226, 0.9999999999999998890 ),
 .UNSPECIFIED. ) ;
#6284 = CARTESIAN_POINT ( 'NONE',  ( 306.0000000000000568, 25.83201159972643524, -103.4884354857401974 ) ) ;
#6285 = DIRECTION ( 'NONE',  ( 0.000000000000000000, 0.000000000000000000, -1.000000000000000000 ) ) ;
#6286 = CARTESIAN_POINT ( 'NONE',  ( -57.47241651007656316, 30.98416383285970355, 167.9533419150512827 ) ) ;
#6287 = EDGE_LOOP ( 'NONE', ( #1143, #4635, #4785, #7695 ) ) ;
#6288 = CARTESIAN_POINT ( 'NONE',  ( -335.9999999999999432, 48.13302794031941545, 115.3244233150094402 ) ) ;
#6289 = DIRECTION ( 'NONE',  ( 0.000000000000000000, 0.000000000000000000, -1.000000000000000000 ) ) ;
#6290 = EDGE_LOOP ( 'NONE', ( #127, #5703, #2731, #5884 ) ) ;
#6291 = CARTESIAN_POINT ( 'NONE',  ( 301.0000000000000568, 51.01709550563393236, -105.1048919000130724 ) ) ;
#6292 = DIRECTION ( 'NONE',  ( 0.000000000000000000, -0.4166175776728049951, 0.9090818411859541426 ) ) ;
#6293 = ORIENTED_EDGE ( 'NONE', *, *, #1679, .F. ) ;
#6294 = CARTESIAN_POINT ( 'NONE',  ( 306.0000000000000000, 47.27351010919175422, -328.0411557974455263 ) ) ;
#6295 = ORIENTED_EDGE ( 'NONE', *, *, #5686, .T. ) ;
#6296 = ADVANCED_FACE ( 'NONE', ( #7282 ), #890, .T. ) ;
#6297 = FACE_OUTER_BOUND ( 'NONE', #1928, .T. ) ;
#6298 = EDGE_LOOP ( 'NONE', ( #1439, #7288, #7983, #238 ) ) ;
#6299 = CARTESIAN_POINT ( 'NONE',  ( -36.98633901486557818, 46.48524609203921187, 176.3833563623653333 ) ) ;
#6300 = EDGE_CURVE ( 'NONE', #293, #8123, #935, .T. ) ;
#6301 = LINE ( 'NONE', #500, #3981 ) ;
#6302 = LINE ( 'NONE', #3702, #4378 ) ;
#6303 = CARTESIAN_POINT ( 'NONE',  ( 26.56693898027186762, 36.01278109950708028, 165.9108913698332515 ) ) ;
#6304 = B_SPLINE_SURFACE_WITH_KNOTS ( 'NONE', 3, 1, ( 
 ( #6148, #6340 ),
 ( #5042, #5087 ),
 ( #6822, #7612 ),
 ( #2463, #3181 ),
 ( #1833, #4410 ),
 ( #7656, #5801 ),
 ( #1871, #3822 ),
 ( #2549, #1636 ),
 ( #6778, #5128 ),
 ( #342, #7698 ),
 ( #2939, #5514 ),
 ( #8092, #7911 ),
 ( #2002, #6637 ),
 ( #1960, #116 ),
 ( #7113, #2124 ),
 ( #4704, #4034 ),
 ( #764, #7276 ),
 ( #5888, #6009 ),
 ( #5336, #7741 ) ),
 .UNSPECIFIED., .F., .F., .F.,
 ( 4, 1, 1, 1, 1, 1, 1, 1, 1, 1, 1, 1, 1, 1, 1, 1, 4 ),
 ( 2, 2 ),
 ( 0.000000000000000000, 0.04510669722761705830, 0.08816397885543143798, 0.1304709200892869292, 0.1733279083273026322, 0.2173404269196000660, 0.2641630142886556287, 0.3143342892068510808, 0.3685555886151463678, 0.4275640897852742150, 0.4919029933815469158, 0.5617457246118896519, 0.6372182823699618082, 0.7184734246850045247, 0.8058019866969700074, 0.8997694595999516931, 1.000000000000000000 ),
 ( 0.000000000000000000, 1.000000000000000000 ),
 .UNSPECIFIED. ) ;
#6305 = CARTESIAN_POINT ( 'NONE',  ( -33.89147820449615978, 34.62403884474571925, 164.5221491150718123 ) ) ;
#6306 = EDGE_CURVE ( 'NONE', #6336, #4934, #158, .T. ) ;
#6307 = DIRECTION ( 'NONE',  ( -0.9908437429386243167, -0.09546904492917653029, -0.09546904492917177021 ) ) ;
#6308 = ORIENTED_EDGE ( 'NONE', *, *, #4041, .F. ) ;
#6309 = EDGE_CURVE ( 'NONE', #537, #4583, #4836, .T. ) ;
#6310 = DIRECTION ( 'NONE',  ( 0.000000000000000000, 0.000000000000000000, -1.000000000000000000 ) ) ;
#6311 = VERTEX_POINT ( 'NONE', #289 ) ;
#6312 = CARTESIAN_POINT ( 'NONE',  ( -66.83628633108305905, 46.93346909165089187, 176.8315793619770488 ) ) ;
#6313 = CARTESIAN_POINT ( 'NONE',  ( 305.9999999999999432, 43.00756178499811710, -95.75007751298967662 ) ) ;
#6314 = PLANE ( 'NONE',  #182 ) ;
#6315 = CARTESIAN_POINT ( 'NONE',  ( 301.0000000000000000, 29.85510415497534353, -101.4100907320028568 ) ) ;
#6316 = FACE_OUTER_BOUND ( 'NONE', #7019, .T. ) ;
#6317 = EDGE_LOOP ( 'NONE', ( #6931, #5586, #5845, #4838 ) ) ;
#6318 = CARTESIAN_POINT ( 'NONE',  ( -27.85876590797440500, 28.16132243039139382, 165.1305005125829553 ) ) ;
#6319 = CARTESIAN_POINT ( 'NONE',  ( -35.21180288782193912, 52.92004270718891945, 182.8181529775150693 ) ) ;
#6320 = CARTESIAN_POINT ( 'NONE',  ( -4.506069628798258897, 31.36139827379330569, 161.2595085441193703 ) ) ;
#6321 = CARTESIAN_POINT ( 'NONE',  ( -56.98033892926461874, 30.98909231907058626, 167.9582704012621548 ) ) ;
#6322 = DIRECTION ( 'NONE',  ( 0.000000000000000000, -0.7071067811865459074, -0.7071067811865491270 ) ) ;
#6323 = CARTESIAN_POINT ( 'NONE',  ( 305.9999999999999432, 25.39929030331300552, -108.9985795868937259 ) ) ;
#6324 = CARTESIAN_POINT ( 'NONE',  ( 306.0000000000000000, 69.99999999999995737, 206.9691780821917462 ) ) ;
#6325 = DIRECTION ( 'NONE',  ( 0.000000000000000000, 0.000000000000000000, -1.000000000000000000 ) ) ;
#6326 = CARTESIAN_POINT ( 'NONE',  ( 7.341685093927407202, 35.09889708019335330, 172.0680751623849289 ) ) ;
#6327 = VERTEX_POINT ( 'NONE', #8042 ) ;
#6328 = CIRCLE ( 'NONE', #7546, 9.999999999999994671 ) ;
#6329 = PLANE ( 'NONE',  #2957 ) ;
#6330 = CARTESIAN_POINT ( 'NONE',  ( -50.58358355036165221, 39.00640280827305872, 175.9755808904646699 ) ) ;
#6331 = ORIENTED_EDGE ( 'NONE', *, *, #6601, .T. ) ;
#6332 = CARTESIAN_POINT ( 'NONE',  ( -22.71503005145105547, 33.14891248030345139, 170.1180905624949844 ) ) ;
#6333 = CARTESIAN_POINT ( 'NONE',  ( 300.9999999999999432, 45.39477905882571207, -103.9025359331846943 ) ) ;
#6334 = VECTOR ( 'NONE', #7888, 1000.000000000000000 ) ;
#6335 = EDGE_CURVE ( 'NONE', #2961, #851, #6624, .T. ) ;
#6336 = VERTEX_POINT ( 'NONE', #4119 ) ;
#6337 = CARTESIAN_POINT ( 'NONE',  ( -3.155618252304082105, 36.80455824691676980, 173.7737363291083170 ) ) ;
#6338 = ORIENTED_EDGE ( 'NONE', *, *, #3047, .F. ) ;
#6339 = EDGE_CURVE ( 'NONE', #8330, #582, #6137, .T. ) ;
#6340 = CARTESIAN_POINT ( 'NONE',  ( -32.73472383108307326, 46.00815357720750853, 182.9773316593991979 ) ) ;
#6341 = AXIS2_PLACEMENT_3D ( 'NONE', #3134, #5585, #4363 ) ;
#6342 = EDGE_LOOP ( 'NONE', ( #8246, #329, #4419, #7259 ) ) ;
#6343 = DIRECTION ( 'NONE',  ( 0.000000000000000000, 0.7071067811865459074, 0.7071067811865491270 ) ) ;
#6344 = CYLINDRICAL_SURFACE ( 'NONE', #4245, 10.00000000000000888 ) ;
#6345 = LINE ( 'NONE', #7118, #4116 ) ;
#6346 = DIRECTION ( 'NONE',  ( 1.000000000000000000, 0.000000000000000000, -0.000000000000000000 ) ) ;
#6347 = EDGE_CURVE ( 'NONE', #6189, #4305, #4715, .T. ) ;
#6348 = VECTOR ( 'NONE', #8229, 1000.000000000000000 ) ;
#6349 = CARTESIAN_POINT ( 'NONE',  ( 7.334247302550203962, 35.70994651923708574, 172.6791246014287537 ) ) ;
#6350 = DIRECTION ( 'NONE',  ( 0.000000000000000000, 0.7071067811865459074, 0.7071067811865491270 ) ) ;
#6351 = ORIENTED_EDGE ( 'NONE', *, *, #7397, .T. ) ;
#6352 = CARTESIAN_POINT ( 'NONE',  ( -0.4827161456304013276, 29.62617248474822418, 166.5953505669397998 ) ) ;
#6353 = ORIENTED_EDGE ( 'NONE', *, *, #5902, .T. ) ;
#6354 = CARTESIAN_POINT ( 'NONE',  ( -59.54079941866852010, 49.44422727207163604, 186.4134053542631762 ) ) ;
#6355 = CARTESIAN_POINT ( 'NONE',  ( -24.94927904054783241, 50.64367381706104965, 180.5417840873872422 ) ) ;
#6356 = LINE ( 'NONE', #3796, #1004 ) ;
#6357 = CARTESIAN_POINT ( 'NONE',  ( 301.0000000000000000, 25.15941663802717798, -104.5410501331227380 ) ) ;
#6358 = EDGE_CURVE ( 'NONE', #248, #8000, #3295, .T. ) ;
#6359 = CARTESIAN_POINT ( 'NONE',  ( -36.74604884339206023, 33.28061699347959035, 170.2497950756711305 ) ) ;
#6360 = VERTEX_POINT ( 'NONE', #1219 ) ;
#6361 = CARTESIAN_POINT ( 'NONE',  ( -26.29540922850597795, 28.86206843368403341, 165.8312465158756197 ) ) ;
#6362 = CARTESIAN_POINT ( 'NONE',  ( -37.48904445069673130, 52.37695723374674373, 182.2750675040730073 ) ) ;
#6363 = DIRECTION ( 'NONE',  ( 0.000000000000000000, -0.4018207711872004428, -0.9157183343378701990 ) ) ;
#6364 = CARTESIAN_POINT ( 'NONE',  ( -53.33020150033579654, 32.58017957616839766, 169.5493576583599520 ) ) ;
#6365 = DIRECTION ( 'NONE',  ( 0.000000000000000000, 0.000000000000000000, 1.000000000000000000 ) ) ;
#6366 = CARTESIAN_POINT ( 'NONE',  ( -29.03586373173659041, 44.16266962884805736, 181.1318477110396827 ) ) ;
#6367 = CARTESIAN_POINT ( 'NONE',  ( -16.13340770089867249, 47.38162848893591672, 184.3508065711275492 ) ) ;
#6368 = CARTESIAN_POINT ( 'NONE',  ( 28.58038033558359103, 52.78459356357862475, 182.6827038339048102 ) ) ;
#6369 = EDGE_CURVE ( 'NONE', #5712, #742, #6370, .T. ) ;
#6370 = LINE ( 'NONE', #7100, #7906 ) ;
#6371 = VERTEX_POINT ( 'NONE', #5699 ) ;
#6372 = CARTESIAN_POINT ( 'NONE',  ( 301.0000000000000000, 38.13054645356284311, -157.9682059094869828 ) ) ;
#6373 = CARTESIAN_POINT ( 'NONE',  ( -49.02530399407967110, 38.09099045970976505, 175.0601685419013904 ) ) ;
#6374 = ORIENTED_EDGE ( 'NONE', *, *, #6383, .T. ) ;
#6375 = LINE ( 'NONE', #24, #6476 ) ;
#6376 = B_SPLINE_SURFACE_WITH_KNOTS ( 'NONE', 3, 1, ( 
 ( #3676, #1764 ),
 ( #8140, #7387 ),
 ( #8062, #2359 ),
 ( #4223, #8022 ),
 ( #1606, #4183 ),
 ( #6195, #2949 ),
 ( #7548, #6749 ),
 ( #6158, #961 ),
 ( #4900, #6791 ),
 ( #313, #3597 ),
 ( #4265, #6833 ),
 ( #8186, #1043 ),
 ( #3634, #4978 ),
 ( #4943, #7510 ),
 ( #2398, #4344 ),
 ( #8266, #3153 ),
 ( #5020, #604 ),
 ( #1165, #3073 ),
 ( #6273, #5189 ) ),
 .UNSPECIFIED., .F., .F., .F.,
 ( 4, 1, 1, 1, 1, 1, 1, 1, 1, 1, 1, 1, 1, 1, 1, 1, 4 ),
 ( 2, 2 ),
 ( 0.000000000000000000, 0.08469534261570751954, 0.1642453373870153277, 0.2391691820093136689, 0.3095701254776733746, 0.3759941514437841192, 0.4389453051395791339, 0.4989433115251102890, 0.5563367197896755822, 0.6116521485117115686, 0.6654194154028068020, 0.7182486273428833057, 0.7710955021495455863, 0.8251290860776754332, 0.8806682164874628516, 0.9388101673808646463, 1.000000000000000000 ),
 ( 0.000000000000000000, 1.000000000000000000 ),
 .UNSPECIFIED. ) ;
#6377 = CARTESIAN_POINT ( 'NONE',  ( 48.16371366891693384, 45.71352575171314214, 182.6827038339047817 ) ) ;
#6378 = CARTESIAN_POINT ( 'NONE',  ( -8.515973831083066159, 49.54368748314027471, 179.4417977534664317 ) ) ;
#6379 = VERTEX_POINT ( 'NONE', #6501 ) ;
#6380 = FACE_OUTER_BOUND ( 'NONE', #6761, .T. ) ;
#6381 = VERTEX_POINT ( 'NONE', #4483 ) ;
#6382 = CARTESIAN_POINT ( 'NONE',  ( -14.31894870119693586, 28.52700057553751378, 165.4961786577290752 ) ) ;
#6383 = EDGE_CURVE ( 'NONE', #6594, #6792, #5831, .T. ) ;
#6384 = ORIENTED_EDGE ( 'NONE', *, *, #5391, .T. ) ;
#6385 = CARTESIAN_POINT ( 'NONE',  ( 66.96579700225025533, 49.24905965764587989, 186.2182377398375195 ) ) ;
#6386 = LINE ( 'NONE', #3743, #8288 ) ;
#6387 = CARTESIAN_POINT ( 'NONE',  ( -28.87422582518733805, 36.53531702508654178, 166.4334272954126277 ) ) ;
#6388 = CARTESIAN_POINT ( 'NONE',  ( 22.66752178894142489, 31.88466712096109390, 161.7827773912871692 ) ) ;
#6389 = CARTESIAN_POINT ( 'NONE',  ( 8.169226870494105341, 34.45597232700625767, 164.3540825973323649 ) ) ;
#6390 = AXIS2_PLACEMENT_3D ( 'NONE', #6154, #1723, #308 ) ;
#6391 = B_SPLINE_CURVE_WITH_KNOTS ( 'NONE', 3,
 ( #1120, #2443, #6198, #4225, #316, #6957, #1167, #2401, #2912, #7472, #3600, #4306, #5488, #8066, #395, #2994, #5569, #7512, #6835 ),
 .UNSPECIFIED., .F., .F.,
 ( 4, 1, 1, 1, 1, 1, 1, 1, 1, 1, 1, 1, 1, 1, 1, 1, 4 ),
 ( 0.000000000000000000, 0.09406769202848024036, 0.1827388063752786451, 0.2661378738579616154, 0.3444066813009440398, 0.4176305938853758781, 0.4860769153206729309, 0.5504740518421981088, 0.6100009765173212140, 0.6654191661346944286, 0.7169085051108320394, 0.7648949693768186675, 0.8111550071561521857, 0.8569009238768495740, 0.9022772144907663661, 0.9496167807705772068, 1.000000000000000000 ),
 .UNSPECIFIED. ) ;
#6392 = LINE ( 'NONE', #8345, #5796 ) ;
#6393 = ORIENTED_EDGE ( 'NONE', *, *, #4006, .T. ) ;
#6394 = CARTESIAN_POINT ( 'NONE',  ( 301.0000000000000000, 20.21387978689617881, -76.25596632615365422 ) ) ;
#6395 = VERTEX_POINT ( 'NONE', #1350 ) ;
#6396 = EDGE_CURVE ( 'NONE', #3690, #4359, #1901, .T. ) ;
#6397 = VECTOR ( 'NONE', #6, 1000.000000000000114 ) ;
#6398 = CARTESIAN_POINT ( 'NONE',  ( -61.33530702293121806, 52.65045581322304002, 182.5485660835492467 ) ) ;
#6399 = DIRECTION ( 'NONE',  ( 0.000000000000000000, 0.7071067811865461294, 0.7071067811865489050 ) ) ;
#6400 = VECTOR ( 'NONE', #5792, 1000.000000000000114 ) ;
#6401 = LINE ( 'NONE', #1379, #6397 ) ;
#6402 = CARTESIAN_POINT ( 'NONE',  ( 305.9999999999998295, 25.44953717380417046, -103.9894308925259310 ) ) ;
#6403 = CARTESIAN_POINT ( 'NONE',  ( 79.83038033558359814, 27.74122839655510120, 164.7104064787466484 ) ) ;
#6404 = VERTEX_POINT ( 'NONE', #7054 ) ;
#6405 = VECTOR ( 'NONE', #5229, 1000.000000000000000 ) ;
#6406 = CARTESIAN_POINT ( 'NONE',  ( -24.96725288625021832, 33.33066533633252959, 163.2287756066587008 ) ) ;
#6407 = CARTESIAN_POINT ( 'NONE',  ( 301.0000000000000000, 50.63054645356283601, -185.7481538261536400 ) ) ;
#6408 = CARTESIAN_POINT ( 'NONE',  ( -306.0000000000000000, 48.13302794031941545, 115.3244233150094402 ) ) ;
#6409 = EDGE_CURVE ( 'NONE', #580, #6311, #5015, .T. ) ;
#6410 = ADVANCED_FACE ( 'NONE', ( #2621 ), #7727, .T. ) ;
#6411 = CARTESIAN_POINT ( 'NONE',  ( -54.73516011748881027, 34.91438807070771588, 164.8124983410338018 ) ) ;
#6412 = CARTESIAN_POINT ( 'NONE',  ( -55.40399466441639476, 40.62659220216154665, 177.5957702843530512 ) ) ;
#6413 = CARTESIAN_POINT ( 'NONE',  ( 306.0000000000000568, 25.00822249329111813, -108.0798456182299532 ) ) ;
#6414 = EDGE_CURVE ( 'NONE', #4937, #699, #1946, .T. ) ;
#6415 = CARTESIAN_POINT ( 'NONE',  ( 11.23376264349523090, 31.87934249306130496, 161.7774527633873731 ) ) ;
#6416 = CARTESIAN_POINT ( 'NONE',  ( -54.76834476451873712, 35.68414941002083651, 172.6533274922122985 ) ) ;
#6417 = AXIS2_PLACEMENT_3D ( 'NONE', #7965, #6146, #3579 ) ;
#6418 = DIRECTION ( 'NONE',  ( 0.000000000000000000, -0.7071067811865461294, -0.7071067811865490160 ) ) ;
#6419 = EDGE_LOOP ( 'NONE', ( #2039, #5601 ) ) ;
#6420 = DIRECTION ( 'NONE',  ( -1.000000000000000000, 0.000000000000000000, -0.000000000000000000 ) ) ;
#6421 = LINE ( 'NONE', #2583, #7974 ) ;
#6422 = EDGE_CURVE ( 'NONE', #3403, #5455, #1875, .T. ) ;
#6423 = ORIENTED_EDGE ( 'NONE', *, *, #2800, .T. ) ;
#6424 = EDGE_CURVE ( 'NONE', #7667, #907, #7856, .T. ) ;
#6425 = CARTESIAN_POINT ( 'NONE',  ( 301.0000000000000568, 50.12650554156923022, -111.4111207555631324 ) ) ;
#6426 = CARTESIAN_POINT ( 'NONE',  ( -30.65478843751511562, 27.55000381494632578, 164.5191818971378552 ) ) ;
#6427 = CARTESIAN_POINT ( 'NONE',  ( -7.811588334139966783, 49.52561122013063510, 179.4237214904568702 ) ) ;
#6428 = ADVANCED_BREP_SHAPE_REPRESENTATION ( 'chassis_top_Default_sldprt', ( #2937, #2588 ), #4748 ) ;
#6429 = ORIENTED_EDGE ( 'NONE', *, *, #450, .F. ) ;
#6430 = CARTESIAN_POINT ( 'NONE',  ( 335.9999999999999432, -53.52771198192617419, -291.2480616263205206 ) ) ;
#6431 = EDGE_LOOP ( 'NONE', ( #5334, #458, #3842, #5051 ) ) ;
#6432 = CARTESIAN_POINT ( 'NONE',  ( -19.36849941258859076, 38.35164923190563968, 168.2497595022317967 ) ) ;
#6433 = ORIENTED_EDGE ( 'NONE', *, *, #2170, .F. ) ;
#6434 = VERTEX_POINT ( 'NONE', #2069 ) ;
#6435 = CARTESIAN_POINT ( 'NONE',  ( -37.37775580624064276, 45.14416195260368170, 175.0422722229298529 ) ) ;
#6436 = FACE_OUTER_BOUND ( 'NONE', #4294, .T. ) ;
#6437 = CARTESIAN_POINT ( 'NONE',  ( -29.86736719244745686, 35.31799516319522780, 165.2161054335212498 ) ) ;
#6438 = CARTESIAN_POINT ( 'NONE',  ( -11.04768296213632084, 52.92341121784328806, 182.8215214881694806 ) ) ;
#6439 = CARTESIAN_POINT ( 'NONE',  ( 8.432501187579562796, 30.47293140113054122, 167.4421094833221559 ) ) ;
#6440 = CARTESIAN_POINT ( 'NONE',  ( -60.55100922373102179, 46.77765266534613886, 176.6757629356722816 ) ) ;
#6441 = ORIENTED_EDGE ( 'NONE', *, *, #4524, .T. ) ;
#6442 = CARTESIAN_POINT ( 'NONE',  ( -3.365005425471399025, 28.14121239569139377, 165.1103904778829872 ) ) ;
#6443 = ORIENTED_EDGE ( 'NONE', *, *, #789, .T. ) ;
#6444 = CARTESIAN_POINT ( 'NONE',  ( -58.56901078425305229, 53.06409984833834415, 182.9622101186645011 ) ) ;
#6445 = CARTESIAN_POINT ( 'NONE',  ( 335.9999999999999432, 47.27351010919175422, -274.3250455023379573 ) ) ;
#6446 = CARTESIAN_POINT ( 'NONE',  ( 305.9999999999998863, 24.79721312022951096, -106.4252371594869828 ) ) ;
#6447 = DIRECTION ( 'NONE',  ( 0.000000000000000000, 0.000000000000000000, -1.000000000000000000 ) ) ;
#6448 = ORIENTED_EDGE ( 'NONE', *, *, #4063, .T. ) ;
#6449 = CARTESIAN_POINT ( 'NONE',  ( -24.96725288625021832, 29.79513143039978473, 166.7643095125914101 ) ) ;
#6450 = CARTESIAN_POINT ( 'NONE',  ( 306.0000000000000000, -52.40044383621697932, 89.70254495192531863 ) ) ;
#6451 = LINE ( 'NONE', #702, #2160 ) ;
#6452 = LINE ( 'NONE', #2616, #5943 ) ;
#6453 = LINE ( 'NONE', #656, #571 ) ;
#6454 = DIRECTION ( 'NONE',  ( 0.000000000000000000, 0.000000000000000000, 1.000000000000000000 ) ) ;
#6455 = CARTESIAN_POINT ( 'NONE',  ( -28.02118216441640186, 38.93708576534209698, 168.8351960356682184 ) ) ;
#6456 = DIRECTION ( 'NONE',  ( 0.9764349890162639101, 0.1526019531736216572, 0.1526019531736223234 ) ) ;
#6457 = CARTESIAN_POINT ( 'NONE',  ( -59.42267055915377227, 37.14479205602938805, 174.1139701382209921 ) ) ;
#6458 = EDGE_CURVE ( 'NONE', #5423, #2044, #5362, .T. ) ;
#6459 = ORIENTED_EDGE ( 'NONE', *, *, #3365, .T. ) ;
#6460 = PLANE ( 'NONE',  #369 ) ;
#6461 = PLANE ( 'NONE',  #817 ) ;
#6462 = CARTESIAN_POINT ( 'NONE',  ( -34.13526066984860563, 27.46932185196579823, 164.4384999341574201 ) ) ;
#6463 = EDGE_LOOP ( 'NONE', ( #337, #6234, #2518, #6860 ) ) ;
#6464 = VECTOR ( 'NONE', #4696, 1000.000000000000000 ) ;
#6465 = CARTESIAN_POINT ( 'NONE',  ( 306.0000000000001705, 50.12650554156923022, -111.4111207555631324 ) ) ;
#6466 = LINE ( 'NONE', #4619, #6005 ) ;
#6467 = CARTESIAN_POINT ( 'NONE',  ( -6.526382544488663839, 49.27997557221777924, 179.1780858425439931 ) ) ;
#6468 = AXIS2_PLACEMENT_3D ( 'NONE', #6099, #6140, #6728 ) ;
#6469 = EDGE_CURVE ( 'NONE', #3171, #3296, #1438, .T. ) ;
#6470 = VERTEX_POINT ( 'NONE', #753 ) ;
#6471 = CARTESIAN_POINT ( 'NONE',  ( -48.97398199879594927, 29.90114188155078523, 166.8703199637423893 ) ) ;
#6472 = ORIENTED_EDGE ( 'NONE', *, *, #2194, .T. ) ;
#6473 = FACE_OUTER_BOUND ( 'NONE', #6431, .T. ) ;
#6474 = ORIENTED_EDGE ( 'NONE', *, *, #4310, .T. ) ;
#6475 = ORIENTED_EDGE ( 'NONE', *, *, #6414, .T. ) ;
#6476 = VECTOR ( 'NONE', #1907, 1000.000000000000000 ) ;
#6477 = CARTESIAN_POINT ( 'NONE',  ( 3.139804347247497240, 39.77361903514306363, 176.7427971173345895 ) ) ;
#6478 = LINE ( 'NONE', #1788, #3020 ) ;
#6479 = PLANE ( 'NONE',  #4660 ) ;
#6480 = CARTESIAN_POINT ( 'NONE',  ( -54.13443616552465443, 31.72013974104027767, 168.6893178232318178 ) ) ;
#6481 = CARTESIAN_POINT ( 'NONE',  ( 301.0000000000000000, 21.89107809117118464, -111.8881202126515575 ) ) ;
#6482 = VECTOR ( 'NONE', #2339, 1000.000000000000114 ) ;
#6483 = CARTESIAN_POINT ( 'NONE',  ( -56.14029929039426037, 40.82833997896869960, 177.7975180611602752 ) ) ;
#6484 = ORIENTED_EDGE ( 'NONE', *, *, #7604, .T. ) ;
#6485 = CARTESIAN_POINT ( 'NONE',  ( -4.506069628798258897, 27.82586436786056083, 164.7950424500521081 ) ) ;
#6486 = ORIENTED_EDGE ( 'NONE', *, *, #1624, .T. ) ;
#6487 = DIRECTION ( 'NONE',  ( -1.000000000000000000, 0.000000000000000000, 0.000000000000000000 ) ) ;
#6488 = DIRECTION ( 'NONE',  ( 1.000000000000000000, -0.000000000000000000, -0.000000000000000000 ) ) ;
#6489 = CARTESIAN_POINT ( 'NONE',  ( -57.47241651007656316, 30.98416383285971065, 167.9533419150512827 ) ) ;
#6490 = CARTESIAN_POINT ( 'NONE',  ( -55.32846032822454418, 49.15890231881353856, 179.0570125891397026 ) ) ;
#6491 = VERTEX_POINT ( 'NONE', #3342 ) ;
#6492 = CARTESIAN_POINT ( 'NONE',  ( -46.83628633108306616, 37.56982851265717471, 167.4679387829833104 ) ) ;
#6493 = CARTESIAN_POINT ( 'NONE',  ( -12.01283402179470983, 48.05081681411036953, 177.9489270844365194 ) ) ;
#6494 = LINE ( 'NONE', #6408, #5664 ) ;
#6495 = CARTESIAN_POINT ( 'NONE',  ( 306.0000000000000000, -73.76327744973373512, 115.6831564879060750 ) ) ;
#6496 = EDGE_CURVE ( 'NONE', #8258, #1405, #3382, .T. ) ;
#6497 = CARTESIAN_POINT ( 'NONE',  ( -47.06741285169353972, 39.09765084466779683, 168.9957611149939112 ) ) ;
#6498 = CARTESIAN_POINT ( 'NONE',  ( 20.94016574310475676, 37.12295972187654769, 167.0210699922026834 ) ) ;
#6499 = DIRECTION ( 'NONE',  ( 0.9919647339147785736, -0.08945939489339034545, -0.08945939489338795847 ) ) ;
#6500 = DIRECTION ( 'NONE',  ( -0.000000000000000000, -0.000000000000000000, 1.000000000000000000 ) ) ;
#6501 = CARTESIAN_POINT ( 'NONE',  ( 301.0000000000000000, 50.63054645356283601, -85.53331007615365422 ) ) ;
#6502 = ORIENTED_EDGE ( 'NONE', *, *, #6058, .T. ) ;
#6503 = CARTESIAN_POINT ( 'NONE',  ( 335.9999999999999432, 47.27351010919175422, -328.0411557974455263 ) ) ;
#6504 = CARTESIAN_POINT ( 'NONE',  ( 79.83038033558359814, 31.27676230248784606, 161.1748725728139391 ) ) ;
#6505 = CARTESIAN_POINT ( 'NONE',  ( -36.60953633073974345, 27.84949834623717635, 164.8186764284287449 ) ) ;
#6506 = CARTESIAN_POINT ( 'NONE',  ( -32.79331758108306616, 30.98213447699344769, 160.8802447473195230 ) ) ;
#6507 = EDGE_CURVE ( 'NONE', #6773, #1119, #5914, .T. ) ;
#6508 = CARTESIAN_POINT ( 'NONE',  ( -27.85876590797440500, 28.16132243039139382, 165.1305005125829553 ) ) ;
#6509 = CARTESIAN_POINT ( 'NONE',  ( 301.0000000000000000, 40.06633134577442235, -101.2109154895502883 ) ) ;
#6510 = ORIENTED_EDGE ( 'NONE', *, *, #732, .F. ) ;
#6511 = CARTESIAN_POINT ( 'NONE',  ( -49.62835271066576581, 29.40199151491772156, 166.3711695971092581 ) ) ;
#6512 = VERTEX_POINT ( 'NONE', #7343 ) ;
#6513 = CARTESIAN_POINT ( 'NONE',  ( -57.60451549774973046, 30.98213447699344769, 160.8802447473195230 ) ) ;
#6514 = VERTEX_POINT ( 'NONE', #1562 ) ;
#6516 = EDGE_CURVE ( 'NONE', #1729, #4924, #1164, .T. ) ;
#6515 = CARTESIAN_POINT ( 'NONE',  ( -37.50209633637432205, 44.38290938618838766, 174.2810196565145304 ) ) ;
#6517 = LINE ( 'NONE', #4825, #2623 ) ;
#6518 = LINE ( 'NONE', #3358, #2630 ) ;
#6519 = CARTESIAN_POINT ( 'NONE',  ( 306.0000000000000000, 20.21387978689617881, -132.9682059094869544 ) ) ;
#6520 = B_SPLINE_SURFACE_WITH_KNOTS ( 'NONE', 3, 1, ( 
 ( #8073, #4909 ),
 ( #3516, #2408 ),
 ( #6759, #6127 ),
 ( #6878, #6087 ),
 ( #4868, #8196 ),
 ( #280, #5535 ),
 ( #8033, #7479 ),
 ( #2287, #362 ),
 ( #4826, #6205 ),
 ( #969, #7396 ),
 ( #1614, #3560 ),
 ( #1736, #8111 ),
 ( #1700, #6841 ),
 ( #324, #1053 ),
 ( #7439, #3000 ),
 ( #4231, #3645 ),
 ( #6799, #3685 ),
 ( #6241, #8150 ),
 ( #402, #444 ) ),
 .UNSPECIFIED., .F., .F., .F.,
 ( 4, 1, 1, 1, 1, 1, 1, 1, 1, 1, 1, 1, 1, 1, 1, 1, 4 ),
 ( 2, 2 ),
 ( 0.000000000000000000, 0.06941254106657468448, 0.1353414762920678305, 0.1991207205760013588, 0.2605883497725975384, 0.3201421186638009897, 0.3784162719999607516, 0.4361316809910258940, 0.4932419516963454931, 0.5510884096009999178, 0.6088423932581746856, 0.6683213223222764787, 0.7297110032428135717, 0.7930610477092870925, 0.8591856181874243381, 0.9281733381540206995, 1.000000000000000000 ),
 ( 0.000000000000000000, 1.000000000000000000 ),
 .UNSPECIFIED. ) ;
#6521 = CARTESIAN_POINT ( 'NONE',  ( -4.313079361304998471, 36.46938655255976869, 166.3674968228858120 ) ) ;
#6522 = CARTESIAN_POINT ( 'NONE',  ( -306.0000000000000000, 80.00000000000000000, 206.9691780821917462 ) ) ;
#6523 = VERTEX_POINT ( 'NONE', #7940 ) ;
#6524 = VERTEX_POINT ( 'NONE', #189 ) ;
#6525 = EDGE_CURVE ( 'NONE', #4497, #2094, #6663, .T. ) ;
#6526 = LINE ( 'NONE', #2175, #3298 ) ;
#6527 = FACE_OUTER_BOUND ( 'NONE', #3424, .T. ) ;
#6528 = CARTESIAN_POINT ( 'NONE',  ( -57.78687916036846417, 30.98813074755434371, 167.9573088297459265 ) ) ;
#6529 = VECTOR ( 'NONE', #2261, 1000.000000000000114 ) ;
#6530 = CARTESIAN_POINT ( 'NONE',  ( 48.16371366891693384, 45.71352575171314214, 182.6827038339047817 ) ) ;
#6531 = VERTEX_POINT ( 'NONE', #7308 ) ;
#6532 = CARTESIAN_POINT ( 'NONE',  ( 301.0000000000000000, 23.54721312022951096, -112.8965913261536542 ) ) ;
#6533 = CARTESIAN_POINT ( 'NONE',  ( 301.0000000000000000, 27.71387978689617526, -85.45518507615365422 ) ) ;
#6534 = LINE ( 'NONE', #3336, #380 ) ;
#6535 = AXIS2_PLACEMENT_3D ( 'NONE', #8311, #7127, #2522 ) ;
#6536 = VECTOR ( 'NONE', #8274, 1000.000000000000000 ) ;
#6537 = DIRECTION ( 'NONE',  ( -0.000000000000000000, -0.7071067811865489050, 0.7071067811865460184 ) ) ;
#6538 = DIRECTION ( 'NONE',  ( -0.000000000000000000, -0.7071067811865489050, 0.7071067811865460184 ) ) ;
#6539 = DIRECTION ( 'NONE',  ( 1.000000000000000000, -0.000000000000000000, -0.000000000000000000 ) ) ;
#6540 = LINE ( 'NONE', #6455, #7338 ) ;
#6541 = CARTESIAN_POINT ( 'NONE',  ( -28.13737108554640187, 45.38969123508922365, 175.2878015054153593 ) ) ;
#6542 = CARTESIAN_POINT ( 'NONE',  ( -63.73348684329123159, 38.69324423814601488, 175.6624223203376403 ) ) ;
#6543 = AXIS2_PLACEMENT_3D ( 'NONE', #2523, #5101, #7673 ) ;
#6544 = VECTOR ( 'NONE', #7769, 1000.000000000000114 ) ;
#6545 = VERTEX_POINT ( 'NONE', #1520 ) ;
#6546 = LINE ( 'NONE', #5243, #3913 ) ;
#6547 = LINE ( 'NONE', #795, #682 ) ;
#6548 = CARTESIAN_POINT ( 'NONE',  ( -10.26956898585401845, 34.78351520866411306, 164.6816254789902416 ) ) ;
#6549 = CARTESIAN_POINT ( 'NONE',  ( 306.0000000000000568, 43.70875545987203736, -116.6195880325007437 ) ) ;
#6550 = VECTOR ( 'NONE', #6694, 1000.000000000000114 ) ;
#6551 = CARTESIAN_POINT ( 'NONE',  ( 19.66524335594790074, 27.60236188738090846, 164.5715399695724557 ) ) ;
#6552 = CARTESIAN_POINT ( 'NONE',  ( -56.98033892926461874, 34.52462622500332401, 164.4227364953294170 ) ) ;
#6553 = ORIENTED_EDGE ( 'NONE', *, *, #3651, .F. ) ;
#6554 = DIRECTION ( 'NONE',  ( 1.000000000000000000, -0.000000000000000000, 0.000000000000000000 ) ) ;
#6555 = ORIENTED_EDGE ( 'NONE', *, *, #2552, .F. ) ;
#6556 = DIRECTION ( 'NONE',  ( 0.000000000000000000, 0.7071067811865230368, 0.7071067811865721087 ) ) ;
#6557 = VERTEX_POINT ( 'NONE', #871 ) ;
#6558 = CARTESIAN_POINT ( 'NONE',  ( 301.0000000000000568, 19.80752441322442081, -106.2348908531762817 ) ) ;
#6559 = PLANE ( 'NONE',  #4938 ) ;
#6560 = CARTESIAN_POINT ( 'NONE',  ( 301.0000000000001137, 44.75294451597446965, -109.5931439772713958 ) ) ;
#6561 = PLANE ( 'NONE',  #6268 ) ;
#6562 = DIRECTION ( 'NONE',  ( 0.000000000000000000, 0.000000000000000000, -1.000000000000000000 ) ) ;
#6563 = EDGE_CURVE ( 'NONE', #1587, #1333, #3466, .T. ) ;
#6564 = CARTESIAN_POINT ( 'NONE',  ( -57.60451549774973046, 30.98213447699344769, 160.8802447473195230 ) ) ;
#6565 = VERTEX_POINT ( 'NONE', #7183 ) ;
#6566 = EDGE_CURVE ( 'NONE', #2838, #5421, #1392, .T. ) ;
#6567 = ORIENTED_EDGE ( 'NONE', *, *, #2962, .F. ) ;
#6568 = CARTESIAN_POINT ( 'NONE',  ( -3.089830434985268770, 38.20200065669004630, 175.1711787388815367 ) ) ;
#6569 = PLANE ( 'NONE',  #5866 ) ;
#6570 = CARTESIAN_POINT ( 'NONE',  ( -58.24623858975276391, 34.57306870149361799, 164.4711789718197394 ) ) ;
#6571 = CARTESIAN_POINT ( 'NONE',  ( 301.0000000000000000, 50.63054645356283601, -121.3015392428203256 ) ) ;
#6572 = EDGE_CURVE ( 'NONE', #7529, #4399, #5311, .T. ) ;
#6573 = CARTESIAN_POINT ( 'NONE',  ( -43.55536978052784747, 38.51843082382095673, 168.4165410941470498 ) ) ;
#6574 = LINE ( 'NONE', #4762, #6598 ) ;
#6575 = LINE ( 'NONE', #7176, #534 ) ;
#6576 = CARTESIAN_POINT ( 'NONE',  ( -66.82321926251826483, 46.65497694868146539, 176.5530872190076082 ) ) ;
#6577 = CARTESIAN_POINT ( 'NONE',  ( -36.44919978352463374, 36.33583994004362694, 166.2339502103697555 ) ) ;
#6578 = CARTESIAN_POINT ( 'NONE',  ( -48.40355383620609331, 33.96433735782480312, 163.8624476281509033 ) ) ;
#6579 = CARTESIAN_POINT ( 'NONE',  ( 85.66371366891692674, 31.27676230248784606, 161.1748725728139391 ) ) ;
#6580 = LINE ( 'NONE', #3548, #4373 ) ;
#6581 = LINE ( 'NONE', #4649, #3719 ) ;
#6582 = CARTESIAN_POINT ( 'NONE',  ( -8.444359247749735786, 34.51766838292617479, 164.4157786532522607 ) ) ;
#6583 = EDGE_LOOP ( 'NONE', ( #19, #2548, #407, #2687 ) ) ;
#6584 = CARTESIAN_POINT ( 'NONE',  ( 301.0000000000000000, 33.13054645356284311, -157.9682059094869828 ) ) ;
#6585 = DIRECTION ( 'NONE',  ( 0.000000000000000000, 0.9711261439659898409, 0.2385665787694233320 ) ) ;
#6586 = CARTESIAN_POINT ( 'NONE',  ( 301.0000000000000568, 26.35729035811510812, -110.0963443200974865 ) ) ;
#6587 = CARTESIAN_POINT ( 'NONE',  ( -5.468489082213654484, 45.23972667801196934, 182.2089047602036089 ) ) ;
#6588 = CARTESIAN_POINT ( 'NONE',  ( -15.25471774626137034, 32.54985033297555219, 162.4479606033015386 ) ) ;
#6589 = CARTESIAN_POINT ( 'NONE',  ( -306.0000000000000000, 80.00000000000000000, -348.0308219178082254 ) ) ;
#6590 = ORIENTED_EDGE ( 'NONE', *, *, #8189, .F. ) ;
#6591 = VECTOR ( 'NONE', #2455, 1000.000000000000114 ) ;
#6592 = ORIENTED_EDGE ( 'NONE', *, *, #8112, .T. ) ;
#6593 = DIRECTION ( 'NONE',  ( 0.000000000000000000, 0.7071067811865459074, 0.7071067811865491270 ) ) ;
#6594 = VERTEX_POINT ( 'NONE', #2321 ) ;
#6595 = CARTESIAN_POINT ( 'NONE',  ( -37.66603611835881793, 42.06908279186468747, 171.9671930621908018 ) ) ;
#6596 = EDGE_CURVE ( 'NONE', #3394, #2961, #4816, .T. ) ;
#6597 = LINE ( 'NONE', #5377, #4526 ) ;
#6598 = VECTOR ( 'NONE', #3334, 1000.000000000000000 ) ;
#6599 = CARTESIAN_POINT ( 'NONE',  ( 300.9999999999999432, 46.00900131778217172, -107.0919203124098829 ) ) ;
#6600 = DIRECTION ( 'NONE',  ( 0.000000000000000000, 0.000000000000000000, -1.000000000000000000 ) ) ;
#6601 = EDGE_CURVE ( 'NONE', #4695, #6773, #392, .T. ) ;
#6602 = CARTESIAN_POINT ( 'NONE',  ( 300.9999999999998863, 23.24788734185630190, -112.7577900897377390 ) ) ;
#6603 = VECTOR ( 'NONE', #7015, 1000.000000000000114 ) ;
#6604 = DIRECTION ( 'NONE',  ( 1.000000000000000000, -0.000000000000000000, -0.000000000000000000 ) ) ;
#6605 = ORIENTED_EDGE ( 'NONE', *, *, #7703, .T. ) ;
#6606 = ORIENTED_EDGE ( 'NONE', *, *, #3063, .F. ) ;
#6607 = EDGE_CURVE ( 'NONE', #4203, #7992, #7429, .T. ) ;
#6608 = CARTESIAN_POINT ( 'NONE',  ( -47.66961966441640186, 47.51351762309296589, 177.4116278934191087 ) ) ;
#6609 = CARTESIAN_POINT ( 'NONE',  ( -61.41084486154422706, 36.33107865907591361, 166.2291889294020564 ) ) ;
#6610 = CARTESIAN_POINT ( 'NONE',  ( -58.24623858975276391, 31.03753479556088379, 168.0067128777524488 ) ) ;
#6611 = CARTESIAN_POINT ( 'NONE',  ( 306.0000000000000000, 20.21387978689617881, -178.3848725761536400 ) ) ;
#6612 = CARTESIAN_POINT ( 'NONE',  ( -40.28866203019163095, 47.32939767243063756, 184.2985757546222487 ) ) ;
#6613 = LINE ( 'NONE', #1510, #1881 ) ;
#6614 = APPROVAL_DATE_TIME ( #2899, #4549 ) ;
#6615 = LINE ( 'NONE', #7298, #2836 ) ;
#6616 = ORIENTED_EDGE ( 'NONE', *, *, #2521, .T. ) ;
#6617 = VECTOR ( 'NONE', #3039, 1000.000000000000114 ) ;
#6618 = CARTESIAN_POINT ( 'NONE',  ( -34.90998103102493388, 31.42641683451828527, 168.3955949167096549 ) ) ;
#6619 = LINE ( 'NONE', #8017, #8008 ) ;
#6620 = CARTESIAN_POINT ( 'NONE',  ( 19.06920729515770674, 34.74511338929310256, 164.6432236596191956 ) ) ;
#6621 = EDGE_CURVE ( 'NONE', #1832, #6689, #6118, .T. ) ;
#6622 = CARTESIAN_POINT ( 'NONE',  ( -47.66961966441640186, 47.51351762309296589, 177.4116278934191087 ) ) ;
#6623 = LINE ( 'NONE', #6662, #2638 ) ;
#6624 = B_SPLINE_CURVE_WITH_KNOTS ( 'NONE', 3,
 ( #7449, #1131, #1537, #486, #2296, #2804, #2256, #3729, #5378, #3083, #5655 ),
 .UNSPECIFIED., .F., .F.,
 ( 4, 1, 1, 1, 1, 1, 1, 1, 4 ),
 ( 0.000000000000000000, 0.1752808661683652180, 0.3268566712195344337, 0.4566612186565049969, 0.5668972303746157015, 0.6675643697767911222, 0.7708795911880118590, 0.8800479994124067451, 1.000000000000000000 ),
 .UNSPECIFIED. ) ;
#6625 = CARTESIAN_POINT ( 'NONE',  ( 306.0000000000000000, 37.91071327473926544, -100.9617054369579279 ) ) ;
#6626 = AXIS2_PLACEMENT_3D ( 'NONE', #8317, #4947, #3759 ) ;
#6627 = ORIENTED_EDGE ( 'NONE', *, *, #3066, .T. ) ;
#6628 = LINE ( 'NONE', #2239, #7410 ) ;
#6629 = CARTESIAN_POINT ( 'NONE',  ( -59.64868645211141285, 42.11700294706964343, 179.0861810292612972 ) ) ;
#6630 = CARTESIAN_POINT ( 'NONE',  ( -49.51580442163390217, 46.91537436863370658, 183.8845524508253675 ) ) ;
#6631 = CARTESIAN_POINT ( 'NONE',  ( 16.96305991833870053, 34.52415470430342026, 164.4222649746295701 ) ) ;
#6632 = DIRECTION ( 'NONE',  ( 0.000000000000000000, 0.000000000000000000, 1.000000000000000000 ) ) ;
#6633 = ADVANCED_FACE ( 'NONE', ( #5607 ), #6376, .T. ) ;
#6634 = DIRECTION ( 'NONE',  ( 0.3514360319032393543, -0.6620017807680358413, -0.6620017807680389499 ) ) ;
#6635 = ORIENTED_EDGE ( 'NONE', *, *, #2229, .F. ) ;
#6636 = ORIENTED_EDGE ( 'NONE', *, *, #7021, .F. ) ;
#6637 = CARTESIAN_POINT ( 'NONE',  ( -37.20219607701095299, 42.30942197422010764, 179.2786000564117614 ) ) ;
#6638 = EDGE_LOOP ( 'NONE', ( #4560, #2688, #4537, #1757 ) ) ;
#6639 = CARTESIAN_POINT ( 'NONE',  ( -13.49079859609418008, 41.17713549774392590, 171.0752457680700900 ) ) ;
#6640 = CARTESIAN_POINT ( 'NONE',  ( 85.66371366891692674, 52.78459356357862475, 182.6827038339048102 ) ) ;
#6641 = CARTESIAN_POINT ( 'NONE',  ( -58.24623858975276391, 31.03753479556087314, 168.0067128777524488 ) ) ;
#6642 = CARTESIAN_POINT ( 'NONE',  ( -63.73348684329123159, 42.22877814407875974, 172.1268884144049025 ) ) ;
#6643 = EDGE_CURVE ( 'NONE', #159, #4505, #558, .T. ) ;
#6644 = CARTESIAN_POINT ( 'NONE',  ( -63.05340428298052302, 31.86847617878481387, 161.7665864491109176 ) ) ;
#6645 = ORIENTED_EDGE ( 'NONE', *, *, #8282, .T. ) ;
#6646 = ORIENTED_EDGE ( 'NONE', *, *, #4254, .T. ) ;
#6647 = CARTESIAN_POINT ( 'NONE',  ( -3.766946916088933506, 37.54847665362078146, 167.4465869239468532 ) ) ;
#6648 = CARTESIAN_POINT ( 'NONE',  ( -60.86410139168603450, 35.72951449899937870, 165.6276247693255073 ) ) ;
#6649 = CARTESIAN_POINT ( 'NONE',  ( -59.10326694573539186, 31.21729523203494239, 168.1864733142265038 ) ) ;
#6650 = CARTESIAN_POINT ( 'NONE',  ( 306.0000000000000000, 20.21387978689617881, -170.0515392428203256 ) ) ;
#6651 = EDGE_CURVE ( 'NONE', #3198, #113, #7042, .T. ) ;
#6652 = CARTESIAN_POINT ( 'NONE',  ( -66.49346322054179836, 48.76520441891879898, 178.6633146892449702 ) ) ;
#6653 = DIRECTION ( 'NONE',  ( 0.000000000000000000, -0.9011355505897479246, 0.4335374487438331537 ) ) ;
#6654 = PERSON_AND_ORGANIZATION_ROLE ( 'classification_officer' ) ;
#6655 = DIRECTION ( 'NONE',  ( 0.000000000000000000, 0.000000000000000000, -1.000000000000000000 ) ) ;
#6656 = ORIENTED_EDGE ( 'NONE', *, *, #3983, .F. ) ;
#6657 = CARTESIAN_POINT ( 'NONE',  ( 306.0000000000000000, 48.23670732222217339, 115.6222004174907170 ) ) ;
#6658 = VECTOR ( 'NONE', #7670, 1000.000000000000000 ) ;
#6659 = CARTESIAN_POINT ( 'NONE',  ( 306.0000000000000000, 33.13054645356284311, -167.1348725761536684 ) ) ;
#6660 = CARTESIAN_POINT ( 'NONE',  ( 3.139804347247497240, 39.77361903514302099, 176.7427971173346180 ) ) ;
#6661 = CARTESIAN_POINT ( 'NONE',  ( -48.63558108985553474, 49.40140012901584043, 179.2995103993420116 ) ) ;
#6662 = CARTESIAN_POINT ( 'NONE',  ( -22.25295299774973756, 41.85113910187257602, 178.8203171840641801 ) ) ;
#6663 = LINE ( 'NONE', #2787, #1831 ) ;
#6664 = ORIENTED_EDGE ( 'NONE', *, *, #3694, .T. ) ;
#6665 = EDGE_CURVE ( 'NONE', #4399, #4993, #2384, .T. ) ;
#6666 = AXIS2_PLACEMENT_3D ( 'NONE', #6102, #7251, #1545 ) ;
#6667 = DIRECTION ( 'NONE',  ( -0.000000000000000000, 0.9999972926284180774, 0.002326958494241675428 ) ) ;
#6668 = CARTESIAN_POINT ( 'NONE',  ( 0.2887933724838134264, 33.83650631613289761, 163.7346165864589977 ) ) ;
#6669 = CARTESIAN_POINT ( 'NONE',  ( 306.0000000000000000, 24.88310201603878014, -107.5634628289436421 ) ) ;
#6670 = EDGE_CURVE ( 'NONE', #6360, #3065, #1208, .T. ) ;
#6671 = CARTESIAN_POINT ( 'NONE',  ( 13.68797871310178316, 33.84065479970242052, 170.8098328818940388 ) ) ;
#6672 = PLANE ( 'NONE',  #4661 ) ;
#6673 = CARTESIAN_POINT ( 'NONE',  ( -57.61102591441640186, 49.54368748314027471, 179.4417977534664317 ) ) ;
#6674 = CARTESIAN_POINT ( 'NONE',  ( -11.64994594973799735, 48.45099858499515477, 178.3491088553213046 ) ) ;
#6675 = VECTOR ( 'NONE', #6767, 1000.000000000000114 ) ;
#6676 = VECTOR ( 'NONE', #5166, 1000.000000000000114 ) ;
#6677 = VERTEX_POINT ( 'NONE', #1979 ) ;
#6678 = B_SPLINE_CURVE_WITH_KNOTS ( 'NONE', 3,
 ( #5748, #3769, #7521, #8329, #2538, #6330, #1739, #6373, #4319, #3129, #5118, #6883, #5702, #7647, #4441 ),
 .UNSPECIFIED., .F., .F.,
 ( 4, 1, 1, 1, 1, 1, 1, 1, 1, 1, 1, 1, 4 ),
 ( 0.000000000000000000, 0.1174667728004277489, 0.2220911888904261722, 0.3138342698107446926, 0.3938473175792562841, 0.4668369566114884406, 0.5397267551058773094, 0.6129654000265285507, 0.6878616652006325216, 0.7636054377059043885, 0.8402452639219253339, 0.9182857188141173577, 0.9999999999999998890 ),
 .UNSPECIFIED. ) ;
#6679 = EDGE_CURVE ( 'NONE', #3391, #4695, #3196, .T. ) ;
#6680 = VERTEX_POINT ( 'NONE', #1250 ) ;
#6681 = EDGE_CURVE ( 'NONE', #4817, #6524, #7633, .T. ) ;
#6682 = CARTESIAN_POINT ( 'NONE',  ( -60.13986875306507329, 48.55820723789370419, 178.4563175082198256 ) ) ;
#6683 = ORIENTED_EDGE ( 'NONE', *, *, #7145, .T. ) ;
#6684 = CARTESIAN_POINT ( 'NONE',  ( -7.094999897626568242, 53.05387104818411359, 182.9519813185103487 ) ) ;
#6685 = DIRECTION ( 'NONE',  ( 0.000000000000000000, 1.000000000000000000, 0.000000000000000000 ) ) ;
#6686 = CARTESIAN_POINT ( 'NONE',  ( 301.0000000000000000, 20.80457240478336800, -101.0955242769673248 ) ) ;
#6687 = AXIS2_PLACEMENT_3D ( 'NONE', #7845, #2138, #4719 ) ;
#6688 = PLANE ( 'NONE',  #2308 ) ;
#6689 = VERTEX_POINT ( 'NONE', #4513 ) ;
#6690 = LINE ( 'NONE', #2051, #2290 ) ;
#6691 = ORIENTED_EDGE ( 'NONE', *, *, #6971, .F. ) ;
#6692 = CARTESIAN_POINT ( 'NONE',  ( -8.444359247749737563, 30.98213447699348322, 167.9513125591849700 ) ) ;
#6693 = CARTESIAN_POINT ( 'NONE',  ( -62.92171354224083757, 48.55407732602004245, 185.5232554082116678 ) ) ;
#6694 = DIRECTION ( 'NONE',  ( -0.000000000000000000, -0.7071067811865489050, 0.7071067811865460184 ) ) ;
#6695 = CARTESIAN_POINT ( 'NONE',  ( 16.42045276843677115, 30.99080362321256032, 160.8889138935386427 ) ) ;
#6696 = EDGE_CURVE ( 'NONE', #4572, #3383, #8226, .T. ) ;
#6697 = CARTESIAN_POINT ( 'NONE',  ( -57.90433689271031881, 53.07411510950356615, 182.9722253798297515 ) ) ;
#6698 = CARTESIAN_POINT ( 'NONE',  ( 105.4618907522502695, 31.27676230248784606, 161.1748725728139391 ) ) ;
#6699 = ORIENTED_EDGE ( 'NONE', *, *, #450, .T. ) ;
#6700 = APPROVAL_ROLE ( '' ) ;
#6701 = CARTESIAN_POINT ( 'NONE',  ( -60.82919803323083840, 41.10363925166847565, 171.0017495219945829 ) ) ;
#6702 = ORIENTED_EDGE ( 'NONE', *, *, #1200, .T. ) ;
#6703 = CARTESIAN_POINT ( 'NONE',  ( -33.32707484566373068, 34.53082681510247909, 164.4289370854285437 ) ) ;
#6704 = CARTESIAN_POINT ( 'NONE',  ( -46.83628633108307326, 34.03429460672447249, 171.0034726889160197 ) ) ;
#6705 = CARTESIAN_POINT ( 'NONE',  ( -1.392349339363824878, 47.95024327886432047, 184.9194213610559814 ) ) ;
#6706 = CARTESIAN_POINT ( 'NONE',  ( 300.9999999999999432, 50.91427766675433020, -108.6518226853865201 ) ) ;
#6707 = CARTESIAN_POINT ( 'NONE',  ( 17.18064075225026244, 34.51766838292617479, 164.4157786532522891 ) ) ;
#6708 = CARTESIAN_POINT ( 'NONE',  ( 306.0000000000001137, 46.02743965370814294, -105.6254244044818194 ) ) ;
#6709 = ORIENTED_EDGE ( 'NONE', *, *, #496, .F. ) ;
#6710 = DIRECTION ( 'NONE',  ( 0.000000000000000000, -0.7071067811865461294, -0.7071067811865490160 ) ) ;
#6711 = CARTESIAN_POINT ( 'NONE',  ( 305.9999999999999432, 19.80894602335289534, -105.3653902569264176 ) ) ;
#6712 = CARTESIAN_POINT ( 'NONE',  ( 306.0000000000000000, 26.77706205187656963, -110.3815596571485429 ) ) ;
#6713 = CARTESIAN_POINT ( 'NONE',  ( 16.54582874111257595, 31.00105891369288003, 167.9702369958845338 ) ) ;
#6714 = LINE ( 'NONE', #4071, #4527 ) ;
#6715 = CARTESIAN_POINT ( 'NONE',  ( -40.48137385287521539, 29.73798670510664266, 166.7071647872980691 ) ) ;
#6716 = CARTESIAN_POINT ( 'NONE',  ( -13.05599911639579247, 45.89441115590229003, 175.7925214262284328 ) ) ;
#6717 = EDGE_LOOP ( 'NONE', ( #7565, #8380, #7130, #6474 ) ) ;
#6718 = ORIENTED_EDGE ( 'NONE', *, *, #1449, .F. ) ;
#6719 = CARTESIAN_POINT ( 'NONE',  ( -57.61102591441640186, 49.54368748314027471, 179.4417977534664317 ) ) ;
#6720 = EDGE_LOOP ( 'NONE', ( #1403, #4634 ) ) ;
#6721 = CARTESIAN_POINT ( 'NONE',  ( -4.550124139531575018, 52.69873695657607016, 182.5968472269022413 ) ) ;
#6722 = B_SPLINE_CURVE_WITH_KNOTS ( 'NONE', 3,
 ( #1567, #7348, #4776, #4861, #2870, #6629, #4226, #5999, #5366, #964, #7433, #193, #4146, #7311, #7943 ),
 .UNSPECIFIED., .F., .F.,
 ( 4, 1, 1, 1, 1, 1, 1, 1, 1, 1, 1, 1, 4 ),
 ( 0.000000000000000000, 0.09768471262218053619, 0.1880375929431148951, 0.2740553127882872642, 0.3611496187057845475, 0.4102339364253222431, 0.4679398276653002897, 0.5339141825485744786, 0.6089483485822612119, 0.6931695465397319511, 0.7866845381358551492, 0.8886340909017108602, 1.000000000000000000 ),
 .UNSPECIFIED. ) ;
#6723 = DIRECTION ( 'NONE',  ( 0.000000000000000000, -0.2152851571067859737, 0.9765512281132548988 ) ) ;
#6724 = EDGE_CURVE ( 'NONE', #851, #4895, #7588, .T. ) ;
#6725 = DIRECTION ( 'NONE',  ( 0.000000000000000000, 0.000000000000000000, -1.000000000000000000 ) ) ;
#6726 = DIRECTION ( 'NONE',  ( -1.000000000000000000, 0.000000000000000000, 0.000000000000000000 ) ) ;
#6727 = ORIENTED_EDGE ( 'NONE', *, *, #5747, .F. ) ;
#6728 = DIRECTION ( 'NONE',  ( 0.000000000000000000, -0.9682611462521856227, -0.2499406982834197766 ) ) ;
#6729 = ORIENTED_EDGE ( 'NONE', *, *, #2544, .T. ) ;
#6730 = B_SPLINE_CURVE_WITH_KNOTS ( 'NONE', 3,
 ( #6673, #2005, #6798, #2834, #881, #3559, #5408, #279, #3957, #6086, #1011 ),
 .UNSPECIFIED., .F., .F.,
 ( 4, 1, 1, 1, 1, 1, 1, 1, 4 ),
 ( 0.000000000000000000, 0.1305442956474595906, 0.2509933561331109120, 0.3697875653681558794, 0.4918546329088382407, 0.6152265009146742347, 0.7368748122725049532, 0.8642812210121737504, 1.000000000000000000 ),
 .UNSPECIFIED. ) ;
#6731 = VECTOR ( 'NONE', #6667, 1000.000000000000000 ) ;
#6732 = CARTESIAN_POINT ( 'NONE',  ( 306.0000000000000000, 27.71387978689617526, -78.05935174282031142 ) ) ;
#6733 = EDGE_CURVE ( 'NONE', #1883, #4614, #2524, .T. ) ;
#6734 = CARTESIAN_POINT ( 'NONE',  ( -60.46274684152301404, 49.30683016570345245, 186.2760082478951063 ) ) ;
#6735 = CARTESIAN_POINT ( 'NONE',  ( 281.0000000000000000, 80.00000000000000000, -373.0308219178082254 ) ) ;
#6736 = DIRECTION ( 'NONE',  ( 0.2450416351381770053, 0.6855489030874475365, 0.6855489030874500900 ) ) ;
#6737 = VECTOR ( 'NONE', #94, 1000.000000000000114 ) ;
#6738 = CARTESIAN_POINT ( 'NONE',  ( -38.72664803170169279, 32.14036162364075011, 162.0384718939668574 ) ) ;
#6739 = CARTESIAN_POINT ( 'NONE',  ( -36.38665382944757454, 49.15119050726350025, 186.1203685894552109 ) ) ;
#6740 = ORIENTED_EDGE ( 'NONE', *, *, #6991, .T. ) ;
#6741 = LINE ( 'NONE', #3498, #6334 ) ;
#6742 = EDGE_LOOP ( 'NONE', ( #1472, #3278, #4031, #394, #8086, #7401 ) ) ;
#6743 = CARTESIAN_POINT ( 'NONE',  ( -56.14029929039426037, 44.36387388490142314, 174.2619841552275943 ) ) ;
#6744 = VECTOR ( 'NONE', #2584, 1000.000000000000000 ) ;
#6745 = CARTESIAN_POINT ( 'NONE',  ( -47.92100274704586838, 34.51367277448931503, 164.4117830448153939 ) ) ;
#6746 = CARTESIAN_POINT ( 'NONE',  ( 0.2539500686132619145, 46.68524694396694485, 183.6544250261585489 ) ) ;
#6747 = CARTESIAN_POINT ( 'NONE',  ( 300.9999999999999432, 43.70875545987203736, -116.6195880325007437 ) ) ;
#6748 = CARTESIAN_POINT ( 'NONE',  ( -53.77706701101720910, 35.07693010072687656, 172.0461081829184593 ) ) ;
#6749 = CARTESIAN_POINT ( 'NONE',  ( -18.65462465564770156, 44.21885762393274177, 181.1880357061243956 ) ) ;
#6750 = ORIENTED_EDGE ( 'NONE', *, *, #4152, .T. ) ;
#6751 = DIRECTION ( 'NONE',  ( 0.000000000000000000, 0.000000000000000000, 1.000000000000000000 ) ) ;
#6752 = AXIS2_PLACEMENT_3D ( 'NONE', #7196, #1366, #6593 ) ;
#6753 = ADVANCED_FACE ( 'NONE', ( #6316 ), #3691, .T. ) ;
#6754 = CARTESIAN_POINT ( 'NONE',  ( 3.001844056749675804, 39.54381497641200127, 169.4419252467381227 ) ) ;
#6755 = CARTESIAN_POINT ( 'NONE',  ( 301.0000000000000000, 26.77706205187656963, -110.3815596571485429 ) ) ;
#6756 = CARTESIAN_POINT ( 'NONE',  ( 13.58194808591950853, 39.45114368177453201, 169.3492539521006393 ) ) ;
#6757 = CARTESIAN_POINT ( 'NONE',  ( -18.14631576937661706, 35.37025851582949798, 165.2683687861556052 ) ) ;
#6758 = CARTESIAN_POINT ( 'NONE',  ( -32.79331758108306616, 30.98213447699344769, 160.8802447473195230 ) ) ;
#6759 = CARTESIAN_POINT ( 'NONE',  ( -56.62381035359815940, 53.06565214812563624, 182.9637624184517506 ) ) ;
#6760 = VECTOR ( 'NONE', #782, 1000.000000000000114 ) ;
#6761 = EDGE_LOOP ( 'NONE', ( #2596, #8011, #570, #4702 ) ) ;
#6762 = ORIENTED_EDGE ( 'NONE', *, *, #1049, .F. ) ;
#6763 = CARTESIAN_POINT ( 'NONE',  ( -65.10595403992361696, 33.00312436916498626, 162.9012346394910935 ) ) ;
#6764 = ADVANCED_FACE ( 'NONE', ( #7253 ), #7884, .F. ) ;
#6765 = VERTEX_POINT ( 'NONE', #6530 ) ;
#6766 = CARTESIAN_POINT ( 'NONE',  ( -13.06029499488809620, 38.19992906533860122, 168.0980393356646800 ) ) ;
#6767 = DIRECTION ( 'NONE',  ( -0.000000000000000000, -0.7071067811865489050, 0.7071067811865460184 ) ) ;
#6768 = CARTESIAN_POINT ( 'NONE',  ( -59.87528433338582801, 31.51825797405522067, 168.4874360562468212 ) ) ;
#6769 = CARTESIAN_POINT ( 'NONE',  ( 335.9999999999999432, 48.23670732222217339, 115.6222004174907170 ) ) ;
#6770 = VERTEX_POINT ( 'NONE', #7211 ) ;
#6771 = CARTESIAN_POINT ( 'NONE',  ( -23.42806237961969984, 48.74478900722254338, 178.6428992775487359 ) ) ;
#6772 = EDGE_CURVE ( 'NONE', #2312, #139, #741, .T. ) ;
#6773 = VERTEX_POINT ( 'NONE', #6611 ) ;
#6774 = LINE ( 'NONE', #1749, #5049 ) ;
#6775 = CARTESIAN_POINT ( 'NONE',  ( -26.29540922850597795, 32.39760233961677471, 162.2957126099428820 ) ) ;
#6776 = CARTESIAN_POINT ( 'NONE',  ( -335.9999999999999432, -53.90640872115755400, -291.0474397647021192 ) ) ;
#6777 = CARTESIAN_POINT ( 'NONE',  ( 306.0000000000000000, -53.52771198192617419, -291.2480616263205206 ) ) ;
#6778 = CARTESIAN_POINT ( 'NONE',  ( -36.12769810216727961, 48.04571790734299697, 177.9438281776691895 ) ) ;
#6779 = ADVANCED_FACE ( 'NONE', ( #779 ), #1508, .F. ) ;
#6780 = CARTESIAN_POINT ( 'NONE',  ( -48.39321840974150746, 41.07134042091863790, 170.9694506912447594 ) ) ;
#6781 = ORIENTED_EDGE ( 'NONE', *, *, #5121, .F. ) ;
#6782 = EDGE_CURVE ( 'NONE', #7519, #6545, #1426, .T. ) ;
#6783 = CARTESIAN_POINT ( 'NONE',  ( 306.0000000000000000, 50.63054645356283601, -193.5346121594869828 ) ) ;
#6784 = EDGE_LOOP ( 'NONE', ( #7444, #3576, #6132, #4528 ) ) ;
#6785 = CARTESIAN_POINT ( 'NONE',  ( -32.93498711778428856, 49.53699601019572896, 179.4351062805218930 ) ) ;
#6786 = B_SPLINE_CURVE_WITH_KNOTS ( 'NONE', 3,
 ( #3901, #107, #7731, #5287, #8372, #4655, #757, #1951, #7104, #8206, #3258, #7861, #7229, #459, #6548, #6934, #5629, #1785, #2626 ),
 .UNSPECIFIED., .F., .F.,
 ( 4, 1, 1, 1, 1, 1, 1, 1, 1, 1, 1, 1, 1, 1, 1, 1, 4 ),
 ( 0.000000000000000000, 0.09406769202848024036, 0.1827388063752786451, 0.2661378738579616154, 0.3444066813009440398, 0.4176305938853758781, 0.4860769153206729309, 0.5504740518421981088, 0.6100009765173212140, 0.6654191661346944286, 0.7169085051108320394, 0.7648949693768186675, 0.8111550071561521857, 0.8569009238768495740, 0.9022772144907663661, 0.9496167807705772068, 1.000000000000000000 ),
 .UNSPECIFIED. ) ;
#6787 = LINE ( 'NONE', #2355, #34 ) ;
#6788 = LINE ( 'NONE', #6829, #584 ) ;
#6789 = DIRECTION ( 'NONE',  ( 0.000000000000000000, 1.000000000000000000, 0.000000000000000000 ) ) ;
#6790 = CARTESIAN_POINT ( 'NONE',  ( 21.08038033558359814, 39.68746600839812544, 169.5855762787242611 ) ) ;
#6791 = CARTESIAN_POINT ( 'NONE',  ( -17.57581715929677202, 45.96325064958182338, 182.9324287317735696 ) ) ;
#6792 = VERTEX_POINT ( 'NONE', #2654 ) ;
#6793 = DIRECTION ( 'NONE',  ( 0.000000000000000000, -1.000000000000000000, 0.000000000000000000 ) ) ;
#6794 = CARTESIAN_POINT ( 'NONE',  ( 306.0000000000001137, 22.95324823812467230, -98.32614032263030879 ) ) ;
#6795 = DIRECTION ( 'NONE',  ( 1.000000000000000000, -0.000000000000000000, 0.000000000000000000 ) ) ;
#6796 = CARTESIAN_POINT ( 'NONE',  ( 301.0000000000000000, 35.02507770356284311, -94.63487257615366843 ) ) ;
#6797 = CARTESIAN_POINT ( 'NONE',  ( 300.9999999999998863, 44.55774588762201205, -102.9704865558559987 ) ) ;
#6798 = CARTESIAN_POINT ( 'NONE',  ( -58.23632701431758107, 49.52179999271416477, 179.4199102630402933 ) ) ;
#6799 = CARTESIAN_POINT ( 'NONE',  ( -47.93126941668155183, 48.18010628536683981, 178.0782165556929613 ) ) ;
#6800 = CIRCLE ( 'NONE', #2887, 9.999999999999994671 ) ;
#6801 = ORIENTED_EDGE ( 'NONE', *, *, #241, .T. ) ;
#6802 = CARTESIAN_POINT ( 'NONE',  ( 301.0000000000000000, 27.71387978689617526, -78.05935174282031142 ) ) ;
#6803 = LINE ( 'NONE', #929, #3933 ) ;
#6804 = ORIENTED_EDGE ( 'NONE', *, *, #1497, .F. ) ;
#6805 = VECTOR ( 'NONE', #4019, 1000.000000000000114 ) ;
#6806 = CARTESIAN_POINT ( 'NONE',  ( -12.03203041144708862, 36.02910693222351313, 165.9272172025496559 ) ) ;
#6807 = AXIS2_PLACEMENT_3D ( 'NONE', #266, #97, #2861 ) ;
#6808 = CARTESIAN_POINT ( 'NONE',  ( -3.154763424280664363, 43.69833664446019839, 173.5964469147863554 ) ) ;
#6809 = EDGE_CURVE ( 'NONE', #460, #6557, #5886, .T. ) ;
#6810 = ORIENTED_EDGE ( 'NONE', *, *, #7924, .T. ) ;
#6811 = CARTESIAN_POINT ( 'NONE',  ( -57.60451549774973046, 30.98213447699344769, 160.8802447473195230 ) ) ;
#6812 = VECTOR ( 'NONE', #2137, 1000.000000000000114 ) ;
#6813 = ORIENTED_EDGE ( 'NONE', *, *, #5180, .F. ) ;
#6814 = DIRECTION ( 'NONE',  ( 0.000000000000000000, 0.000000000000000000, -1.000000000000000000 ) ) ;
#6815 = ORIENTED_EDGE ( 'NONE', *, *, #2423, .F. ) ;
#6816 = VECTOR ( 'NONE', #2479, 1000.000000000000000 ) ;
#6817 = CARTESIAN_POINT ( 'NONE',  ( -46.84523635131549923, 37.35159087969519476, 167.2497011500213375 ) ) ;
#6818 = DIRECTION ( 'NONE',  ( 1.000000000000000000, -0.000000000000000000, -0.000000000000000000 ) ) ;
#6819 = CARTESIAN_POINT ( 'NONE',  ( 306.0000000000000000, 20.21387978689617881, -193.3913829928203256 ) ) ;
#6820 = EDGE_CURVE ( 'NONE', #885, #6470, #820, .T. ) ;
#6821 = CARTESIAN_POINT ( 'NONE',  ( 16.89418241891692318, 27.44660057106067086, 164.4157786532522607 ) ) ;
#6822 = CARTESIAN_POINT ( 'NONE',  ( -33.32641476067176711, 49.52391709031343936, 179.4220273606395892 ) ) ;
#6823 = CARTESIAN_POINT ( 'NONE',  ( -40.28866203019163095, 50.86493157836338241, 180.7630418486895110 ) ) ;
#6824 = ORIENTED_EDGE ( 'NONE', *, *, #7486, .T. ) ;
#6825 = CARTESIAN_POINT ( 'NONE',  ( 85.66371366891692674, 31.27676230248784606, 161.1748725728139391 ) ) ;
#6826 = VERTEX_POINT ( 'NONE', #6650 ) ;
#6827 = B_SPLINE_CURVE_WITH_KNOTS ( 'NONE', 3,
 ( #5858, #739, #7672, #1930, #3194, #2566, #1205, #1888, #5228, #4509, #3328, #2690, #7800, #2014, #7631, #555, #1292, #5771, #4469 ),
 .UNSPECIFIED., .F., .F.,
 ( 4, 1, 1, 1, 1, 1, 1, 1, 1, 1, 1, 1, 1, 1, 1, 1, 4 ),
 ( 0.000000000000000000, 0.06812089312652862272, 0.1331908543498808717, 0.1955085023030488922, 0.2555649612386194369, 0.3142563223250462445, 0.3715180547255279575, 0.4283038572463937488, 0.4853538411438333977, 0.5426027625966951540, 0.6008944048818603001, 0.6607796317750130877, 0.7227668363154967635, 0.7875005748253174342, 0.8547736311983911150, 0.9257396556727023329, 0.9999999999999998890 ),
 .UNSPECIFIED. ) ;
#6828 = LINE ( 'NONE', #1759, #852 ) ;
#6829 = CARTESIAN_POINT ( 'NONE',  ( 77.61683866891691252, 52.78459356357862475, 182.6827038339048102 ) ) ;
#6830 = CARTESIAN_POINT ( 'NONE',  ( -32.73472383108307326, 49.54368748314027471, 179.4417977534664317 ) ) ;
#6831 = CARTESIAN_POINT ( 'NONE',  ( 17.42211935858050609, 34.52214665746065947, 164.4202569277867099 ) ) ;
#6832 = EDGE_CURVE ( 'NONE', #5479, #7454, #1571, .T. ) ;
#6833 = CARTESIAN_POINT ( 'NONE',  ( -16.13340770089867249, 47.38162848893592383, 184.3508065711275492 ) ) ;
#6834 = VERTEX_POINT ( 'NONE', #215 ) ;
#6835 = CARTESIAN_POINT ( 'NONE',  ( -8.444359247749735786, 30.98213447699342638, 167.9513125591849985 ) ) ;
#6836 = LINE ( 'NONE', #1121, #4475 ) ;
#6837 = CARTESIAN_POINT ( 'NONE',  ( 77.61683866891691252, 49.24905965764587989, 186.2182377398375195 ) ) ;
#6838 = CARTESIAN_POINT ( 'NONE',  ( 301.0000000000000000, 20.21387978689617881, -121.3015392428203256 ) ) ;
#6839 = DIRECTION ( 'NONE',  ( 0.000000000000000000, 1.000000000000000000, 0.000000000000000000 ) ) ;
#6840 = CARTESIAN_POINT ( 'NONE',  ( 301.0000000000000000, 20.21387978689617881, -200.0515392428203256 ) ) ;
#6841 = CARTESIAN_POINT ( 'NONE',  ( -49.51580442163390217, 46.91537436863365684, 183.8845524508254243 ) ) ;
#6842 = ORIENTED_EDGE ( 'NONE', *, *, #7170, .F. ) ;
#6843 = CARTESIAN_POINT ( 'NONE',  ( 301.0000000000000000, 31.04721312022951096, -111.3015392428203256 ) ) ;
#6844 = CARTESIAN_POINT ( 'NONE',  ( -57.61102591441640186, 46.00815357720756538, 182.9773316593991410 ) ) ;
#6845 = ORIENTED_EDGE ( 'NONE', *, *, #6230, .T. ) ;
#6846 = CARTESIAN_POINT ( 'NONE',  ( 305.9999999999995453, 50.46824754109720601, -102.4432568878073226 ) ) ;
#6847 = CARTESIAN_POINT ( 'NONE',  ( -4.625655220729519179, 44.49430598293429995, 181.4634840651259537 ) ) ;
#6848 = VERTEX_POINT ( 'NONE', #2735 ) ;
#6849 = CARTESIAN_POINT ( 'NONE',  ( -306.0000000000000000, -53.90640872115755400, -301.0474397647021192 ) ) ;
#6850 = EDGE_LOOP ( 'NONE', ( #7755, #6921, #384, #4766 ) ) ;
#6851 = CARTESIAN_POINT ( 'NONE',  ( -24.94927904054783241, 50.64367381706104965, 180.5417840873872422 ) ) ;
#6852 = EDGE_CURVE ( 'NONE', #6404, #3024, #2058, .T. ) ;
#6853 = EDGE_LOOP ( 'NONE', ( #5508, #1641, #4407, #201, #2876 ) ) ;
#6854 = LINE ( 'NONE', #1065, #2349 ) ;
#6855 = CARTESIAN_POINT ( 'NONE',  ( -22.25295299774973756, 38.41688351095354648, 168.3149937812796679 ) ) ;
#6856 = CARTESIAN_POINT ( 'NONE',  ( 26.68263349389420469, 33.00605444686947010, 169.9752325290609178 ) ) ;
#6857 = CARTESIAN_POINT ( 'NONE',  ( 306.0000000000000000, 31.27507770356284666, -189.0489350761536684 ) ) ;
#6858 = AXIS2_PLACEMENT_3D ( 'NONE', #4234, #1659, #6922 ) ;
#6859 = CARTESIAN_POINT ( 'NONE',  ( -47.38375157091996215, 39.80656858531187225, 169.7046788556380079 ) ) ;
#6860 = ORIENTED_EDGE ( 'NONE', *, *, #6820, .T. ) ;
#6861 = CARTESIAN_POINT ( 'NONE',  ( 301.0000000000000568, 45.56412544177894119, -96.84460442594590290 ) ) ;
#6862 = EDGE_LOOP ( 'NONE', ( #2950, #7115, #344, #4882 ) ) ;
#6863 = EDGE_CURVE ( 'NONE', #7266, #293, #3879, .T. ) ;
#6864 = CARTESIAN_POINT ( 'NONE',  ( -13.50295299774973579, 38.49514402710048699, 175.4643221092920840 ) ) ;
#6865 = CARTESIAN_POINT ( 'NONE',  ( -27.78952491572630024, 48.80509453679214005, 185.7742726189837299 ) ) ;
#6866 = CARTESIAN_POINT ( 'NONE',  ( -59.34147704293611980, 45.65565008875802278, 182.6248281709496553 ) ) ;
#6867 = CARTESIAN_POINT ( 'NONE',  ( 20.25643626574717260, 35.48791187349788601, 165.3860221438239932 ) ) ;
#6868 = CARTESIAN_POINT ( 'NONE',  ( -37.20219607701095299, 42.30942197422012896, 179.2786000564117330 ) ) ;
#6869 = EDGE_LOOP ( 'NONE', ( #282, #417, #6141, #4688 ) ) ;
#6870 = DIRECTION ( 'NONE',  ( 1.000000000000000000, 0.000000000000000000, 0.000000000000000000 ) ) ;
#6871 = LINE ( 'NONE', #4348, #6348 ) ;
#6872 = CARTESIAN_POINT ( 'NONE',  ( 2.056773534233584666, 36.34248441630536774, 166.2405946866314821 ) ) ;
#6873 = AXIS2_PLACEMENT_3D ( 'NONE', #5327, #7903, #276 ) ;
#6874 = EDGE_CURVE ( 'NONE', #3182, #4695, #3538, .T. ) ;
#6875 = CARTESIAN_POINT ( 'NONE',  ( 300.9999999999999432, 19.80894602335289534, -105.3653902569264176 ) ) ;
#6876 = CARTESIAN_POINT ( 'NONE',  ( 301.0000000000000000, 20.21387978689617881, -121.3015392428203256 ) ) ;
#6877 = CARTESIAN_POINT ( 'NONE',  ( 306.0000000000000000, 28.18211112548367581, -101.9276827632568825 ) ) ;
#6878 = CARTESIAN_POINT ( 'NONE',  ( -55.71161043033867344, 53.00089849212157134, 182.8990087624477496 ) ) ;
#6879 = VECTOR ( 'NONE', #1854, 1000.000000000000114 ) ;
#6880 = VECTOR ( 'NONE', #5695, 1000.000000000000114 ) ;
#6881 = ORIENTED_EDGE ( 'NONE', *, *, #5934, .T. ) ;
#6882 = DIRECTION ( 'NONE',  ( 0.000000000000000000, 0.000000000000000000, 1.000000000000000000 ) ) ;
#6883 = CARTESIAN_POINT ( 'NONE',  ( -47.06741285169353972, 35.56211693873505197, 172.5312950209266205 ) ) ;
#6884 = VERTEX_POINT ( 'NONE', #8174 ) ;
#6885 = EDGE_CURVE ( 'NONE', #3969, #8267, #6274, .T. ) ;
#6886 = CARTESIAN_POINT ( 'NONE',  ( -23.88402536803964438, 30.96226783505423796, 167.9314459172458669 ) ) ;
#6887 = AXIS2_PLACEMENT_3D ( 'NONE', #762, #6554, #7194 ) ;
#6888 = PLANE ( 'NONE',  #6942 ) ;
#6889 = ORIENTED_EDGE ( 'NONE', *, *, #3438, .F. ) ;
#6890 = DIRECTION ( 'NONE',  ( 0.000000000000000000, 0.000000000000000000, 1.000000000000000000 ) ) ;
#6891 = EDGE_LOOP ( 'NONE', ( #4402, #5021, #5753, #1864 ) ) ;
#6892 = AXIS2_PLACEMENT_3D ( 'NONE', #5326, #2072, #7817 ) ;
#6893 = CARTESIAN_POINT ( 'NONE',  ( 306.0000000000000000, 80.00000000000000000, 206.9691780821917462 ) ) ;
#6894 = ORIENTED_EDGE ( 'NONE', *, *, #4365, .T. ) ;
#6895 = DIRECTION ( 'NONE',  ( -1.000000000000000000, 0.000000000000000000, 0.000000000000000000 ) ) ;
#6896 = CARTESIAN_POINT ( 'NONE',  ( -23.43726198539398808, 35.17032092585728975, 165.0684311961834112 ) ) ;
#6897 = CARTESIAN_POINT ( 'NONE',  ( 26.11717006389405071, 34.64563363178436362, 164.5437439021105206 ) ) ;
#6898 = CARTESIAN_POINT ( 'NONE',  ( -36.44919978352463374, 36.33583994004362694, 166.2339502103697555 ) ) ;
#6899 = EDGE_CURVE ( 'NONE', #7573, #5251, #1068, .T. ) ;
#6900 = CARTESIAN_POINT ( 'NONE',  ( -43.22508634476368883, 46.66023665830868339, 176.5583469286348191 ) ) ;
#6901 = ORIENTED_EDGE ( 'NONE', *, *, #989, .T. ) ;
#6902 = DIRECTION ( 'NONE',  ( 0.000000000000000000, -0.000000000000000000, 1.000000000000000000 ) ) ;
#6903 = VERTEX_POINT ( 'NONE', #6777 ) ;
#6904 = CARTESIAN_POINT ( 'NONE',  ( -53.31326296111904384, 43.56858634557740828, 180.5377644277690479 ) ) ;
#6905 = CARTESIAN_POINT ( 'NONE',  ( -22.71364457437503503, 43.64192439796153167, 180.6111024801531073 ) ) ;
#6906 = CARTESIAN_POINT ( 'NONE',  ( 301.0000000000000000, 20.21387978689617881, -132.9682059094869828 ) ) ;
#6907 = CARTESIAN_POINT ( 'NONE',  ( -62.06452964569759700, 33.92086812369161919, 170.8900462058832090 ) ) ;
#6908 = CARTESIAN_POINT ( 'NONE',  ( -37.66603611835881793, 38.53354888593194261, 175.5027269681235111 ) ) ;
#6909 = EDGE_CURVE ( 'NONE', #4074, #4193, #3472, .T. ) ;
#6910 = EDGE_LOOP ( 'NONE', ( #6781, #2721, #4154, #3812 ) ) ;
#6911 = CARTESIAN_POINT ( 'NONE',  ( -335.9999999999999432, 48.13302794031941545, 115.3244233150094402 ) ) ;
#6912 = LINE ( 'NONE', #1211, #1368 ) ;
#6913 = CARTESIAN_POINT ( 'NONE',  ( -30.17539828819698755, 35.10081602603629136, 164.9989262963623844 ) ) ;
#6914 = LINE ( 'NONE', #8070, #1628 ) ;
#6915 = DIRECTION ( 'NONE',  ( -1.000000000000000000, 0.000000000000000000, -0.000000000000000000 ) ) ;
#6916 = DIRECTION ( 'NONE',  ( 0.000000000000000000, -0.7071067811865489050, 0.7071067811865460184 ) ) ;
#6917 = LINE ( 'NONE', #1812, #5188 ) ;
#6918 = CARTESIAN_POINT ( 'NONE',  ( 301.0000000000000000, 25.21387978689617526, -170.0515392428203256 ) ) ;
#6919 = CARTESIAN_POINT ( 'NONE',  ( -62.38967174774973046, 34.81229620842056249, 171.7814742906121239 ) ) ;
#6920 = EDGE_CURVE ( 'NONE', #1957, #46, #4253, .T. ) ;
#6921 = ORIENTED_EDGE ( 'NONE', *, *, #6679, .F. ) ;
#6922 = DIRECTION ( 'NONE',  ( 0.000000000000000000, 0.000000000000000000, -1.000000000000000000 ) ) ;
#6923 = ADVANCED_FACE ( 'NONE', ( #5597 ), #1107, .T. ) ;
#6924 = CARTESIAN_POINT ( 'NONE',  ( 306.0000000000000000, 41.47690062022950741, -117.1348725761536542 ) ) ;
#6925 = ORIENTED_EDGE ( 'NONE', *, *, #3677, .F. ) ;
#6926 = CARTESIAN_POINT ( 'NONE',  ( 301.0000000000000000, 50.46824754109720601, -102.4432568878073226 ) ) ;
#6927 = FACE_BOUND ( 'NONE', #6100, .T. ) ;
#6928 = AXIS2_PLACEMENT_3D ( 'NONE', #7304, #4020, #2785 ) ;
#6929 = EDGE_CURVE ( 'NONE', #1691, #3832, #4460, .T. ) ;
#6930 = ADVANCED_FACE ( 'NONE', ( #1196 ), #1155, .T. ) ;
#6931 = ORIENTED_EDGE ( 'NONE', *, *, #6422, .F. ) ;
#6932 = PLANE ( 'NONE',  #674 ) ;
#6933 = ORIENTED_EDGE ( 'NONE', *, *, #2712, .T. ) ;
#6934 = CARTESIAN_POINT ( 'NONE',  ( -9.703741874110018983, 34.62973111708067364, 164.5278413874067382 ) ) ;
#6935 = VECTOR ( 'NONE', #7426, 1000.000000000000000 ) ;
#6936 = VECTOR ( 'NONE', #3375, 1000.000000000000000 ) ;
#6937 = ORIENTED_EDGE ( 'NONE', *, *, #4440, .T. ) ;
#6938 = FACE_OUTER_BOUND ( 'NONE', #2012, .T. ) ;
#6939 = CARTESIAN_POINT ( 'NONE',  ( 98.05954700225025533, 52.78459356357862475, 182.6827038339048102 ) ) ;
#6940 = CARTESIAN_POINT ( 'NONE',  ( -24.40374506009727895, 33.88936676432022921, 163.7874770346462867 ) ) ;
#6941 = CARTESIAN_POINT ( 'NONE',  ( 24.82584382103918230, 29.59379682057931760, 166.5629749027707476 ) ) ;
#6942 = AXIS2_PLACEMENT_3D ( 'NONE', #493, #6292, #412 ) ;
#6943 = DIRECTION ( 'NONE',  ( 0.000000000000000000, 0.7071067811865489050, -0.7071067811865460184 ) ) ;
#6944 = CARTESIAN_POINT ( 'NONE',  ( -22.25295299774973756, 45.38667300780532088, 175.2847832781314708 ) ) ;
#6945 = VERTEX_POINT ( 'NONE', #8213 ) ;
#6946 = DATE_AND_TIME ( #385, #4613 ) ;
#6947 = CARTESIAN_POINT ( 'NONE',  ( 301.0000000000000568, 41.59011684896118055, -95.34082341399009408 ) ) ;
#6948 = ORIENTED_EDGE ( 'NONE', *, *, #4346, .F. ) ;
#6949 = VECTOR ( 'NONE', #4239, 1000.000000000000114 ) ;
#6950 = CARTESIAN_POINT ( 'NONE',  ( 301.0000000000000000, 50.63054645356283601, -78.55414340948699703 ) ) ;
#6951 = CARTESIAN_POINT ( 'NONE',  ( -27.78952491572630024, 52.34062844272485648, 182.2387387130510490 ) ) ;
#6952 = LINE ( 'NONE', #6271, #730 ) ;
#6953 = CARTESIAN_POINT ( 'NONE',  ( 301.0000000000000000, 35.02500148989151540, -100.8879919200087585 ) ) ;
#6954 = DIRECTION ( 'NONE',  ( 1.000000000000000000, -0.000000000000000000, -0.000000000000000000 ) ) ;
#6955 = VECTOR ( 'NONE', #1381, 1000.000000000000000 ) ;
#6956 = ORIENTED_EDGE ( 'NONE', *, *, #3101, .T. ) ;
#6957 = CARTESIAN_POINT ( 'NONE',  ( -13.21946919311419499, 35.33343001259280669, 172.3026080947844605 ) ) ;
#6958 = CARTESIAN_POINT ( 'NONE',  ( 13.58038033558359103, 39.62761973134458060, 169.5257300016706949 ) ) ;
#6959 = LINE ( 'NONE', #6162, #4454 ) ;
#6960 = CARTESIAN_POINT ( 'NONE',  ( 306.0000000000000568, 19.80752441322442081, -106.2348908531762817 ) ) ;
#6961 = EDGE_CURVE ( 'NONE', #4267, #4367, #6283, .T. ) ;
#6962 = LINE ( 'NONE', #1010, #7489 ) ;
#6963 = LINE ( 'NONE', #7683, #6081 ) ;
#6964 = FACE_BOUND ( 'NONE', #7025, .T. ) ;
#6965 = CARTESIAN_POINT ( 'NONE',  ( -54.38266968282567859, 39.03480867496137563, 168.9329189452875539 ) ) ;
#6966 = CARTESIAN_POINT ( 'NONE',  ( 9.074407314764124877, 29.72386772461520721, 166.6930458068067651 ) ) ;
#6967 = ORIENTED_EDGE ( 'NONE', *, *, #8328, .T. ) ;
#6968 = DIRECTION ( 'NONE',  ( 0.000000000000000000, -0.9722876189177762640, 0.2337879083682496972 ) ) ;
#6969 = LINE ( 'NONE', #6924, #1499 ) ;
#6970 = ORIENTED_EDGE ( 'NONE', *, *, #3835, .T. ) ;
#6971 = EDGE_CURVE ( 'NONE', #6792, #6150, #639, .T. ) ;
#6972 = CARTESIAN_POINT ( 'NONE',  ( 300.9999999999999432, 51.03696558601520650, -106.0575986256040864 ) ) ;
#6973 = CARTESIAN_POINT ( 'NONE',  ( 301.0000000000001705, 45.69070772110849532, -104.4330291322028614 ) ) ;
#6974 = ORIENTED_EDGE ( 'NONE', *, *, #6469, .F. ) ;
#6975 = CARTESIAN_POINT ( 'NONE',  ( -8.444359247749735786, 30.98213447699342638, 167.9513125591849985 ) ) ;
#6976 = ORIENTED_EDGE ( 'NONE', *, *, #859, .T. ) ;
#6977 = CARTESIAN_POINT ( 'NONE',  ( -16.87809775419372471, 33.78994969359502676, 163.6880599639211482 ) ) ;
#6978 = ORIENTED_EDGE ( 'NONE', *, *, #6119, .F. ) ;
#6979 = EDGE_CURVE ( 'NONE', #4961, #5646, #7665, .T. ) ;
#6981 = ADVANCED_FACE ( 'NONE', ( #1239 ), #3102, .T. ) ;
#6980 = CARTESIAN_POINT ( 'NONE',  ( 306.0000000000000000, 3.469446951953614189E-15, 61.85480107307370190 ) ) ;
#6982 = LINE ( 'NONE', #5847, #579 ) ;
#6983 = CARTESIAN_POINT ( 'NONE',  ( -28.31203667449843309, 37.86389859842408612, 167.7620088687501720 ) ) ;
#6984 = CARTESIAN_POINT ( 'NONE',  ( 26.87564192438925659, 38.37837892507818793, 168.2764891954042810 ) ) ;
#6985 = PRODUCT_DEFINITION_SHAPE ( 'NONE', 'NONE',  #915 ) ;
#6986 = DIRECTION ( 'NONE',  ( 0.000000000000000000, -0.7071067811865489050, 0.7071067811865460184 ) ) ;
#6987 = CARTESIAN_POINT ( 'NONE',  ( -306.0000000000000000, 80.00000000000000000, 206.9691780821917462 ) ) ;
#6988 = ORIENTED_EDGE ( 'NONE', *, *, #3170, .T. ) ;
#6989 = CARTESIAN_POINT ( 'NONE',  ( 2.468717331469225229, 33.79662889852607321, 170.7658069807176560 ) ) ;
#6990 = ORIENTED_EDGE ( 'NONE', *, *, #4903, .F. ) ;
#6991 = EDGE_CURVE ( 'NONE', #1296, #7655, #1880, .T. ) ;
#6992 = CARTESIAN_POINT ( 'NONE',  ( -64.89645663587569402, 47.32244428627252830, 184.2916223684640329 ) ) ;
#6993 = CARTESIAN_POINT ( 'NONE',  ( -26.98983251075688727, 48.47236851119562573, 185.4415465933872156 ) ) ;
#6994 = CARTESIAN_POINT ( 'NONE',  ( 69.58298450225025533, 27.74122839655510120, 164.7104064787466484 ) ) ;
#6995 = CARTESIAN_POINT ( 'NONE',  ( -62.06452964569759700, 37.45640202962435694, 167.3545122999504997 ) ) ;
#6996 = CARTESIAN_POINT ( 'NONE',  ( -33.89147820449615978, 31.08850493881297439, 168.0576830210045500 ) ) ;
#6997 = VECTOR ( 'NONE', #7689, 1000.000000000000000 ) ;
#6998 = ORIENTED_EDGE ( 'NONE', *, *, #1387, .T. ) ;
#6999 = CARTESIAN_POINT ( 'NONE',  ( -22.45058189064841869, 33.99439049718112926, 170.9635685793727475 ) ) ;
#7000 = LINE ( 'NONE', #7513, #5550 ) ;
#7001 = CARTESIAN_POINT ( 'NONE',  ( 96.49704700225025533, 48.04753055680156137, 177.9456408271277041 ) ) ;
#7002 = CARTESIAN_POINT ( 'NONE',  ( 301.0000000000000000, 35.02507770356284311, -94.63487257615366843 ) ) ;
#7003 = VECTOR ( 'NONE', #8303, 1000.000000000000000 ) ;
#7004 = CARTESIAN_POINT ( 'NONE',  ( -47.83859316399774286, 40.46589191757679060, 170.3640021879029689 ) ) ;
#7005 = CARTESIAN_POINT ( 'NONE',  ( -28.03420299774973046, 41.29410836929722706, 178.2632864514888809 ) ) ;
#7006 = CARTESIAN_POINT ( 'NONE',  ( 306.0000000000000000, 27.47162621961450668, -102.2524477204880213 ) ) ;
#7007 = DIRECTION ( 'NONE',  ( 0.000000000000000000, -1.000000000000000000, 0.000000000000000000 ) ) ;
#7008 = CARTESIAN_POINT ( 'NONE',  ( 21.08038033558359814, 52.78459356357862475, 182.6827038339048102 ) ) ;
#7009 = EDGE_LOOP ( 'NONE', ( #5774, #2585, #1159, #5497 ) ) ;
#7010 = EDGE_CURVE ( 'NONE', #8258, #7266, #943, .T. ) ;
#7011 = VECTOR ( 'NONE', #5153, 1000.000000000000000 ) ;
#7012 = PLANE ( 'NONE',  #3505 ) ;
#7013 = LINE ( 'NONE', #1223, #955 ) ;
#7014 = VERTEX_POINT ( 'NONE', #2130 ) ;
#7015 = DIRECTION ( 'NONE',  ( -0.000000000000000000, -0.7071067811865489050, 0.7071067811865460184 ) ) ;
#7016 = CARTESIAN_POINT ( 'NONE',  ( 3.163713668916934285, 42.03988505257993324, 171.9379953229060618 ) ) ;
#7017 = CARTESIAN_POINT ( 'NONE',  ( -5.965395482392019666, 49.06208942945816176, 178.9601996997842832 ) ) ;
#7018 = VECTOR ( 'NONE', #654, 1000.000000000000000 ) ;
#7019 = EDGE_LOOP ( 'NONE', ( #5978, #5003, #3815, #4787 ) ) ;
#7020 = CARTESIAN_POINT ( 'NONE',  ( -335.9999999999999432, -52.40044383621697932, 99.70254495192531863 ) ) ;
#7021 = EDGE_CURVE ( 'NONE', #406, #6008, #5781, .T. ) ;
#7022 = ORIENTED_EDGE ( 'NONE', *, *, #5465, .F. ) ;
#7023 = CARTESIAN_POINT ( 'NONE',  ( -19.75295299774973401, 42.03988505257993324, 171.9379953229060618 ) ) ;
#7024 = VECTOR ( 'NONE', #1272, 1000.000000000000114 ) ;
#7025 = EDGE_LOOP ( 'NONE', ( #1598, #6256, #6881, #4829, #6646, #7087, #6810, #718, #1146, #8096, #3003, #2694, #7669, #3824 ) ) ;
#7026 = FACE_OUTER_BOUND ( 'NONE', #2196, .T. ) ;
#7027 = CARTESIAN_POINT ( 'NONE',  ( -335.9999999999999432, 47.28212551604982394, -274.4730072434720682 ) ) ;
#7028 = CARTESIAN_POINT ( 'NONE',  ( 301.0000000000000000, 27.24366205757614878, -110.6312619756829605 ) ) ;
#7029 = CARTESIAN_POINT ( 'NONE',  ( 91.08038033558358393, 52.78459356357862475, 182.6827038339048102 ) ) ;
#7030 = VECTOR ( 'NONE', #712, 1000.000000000000000 ) ;
#7031 = CARTESIAN_POINT ( 'NONE',  ( 106.0803803355835839, 52.78459356357862475, 182.6827038339048102 ) ) ;
#7032 = EDGE_CURVE ( 'NONE', #4473, #627, #3917, .T. ) ;
#7033 = DIRECTION ( 'NONE',  ( 0.000000000000000000, 0.9074075006366860707, 0.4202518623257752717 ) ) ;
#7034 = EDGE_LOOP ( 'NONE', ( #7922, #4979, #6374, #7858 ) ) ;
#7035 = EDGE_CURVE ( 'NONE', #699, #6189, #5085, .T. ) ;
#7036 = CARTESIAN_POINT ( 'NONE',  ( 2.774581109181317284, 34.86468255483053014, 171.8338606370221555 ) ) ;
#7037 = ORIENTED_EDGE ( 'NONE', *, *, #6052, .F. ) ;
#7038 = CARTESIAN_POINT ( 'NONE',  ( -66.49346322054179836, 48.76520441891879898, 178.6633146892449702 ) ) ;
#7039 = CARTESIAN_POINT ( 'NONE',  ( -24.37921757280513546, 46.53705030402199583, 183.5062283862135928 ) ) ;
#7040 = DIRECTION ( 'NONE',  ( -0.000000000000000000, -0.7071067811865489050, 0.7071067811865460184 ) ) ;
#7041 = CARTESIAN_POINT ( 'NONE',  ( 301.0000000000000000, 31.85827821820323535, -101.0701806620793235 ) ) ;
#7042 = LINE ( 'NONE', #6403, #598 ) ;
#7043 = EDGE_CURVE ( 'NONE', #5078, #4885, #3400, .T. ) ;
#7044 = EDGE_CURVE ( 'NONE', #8306, #1489, #5895, .T. ) ;
#7045 = ORIENTED_EDGE ( 'NONE', *, *, #7547, .F. ) ;
#7046 = LINE ( 'NONE', #136, #797 ) ;
#7047 = CARTESIAN_POINT ( 'NONE',  ( 41.49704700225026244, 45.71352575171314214, 182.6827038339047817 ) ) ;
#7048 = CARTESIAN_POINT ( 'NONE',  ( -281.0000000000000000, 0.000000000000000000, -373.0308219178082254 ) ) ;
#7049 = FACE_OUTER_BOUND ( 'NONE', #1367, .T. ) ;
#7050 = LINE ( 'NONE', #4479, #7218 ) ;
#7051 = CARTESIAN_POINT ( 'NONE',  ( -31.36607682877747649, 45.84944639688879420, 182.8186244790804551 ) ) ;
#7052 = CARTESIAN_POINT ( 'NONE',  ( -11.04768296213632084, 49.38787731191054320, 186.3570553941022183 ) ) ;
#7053 = CARTESIAN_POINT ( 'NONE',  ( -53.77706701101720910, 38.61246400665962142, 168.5105742769857500 ) ) ;
#7054 = CARTESIAN_POINT ( 'NONE',  ( 301.0000000000000000, 50.63054645356283601, -121.3015392428203256 ) ) ;
#7055 = ORIENTED_EDGE ( 'NONE', *, *, #7917, .F. ) ;
#7056 = DIRECTION ( 'NONE',  ( 1.000000000000000000, 0.000000000000000000, -0.000000000000000000 ) ) ;
#7057 = CARTESIAN_POINT ( 'NONE',  ( 20.49070857690576020, 31.27319527063233906, 161.1713055409584570 ) ) ;
#7058 = EDGE_LOOP ( 'NONE', ( #7691, #4102, #3333, #5127, #2717, #7166, #1271, #2974, #7237, #3448, #1148, #1202, #2252 ) ) ;
#7059 = FACE_OUTER_BOUND ( 'NONE', #2095, .T. ) ;
#7060 = FACE_OUTER_BOUND ( 'NONE', #2464, .T. ) ;
#7061 = CARTESIAN_POINT ( 'NONE',  ( 300.9999999999999432, 41.88997838658689687, -101.6237316316986465 ) ) ;
#7062 = ORIENTED_EDGE ( 'NONE', *, *, #2664, .T. ) ;
#7063 = CARTESIAN_POINT ( 'NONE',  ( -3.096718292046313881, 37.63228552149664097, 174.6014636036882735 ) ) ;
#7064 = EDGE_CURVE ( 'NONE', #6903, #7299, #8043, .T. ) ;
#7065 = ORIENTED_EDGE ( 'NONE', *, *, #1615, .T. ) ;
#7066 = CARTESIAN_POINT ( 'NONE',  ( -13.29789698191521907, 28.13454166485207963, 165.1037197470435558 ) ) ;
#7067 = ORIENTED_EDGE ( 'NONE', *, *, #3958, .F. ) ;
#7068 = ORIENTED_EDGE ( 'NONE', *, *, #859, .F. ) ;
#7069 = VECTOR ( 'NONE', #4973, 1000.000000000000000 ) ;
#7070 = CARTESIAN_POINT ( 'NONE',  ( 301.0000000000000000, 19.79721312022951096, -105.7937267428203256 ) ) ;
#7071 = LINE ( 'NONE', #1280, #4511 ) ;
#7072 = CARTESIAN_POINT ( 'NONE',  ( 300.9999999999999432, 25.39929030331300552, -108.9985795868937259 ) ) ;
#7073 = CARTESIAN_POINT ( 'NONE',  ( -19.74505738890820083, 42.47590767191257299, 172.3740179422386802 ) ) ;
#7074 = CARTESIAN_POINT ( 'NONE',  ( 7.944992309994751700, 34.96961594427916253, 164.8677262146052840 ) ) ;
#7075 = VECTOR ( 'NONE', #5521, 1000.000000000000000 ) ;
#7076 = CARTESIAN_POINT ( 'NONE',  ( -59.27069790749069256, 45.45249351543839822, 175.3506037857645197 ) ) ;
#7077 = VERTEX_POINT ( 'NONE', #2050 ) ;
#7078 = CARTESIAN_POINT ( 'NONE',  ( 0.2887933724838134264, 30.30097241020015275, 167.2701504923917071 ) ) ;
#7079 = ORIENTED_EDGE ( 'NONE', *, *, #7875, .F. ) ;
#7080 = EDGE_CURVE ( 'NONE', #6371, #4934, #5975, .T. ) ;
#7081 = VECTOR ( 'NONE', #50, 1000.000000000000000 ) ;
#7082 = CARTESIAN_POINT ( 'NONE',  ( -66.21113568839814434, 45.79085691799325986, 182.7600350001848142 ) ) ;
#7083 = AXIS2_PLACEMENT_3D ( 'NONE', #4108, #4779, #2917 ) ;
#7084 = LINE ( 'NONE', #7715, #315 ) ;
#7085 = CARTESIAN_POINT ( 'NONE',  ( 305.9999999999998863, 25.15941663802717798, -104.5410501331227380 ) ) ;
#7086 = CARTESIAN_POINT ( 'NONE',  ( -53.76355186628950378, 44.26856929224594239, 181.2377473744375038 ) ) ;
#7087 = ORIENTED_EDGE ( 'NONE', *, *, #8155, .T. ) ;
#7088 = VECTOR ( 'NONE', #1042, 1000.000000000000000 ) ;
#7089 = CARTESIAN_POINT ( 'NONE',  ( -23.88402536803964438, 34.49780174098697927, 164.3959120113131576 ) ) ;
#7090 = B_SPLINE_CURVE_WITH_KNOTS ( 'NONE', 3,
 ( #1442, #2034, #6462, #5835, #6505, #5245, #3301, #4617, #4026, #2073, #7147, #3985, #1356, #4531, #5878, #3944, #666, #713, #5918 ),
 .UNSPECIFIED., .F., .F.,
 ( 4, 1, 1, 1, 1, 1, 1, 1, 1, 1, 1, 1, 1, 1, 1, 1, 4 ),
 ( 0.000000000000000000, 0.06341748969066157704, 0.1229771554011626772, 0.1799914861793053822, 0.2350078237621693877, 0.2891194931146680580, 0.3432008864383019886, 0.3984548695647665006, 0.4556508461473899874, 0.5149924125287722587, 0.5758577169426566389, 0.6389479486968402400, 0.7047462520064801117, 0.7734295833737797610, 0.8453106854998265751, 0.9206389444483533691, 1.000000000000000000 ),
 .UNSPECIFIED. ) ;
#7091 = LINE ( 'NONE', #1253, #5675 ) ;
#7092 = DIRECTION ( 'NONE',  ( 0.000000000000000000, 0.000000000000000000, -1.000000000000000000 ) ) ;
#7093 = DIRECTION ( 'NONE',  ( 0.000000000000000000, 0.000000000000000000, 1.000000000000000000 ) ) ;
#7094 = CARTESIAN_POINT ( 'NONE',  ( -47.83859316399774286, 36.93035801164410259, 173.8995360938356214 ) ) ;
#7095 = PLANE ( 'NONE',  #2038 ) ;
#7096 = ADVANCED_FACE ( 'NONE', ( #1498 ), #1538, .T. ) ;
#7097 = CARTESIAN_POINT ( 'NONE',  ( 306.0000000000000000, 50.63054645356283601, -127.5515392428203114 ) ) ;
#7098 = CARTESIAN_POINT ( 'NONE',  ( 301.0000000000000000, 36.04721312022950741, -117.1348725761536542 ) ) ;
#7099 = VECTOR ( 'NONE', #1676, 1000.000000000000000 ) ;
#7100 = CARTESIAN_POINT ( 'NONE',  ( 301.0000000000000000, 20.21387978689617881, -193.3913829928203256 ) ) ;
#7101 = ORIENTED_EDGE ( 'NONE', *, *, #2133, .F. ) ;
#7102 = FACE_OUTER_BOUND ( 'NONE', #6290, .T. ) ;
#7103 = FACE_OUTER_BOUND ( 'NONE', #4554, .T. ) ;
#7104 = CARTESIAN_POINT ( 'NONE',  ( -12.61914723325894805, 37.01144131231253454, 166.9095515826386134 ) ) ;
#7105 = VERTEX_POINT ( 'NONE', #3572 ) ;
#7106 = CARTESIAN_POINT ( 'NONE',  ( 306.0000000000001705, 51.02426139315721088, -107.6191658043071442 ) ) ;
#7107 = B_SPLINE_CURVE_WITH_KNOTS ( 'NONE', 3,
 ( #6707, #6831, #4856, #2908, #2320, #5523, #4302, #6867, #6157, #8139, #1605, #6232, #913, #7386, #7428, #960, #5485, #6077, #6790 ),
 .UNSPECIFIED., .F., .F.,
 ( 4, 1, 1, 1, 1, 1, 1, 1, 1, 1, 1, 1, 1, 1, 1, 1, 4 ),
 ( 0.000000000000000000, 0.07553387061068131403, 0.1425699456343859362, 0.2023112861831830589, 0.2574340725137624353, 0.3113243648336414537, 0.3665099357849692097, 0.4239944314211401277, 0.4863451212002821156, 0.5227662187937737182, 0.5663439455486899421, 0.6183462786292668323, 0.6783882743167065632, 0.7464598091591838624, 0.8226388639522632662, 0.9075864050478643641, 1.000000000000000000 ),
 .UNSPECIFIED. ) ;
#7108 = CARTESIAN_POINT ( 'NONE',  ( 26.44909682259161343, 31.98751794093161038, 168.9566960231231292 ) ) ;
#7109 = CARTESIAN_POINT ( 'NONE',  ( 306.0000000000000000, 46.02743965370814294, -105.6254244044818194 ) ) ;
#7110 = ORIENTED_EDGE ( 'NONE', *, *, #100, .T. ) ;
#7111 = DIRECTION ( 'NONE',  ( 0.000000000000000000, 0.7071067811865461294, 0.7071067811865490160 ) ) ;
#7112 = EDGE_LOOP ( 'NONE', ( #8368, #3107, #5174, #6606, #3127, #5922, #7055, #2993, #7910, #327, #4153, #2860, #4959, #6592 ) ) ;
#7113 = CARTESIAN_POINT ( 'NONE',  ( -37.50209633637432205, 44.38290938618838766, 174.2810196565145304 ) ) ;
#7114 = ORIENTED_EDGE ( 'NONE', *, *, #1747, .F. ) ;
#7115 = ORIENTED_EDGE ( 'NONE', *, *, #3533, .F. ) ;
#7116 = CARTESIAN_POINT ( 'NONE',  ( 3.000333836793713349, 40.99099104722961329, 177.9601691294211889 ) ) ;
#7117 = CARTESIAN_POINT ( 'NONE',  ( -306.0000000000000000, 80.00000000000000000, 206.9691780821917462 ) ) ;
#7118 = CARTESIAN_POINT ( 'NONE',  ( -68.08628633108305905, 33.84554865601707974, 170.8147267382086625 ) ) ;
#7119 = CARTESIAN_POINT ( 'NONE',  ( -14.35119802075291062, 51.99089788199125195, 181.8890081523174445 ) ) ;
#7120 = CARTESIAN_POINT ( 'NONE',  ( -64.44991887618559190, 42.70172607798914299, 172.5998363483152787 ) ) ;
#7121 = EDGE_CURVE ( 'NONE', #7657, #1737, #8122, .T. ) ;
#7122 = CARTESIAN_POINT ( 'NONE',  ( -59.64868645211141285, 42.11700294706967185, 179.0861810292612688 ) ) ;
#7123 = VERTEX_POINT ( 'NONE', #4837 ) ;
#7124 = CARTESIAN_POINT ( 'NONE',  ( 3.001844056749675804, 36.00828107047925641, 172.9774591526708605 ) ) ;
#7125 = EDGE_LOOP ( 'NONE', ( #1971, #1134, #6036, #6801 ) ) ;
#7126 = CARTESIAN_POINT ( 'NONE',  ( -59.54079941866852010, 52.97976117800432405, 182.8778714483304952 ) ) ;
#7127 = DIRECTION ( 'NONE',  ( 0.000000000000000000, 0.2032345664366934090, 0.9791300786950063451 ) ) ;
#7128 = DIRECTION ( 'NONE',  ( 0.000000000000000000, 0.4335374487438332092, 0.9011355505897480356 ) ) ;
#7129 = CARTESIAN_POINT ( 'NONE',  ( -56.78026359345349761, 49.51973761381925954, 179.4178478841453739 ) ) ;
#7130 = ORIENTED_EDGE ( 'NONE', *, *, #891, .F. ) ;
#7131 = EDGE_CURVE ( 'NONE', #6523, #93, #290, .T. ) ;
#7132 = ADVANCED_FACE ( 'NONE', ( #2805 ), #8044, .T. ) ;
#7133 = LINE ( 'NONE', #6492, #3370 ) ;
#7134 = CARTESIAN_POINT ( 'NONE',  ( 306.0000000000000000, 0.000000000000000000, 115.6463014051558673 ) ) ;
#7135 = CARTESIAN_POINT ( 'NONE',  ( -28.06928834800245554, 45.02010343754270849, 174.9182137078688868 ) ) ;
#7136 = CARTESIAN_POINT ( 'NONE',  ( 306.0000000000000000, 20.29165788111691526, -109.3775586147784509 ) ) ;
#7137 = LINE ( 'NONE', #1388, #4796 ) ;
#7138 = CARTESIAN_POINT ( 'NONE',  ( 20.25643626574717260, 35.48791187349788601, 165.3860221438239932 ) ) ;
#7139 = CARTESIAN_POINT ( 'NONE',  ( -53.11126409105096258, 37.54496716319700056, 167.4430774335230865 ) ) ;
#7140 = CARTESIAN_POINT ( 'NONE',  ( 48.16371366891693384, 52.78459356357862475, 182.6827038339048102 ) ) ;
#7141 = DIRECTION ( 'NONE',  ( 0.000000000000000000, 0.9308380375108222804, 0.3654320017773497464 ) ) ;
#7142 = APPLICATION_CONTEXT ( 'configuration controlled 3d designs of mechanical parts and assemblies' ) ;
#7143 = ORIENTED_EDGE ( 'NONE', *, *, #1874, .F. ) ;
#7144 = DIRECTION ( 'NONE',  ( 1.000000000000000000, -0.000000000000000000, 0.000000000000000000 ) ) ;
#7145 = EDGE_CURVE ( 'NONE', #2150, #6531, #334, .T. ) ;
#7146 = LINE ( 'NONE', #619, #2176 ) ;
#7147 = CARTESIAN_POINT ( 'NONE',  ( -41.84694830475866212, 31.23080315114835770, 168.1999812333399404 ) ) ;
#7148 = CARTESIAN_POINT ( 'NONE',  ( 301.0000000000000000, 51.04721312022950741, -106.5489350761536542 ) ) ;
#7149 = CARTESIAN_POINT ( 'NONE',  ( 25.58738576336430270, 30.31805528390868432, 167.2872333661003097 ) ) ;
#7150 = FACE_OUTER_BOUND ( 'NONE', #641, .T. ) ;
#7151 = VECTOR ( 'NONE', #4723, 1000.000000000000000 ) ;
#7152 = ORIENTED_EDGE ( 'NONE', *, *, #8225, .T. ) ;
#7153 = CARTESIAN_POINT ( 'NONE',  ( -57.18531722273196749, 27.45277168081815944, 164.4219497630097067 ) ) ;
#7154 = EDGE_LOOP ( 'NONE', ( #2747, #7912, #8295, #4315 ) ) ;
#7155 = EDGE_CURVE ( 'NONE', #1022, #5755, #4162, .T. ) ;
#7156 = PLANE ( 'NONE',  #6752 ) ;
#7157 = EDGE_LOOP ( 'NONE', ( #1684, #7505, #6484, #5537 ) ) ;
#7158 = VECTOR ( 'NONE', #398, 1000.000000000000000 ) ;
#7159 = CARTESIAN_POINT ( 'NONE',  ( -5.778997824016840923, 52.91789473049910697, 182.8160050008252426 ) ) ;
#7160 = CARTESIAN_POINT ( 'NONE',  ( -42.87766313511522043, 36.51955734008398480, 166.4176676104100920 ) ) ;
#7161 = CARTESIAN_POINT ( 'NONE',  ( -28.48049052721754038, 37.38106285759916148, 167.2791731279252474 ) ) ;
#7162 = CARTESIAN_POINT ( 'NONE',  ( -17.57581715929677202, 49.49878455551456113, 179.3968948258408318 ) ) ;
#7163 = CARTESIAN_POINT ( 'NONE',  ( 301.0000000000000568, 19.80752441322442081, -106.2348908531762817 ) ) ;
#7164 = CIRCLE ( 'NONE', #6341, 9.999999999999994671 ) ;
#7165 = CARTESIAN_POINT ( 'NONE',  ( -68.08628633108305905, 37.38108256194982459, 167.2791928322759247 ) ) ;
#7166 = ORIENTED_EDGE ( 'NONE', *, *, #3629, .T. ) ;
#7167 = VERTEX_POINT ( 'NONE', #6017 ) ;
#7168 = CARTESIAN_POINT ( 'NONE',  ( -58.56901078425305229, 49.52856594240565613, 186.4977440245971820 ) ) ;
#7169 = LOCAL_TIME ( 9, 59, 42.00000000000000000, #2226 ) ;
#7170 = EDGE_CURVE ( 'NONE', #2430, #2208, #321, .T. ) ;
#7171 = LINE ( 'NONE', #1847, #8151 ) ;
#7172 = CARTESIAN_POINT ( 'NONE',  ( -60.86410139168603450, 32.19398059306664095, 169.1631586752582166 ) ) ;
#7173 = CARTESIAN_POINT ( 'NONE',  ( -7.142613743155335371, 49.43207954609771804, 179.3301898164238537 ) ) ;
#7174 = ORIENTED_EDGE ( 'NONE', *, *, #980, .T. ) ;
#7175 = DIRECTION ( 'NONE',  ( -0.000000000000000000, -0.7071067811865489050, 0.7071067811865460184 ) ) ;
#7176 = CARTESIAN_POINT ( 'NONE',  ( 301.0000000000000000, 24.79721312022951096, -106.4252371594869828 ) ) ;
#7177 = CARTESIAN_POINT ( 'NONE',  ( -28.03420299774973046, 41.29410836929722706, 178.2632864514888809 ) ) ;
#7178 = CARTESIAN_POINT ( 'NONE',  ( 306.0000000000000000, 36.04721312022950741, -117.1348725761536542 ) ) ;
#7179 = CARTESIAN_POINT ( 'NONE',  ( 85.66371366891692674, 52.78459356357862475, 182.6827038339048102 ) ) ;
#7180 = CARTESIAN_POINT ( 'NONE',  ( 21.07830560290569011, 39.47877888903472865, 169.3768891593608998 ) ) ;
#7181 = CARTESIAN_POINT ( 'NONE',  ( 15.49942992916520446, 31.00765813433867635, 160.9057684046647978 ) ) ;
#7182 = CARTESIAN_POINT ( 'NONE',  ( -57.53840436364227884, 36.62168073087097753, 173.5908588130625105 ) ) ;
#7183 = CARTESIAN_POINT ( 'NONE',  ( -335.9999999999999432, -73.86697205968057744, 115.3244233150094402 ) ) ;
#7184 = ORIENTED_EDGE ( 'NONE', *, *, #7455, .F. ) ;
#7185 = FACE_OUTER_BOUND ( 'NONE', #723, .T. ) ;
#7186 = CARTESIAN_POINT ( 'NONE',  ( 306.0000000000000000, 80.00000000000000000, 206.9691780821917462 ) ) ;
#7187 = CARTESIAN_POINT ( 'NONE',  ( 58.58038033558360524, 52.78459356357862475, 182.6827038339048102 ) ) ;
#7188 = CARTESIAN_POINT ( 'NONE',  ( 306.0000000000001705, 49.23182325825202099, -112.9710839730524015 ) ) ;
#7189 = CARTESIAN_POINT ( 'NONE',  ( 26.68263349389420469, 33.00605444686940615, 169.9752325290609747 ) ) ;
#7190 = CARTESIAN_POINT ( 'NONE',  ( -10.27335926771906749, 45.74689676946891126, 182.7160748516607214 ) ) ;
#7191 = ADVANCED_FACE ( 'NONE', ( #1668 ), #247, .T. ) ;
#7192 = ADVANCED_FACE ( 'NONE', ( #4241 ), #2971, .T. ) ;
#7193 = VERTEX_POINT ( 'NONE', #7958 ) ;
#7194 = DIRECTION ( 'NONE',  ( 0.000000000000000000, 0.000000000000000000, -1.000000000000000000 ) ) ;
#7195 = ORIENTED_EDGE ( 'NONE', *, *, #989, .F. ) ;
#7196 = CARTESIAN_POINT ( 'NONE',  ( 0.000000000000000000, -64.94905513516297901, 64.94905513516268059 ) ) ;
#7197 = ORIENTED_EDGE ( 'NONE', *, *, #2918, .F. ) ;
#7198 = CARTESIAN_POINT ( 'NONE',  ( 301.0000000000000568, 20.00247433461891688, -108.2903885439798302 ) ) ;
#7199 = PLANE ( 'NONE',  #865 ) ;
#7200 = EDGE_CURVE ( 'NONE', #3996, #6045, #5817, .T. ) ;
#7201 = CARTESIAN_POINT ( 'NONE',  ( 301.0000000000000000, 46.04721312022950741, -106.2689871594869828 ) ) ;
#7202 = CARTESIAN_POINT ( 'NONE',  ( 16.89418241891692318, 30.98213447699344769, 160.8802447473195230 ) ) ;
#7203 = CARTESIAN_POINT ( 'NONE',  ( 35.24704700225026244, 45.71352575171314214, 182.6827038339047817 ) ) ;
#7204 = CARTESIAN_POINT ( 'NONE',  ( 301.0000000000000000, 35.88445270356284311, -186.0476329928203256 ) ) ;
#7205 = EDGE_LOOP ( 'NONE', ( #1376, #1320, #252, #7368 ) ) ;
#7206 = ORIENTED_EDGE ( 'NONE', *, *, #722, .T. ) ;
#7207 = CARTESIAN_POINT ( 'NONE',  ( -3.252003306356050949, 36.02892944482067605, 172.9981075270121664 ) ) ;
#7208 = CARTESIAN_POINT ( 'NONE',  ( -57.78687916036846417, 34.52366465348708147, 164.4217749238132171 ) ) ;
#7209 = CARTESIAN_POINT ( 'NONE',  ( -57.78687916036846417, 34.52366465348708147, 164.4217749238132171 ) ) ;
#7210 = CIRCLE ( 'NONE', #1270, 10.00000000000000888 ) ;
#7211 = CARTESIAN_POINT ( 'NONE',  ( 63.99704700225025533, 45.61224743669943393, 182.5814255188910522 ) ) ;
#7212 = ORIENTED_EDGE ( 'NONE', *, *, #7541, .F. ) ;
#7213 = CARTESIAN_POINT ( 'NONE',  ( -33.24989004299752082, 30.98986499198140976, 160.8879752623075206 ) ) ;
#7214 = CARTESIAN_POINT ( 'NONE',  ( 13.73133087802038155, 33.50102932215322227, 170.4702074043448476 ) ) ;
#7215 = CARTESIAN_POINT ( 'NONE',  ( 301.0000000000000000, 20.21387978689617881, -132.9682059094869828 ) ) ;
#7216 = CARTESIAN_POINT ( 'NONE',  ( -58.62853716449716757, 40.45441900073846142, 170.3525292710645545 ) ) ;
#7217 = VECTOR ( 'NONE', #696, 1000.000000000000000 ) ;
#7218 = VECTOR ( 'NONE', #1256, 1000.000000000000114 ) ;
#7219 = CARTESIAN_POINT ( 'NONE',  ( -35.76278159850590299, 32.00054208959777924, 168.9697201717892199 ) ) ;
#7220 = LINE ( 'NONE', #3462, #988 ) ;
#7221 = CARTESIAN_POINT ( 'NONE',  ( 21.07432375429410953, 35.54273048533787005, 172.5119085675296162 ) ) ;
#7222 = DIRECTION ( 'NONE',  ( 1.000000000000000000, -0.000000000000000000, -0.000000000000000000 ) ) ;
#7223 = CARTESIAN_POINT ( 'NONE',  ( -28.13737108554640187, 41.85415732915650722, 178.8233354113480686 ) ) ;
#7224 = DIRECTION ( 'NONE',  ( 1.000000000000000000, -0.000000000000000000, -0.000000000000000000 ) ) ;
#7225 = VECTOR ( 'NONE', #2865, 1000.000000000000000 ) ;
#7226 = ORIENTED_EDGE ( 'NONE', *, *, #2964, .T. ) ;
#7227 = CARTESIAN_POINT ( 'NONE',  ( 16.54582874111257595, 34.53659281962564620, 164.4347030899517961 ) ) ;
#7228 = CARTESIAN_POINT ( 'NONE',  ( 301.0000000000000000, 31.04721312022951096, -111.3015392428203256 ) ) ;
#7229 = CARTESIAN_POINT ( 'NONE',  ( -11.25433105976195769, 35.28198249308118051, 165.1800927634073162 ) ) ;
#7230 = CARTESIAN_POINT ( 'NONE',  ( 14.01627113335345598, 32.47892076591787003, 169.4480988481094528 ) ) ;
#7231 = VECTOR ( 'NONE', #4559, 1000.000000000000114 ) ;
#7232 = CARTESIAN_POINT ( 'NONE',  ( -12.20208542929639428, 31.35836447988526388, 161.2564747502113107 ) ) ;
#7233 = ADVANCED_FACE ( 'NONE', ( #3528 ), #6097, .F. ) ;
#7234 = CARTESIAN_POINT ( 'NONE',  ( -9.726469301156956959, 45.90139744389945520, 182.8705755260911303 ) ) ;
#7235 = ORIENTED_EDGE ( 'NONE', *, *, #5580, .T. ) ;
#7236 = CARTESIAN_POINT ( 'NONE',  ( 301.0000000000000000, 20.21387978689617881, -70.46820590948699703 ) ) ;
#7237 = ORIENTED_EDGE ( 'NONE', *, *, #8325, .F. ) ;
#7238 = CARTESIAN_POINT ( 'NONE',  ( 91.08038033558358393, 52.78459356357862475, 182.6827038339048102 ) ) ;
#7239 = ADVANCED_FACE ( 'NONE', ( #7324 ), #6688, .F. ) ;
#7240 = ORIENTED_EDGE ( 'NONE', *, *, #3197, .F. ) ;
#7241 = FACE_OUTER_BOUND ( 'NONE', #7441, .T. ) ;
#7242 = CARTESIAN_POINT ( 'NONE',  ( 301.0000000000000000, 35.88445270356284311, -186.0476329928203256 ) ) ;
#7243 = FACE_OUTER_BOUND ( 'NONE', #6891, .T. ) ;
#7244 = CARTESIAN_POINT ( 'NONE',  ( 48.16371366891693384, 52.78459356357862475, 182.6827038339048102 ) ) ;
#7245 = CARTESIAN_POINT ( 'NONE',  ( -3.386710525268084915, 38.84064957273340468, 168.7387598430594835 ) ) ;
#7246 = CARTESIAN_POINT ( 'NONE',  ( 306.0000000000000000, 45.63054645356284311, -170.0515392428203256 ) ) ;
#7247 = ORIENTED_EDGE ( 'NONE', *, *, #5411, .F. ) ;
#7248 = EDGE_CURVE ( 'NONE', #8114, #5115, #1144, .T. ) ;
#7249 = VERTEX_POINT ( 'NONE', #3178 ) ;
#7250 = CARTESIAN_POINT ( 'NONE',  ( -7.111781126596844693, 31.08935132560382542, 168.0585294077952767 ) ) ;
#7251 = DIRECTION ( 'NONE',  ( 0.000000000000000000, 0.1172413793103484064, -0.9931034482758617221 ) ) ;
#7252 = DIRECTION ( 'NONE',  ( 0.000000000000000000, 0.000000000000000000, 1.000000000000000000 ) ) ;
#7253 = FACE_OUTER_BOUND ( 'NONE', #6853, .T. ) ;
#7254 = CARTESIAN_POINT ( 'NONE',  ( -36.60953633073974345, 31.38503225216991765, 161.2831425224960071 ) ) ;
#7255 = DIRECTION ( 'NONE',  ( -0.000000000000000000, 0.000000000000000000, 1.000000000000000000 ) ) ;
#7256 = EDGE_CURVE ( 'NONE', #6210, #4326, #4960, .T. ) ;
#7257 = DIRECTION ( 'NONE',  ( 1.000000000000000000, 0.000000000000000000, 0.000000000000000000 ) ) ;
#7258 = CARTESIAN_POINT ( 'NONE',  ( -66.57553482554013158, 45.31444974580130491, 175.2125600161274690 ) ) ;
#7259 = ORIENTED_EDGE ( 'NONE', *, *, #405, .T. ) ;
#7260 = CARTESIAN_POINT ( 'NONE',  ( -37.66961966441640186, 38.21893044069959444, 175.1881085228910138 ) ) ;
#7261 = CARTESIAN_POINT ( 'NONE',  ( 63.99704700225025533, 31.27676230248784606, 161.1748725728139391 ) ) ;
#7262 = CARTESIAN_POINT ( 'NONE',  ( 301.0000000000000000, 50.63054645356283601, -179.2182059094870112 ) ) ;
#7263 = PLANE ( 'NONE',  #724 ) ;
#7264 = CARTESIAN_POINT ( 'NONE',  ( -57.05105197827392516, 40.02555054085308939, 169.9236608111792179 ) ) ;
#7265 = CARTESIAN_POINT ( 'NONE',  ( 306.0000000000000000, 40.06633134577442235, -101.2109154895502883 ) ) ;
#7266 = VERTEX_POINT ( 'NONE', #5754 ) ;
#7267 = FACE_OUTER_BOUND ( 'NONE', #3655, .T. ) ;
#7268 = DIRECTION ( 'NONE',  ( -0.000000000000000000, 0.7071067811865459074, 0.7071067811865491270 ) ) ;
#7269 = CARTESIAN_POINT ( 'NONE',  ( 306.0000000000000568, 24.81293133326586897, -107.0065779068855107 ) ) ;
#7270 = CARTESIAN_POINT ( 'NONE',  ( 13.61524490170222812, 34.63250462979011246, 171.6016827119817663 ) ) ;
#7271 = DIRECTION ( 'NONE',  ( 0.000000000000000000, 0.7071067811865489050, -0.7071067811865460184 ) ) ;
#7272 = CARTESIAN_POINT ( 'NONE',  ( -12.84423839980042459, 46.51117646949946050, 176.4092867398256317 ) ) ;
#7273 = EDGE_CURVE ( 'NONE', #6395, #6434, #5666, .T. ) ;
#7274 = ORIENTED_EDGE ( 'NONE', *, *, #5883, .F. ) ;
#7275 = ORIENTED_EDGE ( 'NONE', *, *, #1421, .T. ) ;
#7276 = CARTESIAN_POINT ( 'NONE',  ( -37.65909294991750755, 39.14312633377133466, 176.1123044159630240 ) ) ;
#7277 = EDGE_LOOP ( 'NONE', ( #5688, #3115, #2340, #3963, #3087, #5305, #7732, #5670 ) ) ;
#7278 = CARTESIAN_POINT ( 'NONE',  ( -13.06029499488809620, 34.66439515940586347, 171.6335732415973894 ) ) ;
#7279 = CARTESIAN_POINT ( 'NONE',  ( -335.9999999999999432, 48.13302794031941545, 61.32442331500944732 ) ) ;
#7280 = VECTOR ( 'NONE', #5380, 1000.000000000000000 ) ;
#7281 = PLANE ( 'NONE',  #2091 ) ;
#7282 = FACE_OUTER_BOUND ( 'NONE', #7953, .T. ) ;
#7283 = ADVANCED_FACE ( 'NONE', ( #538 ), #6932, .T. ) ;
#7284 = DIRECTION ( 'NONE',  ( -0.000000000000000000, -0.7071067811865489050, 0.7071067811865460184 ) ) ;
#7285 = AXIS2_PLACEMENT_3D ( 'NONE', #7668, #4506, #5183 ) ;
#7286 = DIRECTION ( 'NONE',  ( 1.000000000000000000, -0.000000000000000000, 0.000000000000000000 ) ) ;
#7287 = EDGE_LOOP ( 'NONE', ( #5665, #7540, #2546, #2707 ) ) ;
#7288 = ORIENTED_EDGE ( 'NONE', *, *, #4989, .F. ) ;
#7289 = LINE ( 'NONE', #5979, #5997 ) ;
#7290 = CARTESIAN_POINT ( 'NONE',  ( -57.90433689271031881, 49.53858120357082129, 186.5077592857624609 ) ) ;
#7291 = CARTESIAN_POINT ( 'NONE',  ( 335.9999999999999432, -52.40044383621697932, 89.70254495192531863 ) ) ;
#7292 = ADVANCED_FACE ( 'NONE', ( #416 ), #4998, .T. ) ;
#7293 = CARTESIAN_POINT ( 'NONE',  ( -5.018326394067506691, 48.43465402470162928, 178.3327642950278289 ) ) ;
#7294 = EDGE_CURVE ( 'NONE', #4540, #2581, #2380, .T. ) ;
#7295 = CARTESIAN_POINT ( 'NONE',  ( -65.85308717129730383, 49.86241464664695400, 179.7605249169730826 ) ) ;
#7296 = CARTESIAN_POINT ( 'NONE',  ( 13.79045690181123440, 33.20029539177243549, 170.1694734739640467 ) ) ;
#7297 = PERSON_AND_ORGANIZATION ( #675, #1090 ) ;
#7298 = CARTESIAN_POINT ( 'NONE',  ( 301.0000000000000000, 50.63054645356283601, -78.55414340948699703 ) ) ;
#7299 = VERTEX_POINT ( 'NONE', #1783 ) ;
#7300 = VECTOR ( 'NONE', #1099, 1000.000000000000000 ) ;
#7301 = CARTESIAN_POINT ( 'NONE',  ( -32.73472383108308037, 30.98213447699351519, 167.9513125591849416 ) ) ;
#7302 = CARTESIAN_POINT ( 'NONE',  ( 301.0000000000000000, 50.63054645356283601, -132.9682059094869828 ) ) ;
#7303 = CARTESIAN_POINT ( 'NONE',  ( 21.02977454047825390, 34.45309759578216102, 171.4222756779739143 ) ) ;
#7304 = CARTESIAN_POINT ( 'NONE',  ( 41.49704700225026244, 31.27676230248784606, 161.1748725728139391 ) ) ;
#7305 = LINE ( 'NONE', #1519, #4794 ) ;
#7306 = EDGE_CURVE ( 'NONE', #1419, #8014, #7164, .T. ) ;
#7307 = EDGE_CURVE ( 'NONE', #699, #7624, #6215, .T. ) ;
#7308 = CARTESIAN_POINT ( 'NONE',  ( 301.0000000000000000, 20.21387978689617881, -149.2182059094869828 ) ) ;
#7309 = ORIENTED_EDGE ( 'NONE', *, *, #471, .T. ) ;
#7310 = LINE ( 'NONE', #6037, #6731 ) ;
#7311 = CARTESIAN_POINT ( 'NONE',  ( -55.65654760209260843, 40.69579181317116934, 177.6649698953628160 ) ) ;
#7312 = CARTESIAN_POINT ( 'NONE',  ( 306.0000000000000000, 28.32476767201993795, -111.0052857806417563 ) ) ;
#7313 = CARTESIAN_POINT ( 'NONE',  ( 13.58038033558359103, 36.09208582541181443, 173.0612639076034611 ) ) ;
#7314 = DIRECTION ( 'NONE',  ( -0.000000000000000000, -0.7071067811865489050, 0.7071067811865460184 ) ) ;
#7315 = FACE_OUTER_BOUND ( 'NONE', #5086, .T. ) ;
#7316 = CARTESIAN_POINT ( 'NONE',  ( 306.0000000000000568, 42.67181405191326604, -110.7026623965913785 ) ) ;
#7317 = VERTEX_POINT ( 'NONE', #6294 ) ;
#7318 = EDGE_LOOP ( 'NONE', ( #4375, #5487, #7503, #1844 ) ) ;
#7319 = CARTESIAN_POINT ( 'NONE',  ( -59.78168721240245276, 45.36677627712243321, 182.3359543593140586 ) ) ;
#7320 = ORIENTED_EDGE ( 'NONE', *, *, #2170, .T. ) ;
#7321 = CARTESIAN_POINT ( 'NONE',  ( -8.470400914416400084, 53.07922138907299825, 182.9773316593991979 ) ) ;
#7322 = DIRECTION ( 'NONE',  ( 0.000000000000000000, -0.7071067811865459074, -0.7071067811865491270 ) ) ;
#7323 = CARTESIAN_POINT ( 'NONE',  ( 300.9999999999999432, 19.80894602335289534, -105.3653902569264176 ) ) ;
#7324 = FACE_OUTER_BOUND ( 'NONE', #4774, .T. ) ;
#7325 = CARTESIAN_POINT ( 'NONE',  ( -61.43054672469931177, 31.37176115795897857, 161.2698714282850290 ) ) ;
#7326 = ORIENTED_EDGE ( 'NONE', *, *, #6250, .F. ) ;
#7327 = CARTESIAN_POINT ( 'NONE',  ( -5.472212087741557873, 31.73578187634836567, 168.7049599585398028 ) ) ;
#7328 = CARTESIAN_POINT ( 'NONE',  ( -59.87528433338582801, 35.05379187998796198, 164.9519021503141119 ) ) ;
#7329 = DIRECTION ( 'NONE',  ( -0.000000000000000000, 0.000000000000000000, -1.000000000000000000 ) ) ;
#7330 = CARTESIAN_POINT ( 'NONE',  ( 301.0000000000000568, 30.81646140700958725, -101.2154491452680816 ) ) ;
#7331 = CARTESIAN_POINT ( 'NONE',  ( -42.39746173509005445, 35.61487777611817052, 165.5129880464442920 ) ) ;
#7332 = CARTESIAN_POINT ( 'NONE',  ( 41.49704700225026244, 49.24905965764588700, 179.1471699279720440 ) ) ;
#7333 = EDGE_LOOP ( 'NONE', ( #2474, #2460, #3092, #2879 ) ) ;
#7334 = LINE ( 'NONE', #863, #2708 ) ;
#7335 = ORIENTED_EDGE ( 'NONE', *, *, #2678, .T. ) ;
#7336 = EDGE_CURVE ( 'NONE', #904, #7471, #3093, .T. ) ;
#7337 = CARTESIAN_POINT ( 'NONE',  ( -34.42158801052261907, 34.76010761847068409, 164.6582178887967416 ) ) ;
#7338 = VECTOR ( 'NONE', #6499, 1000.000000000000000 ) ;
#7339 = CARTESIAN_POINT ( 'NONE',  ( -51.17321006480681689, 32.07211107532008043, 161.9702213456461664 ) ) ;
#7340 = CARTESIAN_POINT ( 'NONE',  ( 13.58038033558359103, 52.78459356357862475, 182.6827038339048102 ) ) ;
#7341 = CARTESIAN_POINT ( 'NONE',  ( -54.76834476451873712, 39.21968331595354584, 169.1177935862795891 ) ) ;
#7342 = CARTESIAN_POINT ( 'NONE',  ( -57.53840436364227884, 36.62168073087094200, 173.5908588130625390 ) ) ;
#7343 = CARTESIAN_POINT ( 'NONE',  ( 335.9999999999999432, -73.76329267777781240, 61.68315648790823502 ) ) ;
#7344 = VERTEX_POINT ( 'NONE', #4325 ) ;
#7345 = VECTOR ( 'NONE', #6539, 1000.000000000000000 ) ;
#7346 = PLANE ( 'NONE',  #1339 ) ;
#7347 = VECTOR ( 'NONE', #1557, 1000.000000000000114 ) ;
#7348 = CARTESIAN_POINT ( 'NONE',  ( -60.57422555029451416, 43.56582899046846080, 180.5350070726600791 ) ) ;
#7349 = CARTESIAN_POINT ( 'NONE',  ( 301.0000000000000568, 25.00822249329111813, -108.0798456182299532 ) ) ;
#7350 = EDGE_CURVE ( 'NONE', #2807, #1296, #5040, .T. ) ;
#7351 = CARTESIAN_POINT ( 'NONE',  ( 14.25509178508080588, 32.07613758590382247, 169.0453156680955260 ) ) ;
#7352 = CARTESIAN_POINT ( 'NONE',  ( -8.896362274252069824, 30.99128529255678544, 160.8893955628828678 ) ) ;
#7353 = CARTESIAN_POINT ( 'NONE',  ( -32.79331758108306616, 27.44660057106073836, 164.4157786532522039 ) ) ;
#7354 = CARTESIAN_POINT ( 'NONE',  ( -54.73516011748881027, 34.91438807070771588, 164.8124983410338018 ) ) ;
#7355 = VECTOR ( 'NONE', #3007, 1000.000000000000114 ) ;
#7356 = VECTOR ( 'NONE', #1172, 1000.000000000000000 ) ;
#7357 = ORIENTED_EDGE ( 'NONE', *, *, #1549, .T. ) ;
#7358 = VERTEX_POINT ( 'NONE', #4408 ) ;
#7359 = CARTESIAN_POINT ( 'NONE',  ( 335.9999999999999432, 48.23670732222217339, 115.6222004174907170 ) ) ;
#7360 = VERTEX_POINT ( 'NONE', #7020 ) ;
#7361 = VECTOR ( 'NONE', #5202, 1000.000000000000000 ) ;
#7362 = EDGE_CURVE ( 'NONE', #1405, #6010, #4278, .T. ) ;
#7363 = CARTESIAN_POINT ( 'NONE',  ( -8.444359247749735786, 34.51766838292617479, 164.4157786532522607 ) ) ;
#7364 = CARTESIAN_POINT ( 'NONE',  ( -32.73472383108308037, 30.98213447699340151, 167.9513125591850553 ) ) ;
#7365 = CARTESIAN_POINT ( 'NONE',  ( 301.0000000000000000, 24.99242313270193350, -96.86482339267168129 ) ) ;
#7366 = VECTOR ( 'NONE', #7578, 1000.000000000000000 ) ;
#7367 = CARTESIAN_POINT ( 'NONE',  ( 72.22621366891692674, 37.70333174608431648, 167.6014420164104592 ) ) ;
#7368 = ORIENTED_EDGE ( 'NONE', *, *, #685, .T. ) ;
#7369 = DIRECTION ( 'NONE',  ( 0.000000000000000000, -1.000000000000000000, -0.000000000000000000 ) ) ;
#7370 = ORIENTED_EDGE ( 'NONE', *, *, #5419, .F. ) ;
#7371 = CARTESIAN_POINT ( 'NONE',  ( -51.17321006480681689, 32.07211107532008043, 161.9702213456461664 ) ) ;
#7372 = CARTESIAN_POINT ( 'NONE',  ( -64.29924963004191341, 47.77494437921829729, 184.7441224614099440 ) ) ;
#7373 = LINE ( 'NONE', #5426, #3043 ) ;
#7374 = CARTESIAN_POINT ( 'NONE',  ( 301.0000000000000000, 33.13054645356284311, -157.9682059094869828 ) ) ;
#7375 = ADVANCED_FACE ( 'NONE', ( #6380 ), #5840, .T. ) ;
#7376 = CARTESIAN_POINT ( 'NONE',  ( -66.81416208659558720, 47.56350476956582440, 177.4616150398920240 ) ) ;
#7377 = CARTESIAN_POINT ( 'NONE',  ( 301.0000000000000000, 50.63054645356283601, -199.2182059094869828 ) ) ;
#7378 = ORIENTED_EDGE ( 'NONE', *, *, #2278, .F. ) ;
#7379 = SECURITY_CLASSIFICATION_LEVEL ( 'unclassified' ) ;
#7380 = DIRECTION ( 'NONE',  ( 0.000000000000000000, 0.7071067811865459074, 0.7071067811865491270 ) ) ;
#7381 = EDGE_LOOP ( 'NONE', ( #597, #3657, #497, #1502 ) ) ;
#7382 = CARTESIAN_POINT ( 'NONE',  ( -59.27069790749069256, 45.45249351543839822, 175.3506037857645197 ) ) ;
#7383 = CARTESIAN_POINT ( 'NONE',  ( 301.0000000000000000, 38.13054645356284311, -157.9682059094869828 ) ) ;
#7384 = DIRECTION ( 'NONE',  ( 0.000000000000000000, 0.8983483594854817511, -0.4392837636536817136 ) ) ;
#7385 = CARTESIAN_POINT ( 'NONE',  ( 301.0000000000000000, 51.03943539124807671, -106.9116077641371447 ) ) ;
#7386 = CARTESIAN_POINT ( 'NONE',  ( 20.99568919097022857, 37.52780405168457634, 167.4259143220106978 ) ) ;
#7387 = CARTESIAN_POINT ( 'NONE',  ( -19.74505738890820083, 38.94037376597983524, 175.9095518481714180 ) ) ;
#7388 = ADVANCED_FACE ( 'NONE', ( #1319 ), #75, .T. ) ;
#7389 = VERTEX_POINT ( 'NONE', #3266 ) ;
#7390 = DIRECTION ( 'NONE',  ( -0.000000000000000000, -0.7071067811865489050, 0.7071067811865460184 ) ) ;
#7391 = CARTESIAN_POINT ( 'NONE',  ( -4.506069628798258897, 31.36139827379330569, 161.2595085441193703 ) ) ;
#7392 = FACE_OUTER_BOUND ( 'NONE', #1266, .T. ) ;
#7393 = CARTESIAN_POINT ( 'NONE',  ( 13.58194808591950853, 35.91560977584176584, 172.8847878580334054 ) ) ;
#7394 = CARTESIAN_POINT ( 'NONE',  ( -16.87809775419372471, 33.78994969359502676, 163.6880599639211482 ) ) ;
#7395 = CARTESIAN_POINT ( 'NONE',  ( -34.13526066984860563, 27.46932185196583731, 164.4384999341573916 ) ) ;
#7396 = CARTESIAN_POINT ( 'NONE',  ( -51.17508475014427916, 48.15844431093807287, 185.1276223931298830 ) ) ;
#7397 = EDGE_CURVE ( 'NONE', #7454, #5479, #1220, .T. ) ;
#7398 = ORIENTED_EDGE ( 'NONE', *, *, #3310, .F. ) ;
#7399 = ORIENTED_EDGE ( 'NONE', *, *, #4030, .T. ) ;
#7400 = DIRECTION ( 'NONE',  ( 0.000000000000000000, -0.7071067811865461294, -0.7071067811865489050 ) ) ;
#7401 = ORIENTED_EDGE ( 'NONE', *, *, #6396, .F. ) ;
#7402 = LINE ( 'NONE', #243, #6135 ) ;
#7403 = DIRECTION ( 'NONE',  ( -0.000000000000000000, -0.7071067811865489050, 0.7071067811865460184 ) ) ;
#7404 = CARTESIAN_POINT ( 'NONE',  ( -53.11948619650902259, 33.08137028237165822, 170.0505483645632410 ) ) ;
#7405 = EDGE_CURVE ( 'NONE', #907, #2837, #3907, .T. ) ;
#7406 = DIRECTION ( 'NONE',  ( 0.000000000000000000, 0.000000000000000000, 1.000000000000000000 ) ) ;
#7407 = EDGE_LOOP ( 'NONE', ( #4552, #1872, #4726, #8063, #370, #4362 ) ) ;
#7408 = LINE ( 'NONE', #6893, #663 ) ;
#7409 = ORIENTED_EDGE ( 'NONE', *, *, #1747, .T. ) ;
#7410 = VECTOR ( 'NONE', #2789, 1000.000000000000000 ) ;
#7411 = CARTESIAN_POINT ( 'NONE',  ( -47.92100274704586838, 34.51367277448931503, 164.4117830448153939 ) ) ;
#7412 = CARTESIAN_POINT ( 'NONE',  ( -31.75670269636173160, 34.57386741812072017, 164.4719776884467990 ) ) ;
#7413 = CARTESIAN_POINT ( 'NONE',  ( -335.9999999999999432, 47.28212551604982394, -274.4730072434720682 ) ) ;
#7414 = CARTESIAN_POINT ( 'NONE',  ( 10.26566664441628873, 28.80893127542244514, 165.7781093576139710 ) ) ;
#7415 = VECTOR ( 'NONE', #607, 1000.000000000000000 ) ;
#7416 = CARTESIAN_POINT ( 'NONE',  ( -19.04551159364672941, 37.27731311017178939, 167.1754233804978185 ) ) ;
#7417 = CARTESIAN_POINT ( 'NONE',  ( -33.95166115341844915, 49.51724806739643014, 186.4864261495881124 ) ) ;
#7418 = ORIENTED_EDGE ( 'NONE', *, *, #2916, .F. ) ;
#7419 = CARTESIAN_POINT ( 'NONE',  ( -335.9999999999999432, 48.13302794031941545, 115.3244233150094402 ) ) ;
#7420 = LINE ( 'NONE', #1640, #1890 ) ;
#7421 = EDGE_LOOP ( 'NONE', ( #4173, #5323 ) ) ;
#7422 = CARTESIAN_POINT ( 'NONE',  ( -32.73472383108307326, 49.54368748314027471, 179.4417977534664317 ) ) ;
#7423 = EDGE_CURVE ( 'NONE', #6689, #5164, #2633, .T. ) ;
#7424 = VECTOR ( 'NONE', #5012, 1000.000000000000000 ) ;
#7425 = CARTESIAN_POINT ( 'NONE',  ( 301.0000000000000000, 33.13054645356284311, -167.1348725761536684 ) ) ;
#7426 = DIRECTION ( 'NONE',  ( 0.000000000000000000, 0.000000000000000000, -1.000000000000000000 ) ) ;
#7427 = CARTESIAN_POINT ( 'NONE',  ( 301.0000000000000000, 41.47690062022950741, -117.1348725761536542 ) ) ;
#7428 = CARTESIAN_POINT ( 'NONE',  ( 21.02977454047825390, 37.98863150171498404, 167.8867417720410913 ) ) ;
#7429 = LINE ( 'NONE', #5486, #7627 ) ;
#7430 = ORIENTED_EDGE ( 'NONE', *, *, #1152, .F. ) ;
#7431 = DIRECTION ( 'NONE',  ( -1.000000000000000000, 0.000000000000000000, 0.000000000000000000 ) ) ;
#7432 = AXIS2_PLACEMENT_3D ( 'NONE', #1404, #29, #678 ) ;
#7433 = CARTESIAN_POINT ( 'NONE',  ( -57.45005623804625827, 41.22793802879436953, 178.1971161109860020 ) ) ;
#7434 = CARTESIAN_POINT ( 'NONE',  ( 306.0000000000000000, 24.80255773061290370, -106.6229084715915150 ) ) ;
#7435 = CARTESIAN_POINT ( 'NONE',  ( 306.0000000000001137, 20.03347484078972940, -103.3117380294721528 ) ) ;
#7436 = EDGE_CURVE ( 'NONE', #632, #93, #421, .T. ) ;
#7437 = CARTESIAN_POINT ( 'NONE',  ( 301.0000000000000000, 25.21387978689617526, -139.2182059094869828 ) ) ;
#7438 = CARTESIAN_POINT ( 'NONE',  ( -41.84694830475866212, 31.23080315114839678, 168.1999812333399120 ) ) ;
#7439 = CARTESIAN_POINT ( 'NONE',  ( -48.63558108985553474, 49.40140012901584043, 179.2995103993420116 ) ) ;
#7440 = AXIS2_PLACEMENT_3D ( 'NONE', #5077, #1778, #6289 ) ;
#7441 = EDGE_LOOP ( 'NONE', ( #7101, #803, #1713, #5372 ) ) ;
#7442 = CARTESIAN_POINT ( 'NONE',  ( -57.60451549774973046, 27.44660057106069928, 164.4157786532522323 ) ) ;
#7443 = CARTESIAN_POINT ( 'NONE',  ( -57.82497463290651751, 49.53619861013434900, 179.4343088804604918 ) ) ;
#7444 = ORIENTED_EDGE ( 'NONE', *, *, #4414, .F. ) ;
#7445 = EDGE_CURVE ( 'NONE', #5516, #4497, #7867, .T. ) ;
#7446 = FACE_OUTER_BOUND ( 'NONE', #7009, .T. ) ;
#7447 = CARTESIAN_POINT ( 'NONE',  ( -3.760705558856034969, 42.93740166167367533, 179.9065797438652510 ) ) ;
#7448 = EDGE_CURVE ( 'NONE', #1521, #3534, #2674, .T. ) ;
#7449 = CARTESIAN_POINT ( 'NONE',  ( -52.93654674774973046, 46.30278140270193887, 176.2008916730280816 ) ) ;
#7450 = ORIENTED_EDGE ( 'NONE', *, *, #6409, .F. ) ;
#7451 = DIRECTION ( 'NONE',  ( 1.000000000000000000, -0.000000000000000000, -0.000000000000000000 ) ) ;
#7452 = ORIENTED_EDGE ( 'NONE', *, *, #4208, .F. ) ;
#7453 = CARTESIAN_POINT ( 'NONE',  ( -29.56584100153086325, 52.81912533653566300, 182.7172356068618626 ) ) ;
#7454 = VERTEX_POINT ( 'NONE', #6430 ) ;
#7455 = EDGE_CURVE ( 'NONE', #6109, #4540, #2591, .T. ) ;
#7456 = DIRECTION ( 'NONE',  ( 0.000000000000000000, -0.9722876189177761530, 0.2337879083682496695 ) ) ;
#7457 = DIRECTION ( 'NONE',  ( 0.000000000000000000, -0.9791300786950063451, 0.2032345664366934368 ) ) ;
#7458 = LINE ( 'NONE', #2307, #7099 ) ;
#7459 = DIRECTION ( 'NONE',  ( -1.000000000000000000, 0.000000000000000000, 0.000000000000000000 ) ) ;
#7460 = CARTESIAN_POINT ( 'NONE',  ( -19.36849941258859076, 34.81611532597292324, 171.7852934081645060 ) ) ;
#7461 = CARTESIAN_POINT ( 'NONE',  ( -42.32117845005953427, 48.57151156540943049, 178.4696218357356088 ) ) ;
#7462 = VERTEX_POINT ( 'NONE', #5169 ) ;
#7463 = CARTESIAN_POINT ( 'NONE',  ( 301.0000000000000568, 49.37309462334822996, -100.1738633773504148 ) ) ;
#7464 = ORIENTED_EDGE ( 'NONE', *, *, #2433, .F. ) ;
#7465 = UNCERTAINTY_MEASURE_WITH_UNIT (LENGTH_MEASURE( 1.000000000000000082E-05 ), #4174, 'distance_accuracy_value', 'NONE');
#7466 = LINE ( 'NONE', #5561, #1808 ) ;
#7467 = CARTESIAN_POINT ( 'NONE',  ( 3.163713668916934285, 38.50435114664718839, 175.4735292288387996 ) ) ;
#7468 = CARTESIAN_POINT ( 'NONE',  ( -57.61102591441640186, 46.00815357720752985, 182.9773316593991694 ) ) ;
#7469 = CARTESIAN_POINT ( 'NONE',  ( -53.50264510066990198, 34.77355565764378298, 171.7427337398353586 ) ) ;
#7470 = CARTESIAN_POINT ( 'NONE',  ( -36.44987163653146922, 44.04982347777345808, 181.0190015599650621 ) ) ;
#7471 = VERTEX_POINT ( 'NONE', #3219 ) ;
#7472 = CARTESIAN_POINT ( 'NONE',  ( -12.34981248704488088, 32.95607482876327055, 169.9252529109548959 ) ) ;
#7473 = CARTESIAN_POINT ( 'NONE',  ( 305.9999999999998863, 33.35162361221956218, -94.66028556608861777 ) ) ;
#7474 = CARTESIAN_POINT ( 'NONE',  ( 1.558291232726141784, 35.42991553238474012, 165.3280258027108687 ) ) ;
#7475 = VECTOR ( 'NONE', #704, 1000.000000000000000 ) ;
#7476 = CARTESIAN_POINT ( 'NONE',  ( 305.9999999999999432, 26.16153081877110864, -96.26200640576358580 ) ) ;
#7477 = LINE ( 'NONE', #1698, #317 ) ;
#7478 = LINE ( 'NONE', #5697, #7480 ) ;
#7479 = CARTESIAN_POINT ( 'NONE',  ( -53.24260971171827350, 49.01128626262789822, 185.9804643448196089 ) ) ;
#7480 = VECTOR ( 'NONE', #3644, 1000.000000000000000 ) ;
#7481 = ORIENTED_EDGE ( 'NONE', *, *, #3159, .T. ) ;
#7482 = ADVANCED_FACE ( 'NONE', ( #7739 ), #1958, .T. ) ;
#7483 = CARTESIAN_POINT ( 'NONE',  ( 301.0000000000000000, 20.21387978689617881, -200.0515392428203256 ) ) ;
#7484 = CARTESIAN_POINT ( 'NONE',  ( 26.68263349389420469, 36.54158835280215811, 166.4396986231282369 ) ) ;
#7485 = ORIENTED_EDGE ( 'NONE', *, *, #4577, .T. ) ;
#7486 = EDGE_CURVE ( 'NONE', #6531, #4112, #6963, .T. ) ;
#7487 = VECTOR ( 'NONE', #4707, 1000.000000000000000 ) ;
#7488 = CARTESIAN_POINT ( 'NONE',  ( 301.0000000000000568, 49.37309462334822996, -100.1738633773504148 ) ) ;
#7489 = VECTOR ( 'NONE', #6322, 1000.000000000000000 ) ;
#7490 = CARTESIAN_POINT ( 'NONE',  ( 301.0000000000000000, 50.63054645356283601, -78.55414340948699703 ) ) ;
#7491 = ORIENTED_EDGE ( 'NONE', *, *, #2193, .F. ) ;
#7492 = CARTESIAN_POINT ( 'NONE',  ( 305.9999999999999432, 46.51907096746055004, -115.3937048806477037 ) ) ;
#7493 = VECTOR ( 'NONE', #1059, 1000.000000000000114 ) ;
#7494 = ORIENTED_EDGE ( 'NONE', *, *, #2423, .T. ) ;
#7495 = CARTESIAN_POINT ( 'NONE',  ( -22.71364457437503503, 47.17745830389424810, 177.0755685742203980 ) ) ;
#7496 = ORIENTED_EDGE ( 'NONE', *, *, #7857, .F. ) ;
#7497 = CARTESIAN_POINT ( 'NONE',  ( 19.53878488449769790, 31.40273945517844822, 168.3719175373701091 ) ) ;
#7498 = CARTESIAN_POINT ( 'NONE',  ( -28.02118216441640186, 35.40155185940935212, 172.3707299416009278 ) ) ;
#7499 = LINE ( 'NONE', #6776, #4125 ) ;
#7500 = CARTESIAN_POINT ( 'NONE',  ( 9.437697006275612921, 32.92701046131047349, 162.8251207316366163 ) ) ;
#7501 = EDGE_CURVE ( 'NONE', #2826, #7655, #1126, .T. ) ;
#7502 = FACE_OUTER_BOUND ( 'NONE', #2238, .T. ) ;
#7503 = ORIENTED_EDGE ( 'NONE', *, *, #6369, .T. ) ;
#7504 = DIRECTION ( 'NONE',  ( 0.000000000000000000, 1.000000000000000000, 0.000000000000000000 ) ) ;
#7505 = ORIENTED_EDGE ( 'NONE', *, *, #3272, .F. ) ;
#7506 = DIRECTION ( 'NONE',  ( 0.000000000000000000, 0.000000000000000000, 1.000000000000000000 ) ) ;
#7507 = CARTESIAN_POINT ( 'NONE',  ( -4.550124139531575018, 49.16320305064332530, 186.1323811328349791 ) ) ;
#7508 = CARTESIAN_POINT ( 'NONE',  ( -57.82497463290651751, 46.00066470420160414, 182.9698427863932295 ) ) ;
#7509 = CARTESIAN_POINT ( 'NONE',  ( 26.91371366891692674, 52.78459356357862475, 182.6827038339048102 ) ) ;
#7510 = CARTESIAN_POINT ( 'NONE',  ( -13.32892685660427290, 48.85173458189831308, 185.8209126640899456 ) ) ;
#7511 = ORIENTED_EDGE ( 'NONE', *, *, #8375, .F. ) ;
#7512 = CARTESIAN_POINT ( 'NONE',  ( -8.664237241273166745, 30.98822557495813612, 167.9574036571497118 ) ) ;
#7513 = CARTESIAN_POINT ( 'NONE',  ( 306.0000000000000000, 50.63054645356283601, -85.53331007615365422 ) ) ;
#7514 = CARTESIAN_POINT ( 'NONE',  ( 0.9708806394050292221, 34.59199238404782051, 164.4901026543739135 ) ) ;
#7515 = CARTESIAN_POINT ( 'NONE',  ( 305.9999999999999432, 20.80457240478336800, -101.0955242769673248 ) ) ;
#7516 = CYLINDRICAL_SURFACE ( 'NONE', #731, 10.00000000000000888 ) ;
#7517 = CARTESIAN_POINT ( 'NONE',  ( -43.55536978052784747, 34.98289691788825451, 171.9520750000797591 ) ) ;
#7518 = CARTESIAN_POINT ( 'NONE',  ( -13.49012653729557165, 39.35785140950401484, 176.3270294916956118 ) ) ;
#7519 = VERTEX_POINT ( 'NONE', #3725 ) ;
#7520 = CARTESIAN_POINT ( 'NONE',  ( 306.0000000000000000, 33.13054645356284311, -157.9682059094869828 ) ) ;
#7521 = CARTESIAN_POINT ( 'NONE',  ( -53.96972047528845451, 40.22096161378241419, 177.1901396959740111 ) ) ;
#7522 = ORIENTED_EDGE ( 'NONE', *, *, #199, .F. ) ;
#7523 = CARTESIAN_POINT ( 'NONE',  ( 305.9999999999995453, 50.79912469108536754, -103.7263575952775199 ) ) ;
#7524 = LINE ( 'NONE', #3612, #7355 ) ;
#7525 = ORIENTED_EDGE ( 'NONE', *, *, #5411, .T. ) ;
#7526 = DIRECTION ( 'NONE',  ( 1.000000000000000000, 0.000000000000000000, -0.000000000000000000 ) ) ;
#7527 = ORIENTED_EDGE ( 'NONE', *, *, #496, .T. ) ;
#7528 = CARTESIAN_POINT ( 'NONE',  ( -306.0000000000000000, 80.00000000000000000, -348.0308219178082254 ) ) ;
#7529 = VERTEX_POINT ( 'NONE', #5740 ) ;
#7530 = EDGE_CURVE ( 'NONE', #1513, #7529, #4170, .T. ) ;
#7531 = CARTESIAN_POINT ( 'NONE',  ( 19.92903959055964691, 31.65382938104636779, 168.6230074632379399 ) ) ;
#7532 = CARTESIAN_POINT ( 'NONE',  ( -27.04381494683957854, 32.01471512209291603, 161.9128253924190233 ) ) ;
#7533 = CARTESIAN_POINT ( 'NONE',  ( 25.87998662737550148, 34.24147148598683543, 164.1395817563128503 ) ) ;
#7534 = CARTESIAN_POINT ( 'NONE',  ( 7.474384418725601442, 36.94817084711090871, 166.8462811174370586 ) ) ;
#7535 = VECTOR ( 'NONE', #2410, 1000.000000000000000 ) ;
#7536 = CARTESIAN_POINT ( 'NONE',  ( -46.87271869931166179, 38.34702161409538235, 168.2451318844215677 ) ) ;
#7537 = ORIENTED_EDGE ( 'NONE', *, *, #7924, .F. ) ;
#7538 = SHAPE_DEFINITION_REPRESENTATION ( #6985, #6428 ) ;
#7539 = CARTESIAN_POINT ( 'NONE',  ( -8.450869664416403637, 27.44660057106069928, 164.4157786532522323 ) ) ;
#7540 = ORIENTED_EDGE ( 'NONE', *, *, #4818, .T. ) ;
#7541 = EDGE_CURVE ( 'NONE', #7358, #3696, #2255, .T. ) ;
#7542 = CARTESIAN_POINT ( 'NONE',  ( -13.49012653729557165, 39.35785140950405747, 176.3270294916955834 ) ) ;
#7543 = CARTESIAN_POINT ( 'NONE',  ( -31.57283013024404639, 53.05915465242773621, 182.9572649227539500 ) ) ;
#7544 = PLANE ( 'NONE',  #1956 ) ;
#7545 = CARTESIAN_POINT ( 'NONE',  ( -62.38967174774973046, 38.34783011435331446, 168.2459403846794146 ) ) ;
#7546 = AXIS2_PLACEMENT_3D ( 'NONE', #4374, #5677, #5050 ) ;
#7547 = EDGE_CURVE ( 'NONE', #264, #2279, #3122, .T. ) ;
#7548 = CARTESIAN_POINT ( 'NONE',  ( -18.65462465564770156, 47.75439152986547953, 177.6525018001916862 ) ) ;
#7549 = ORIENTED_EDGE ( 'NONE', *, *, #1300, .F. ) ;
#7550 = LINE ( 'NONE', #1730, #7820 ) ;
#7551 = DIRECTION ( 'NONE',  ( 1.000000000000000000, 0.000000000000000000, 0.000000000000000000 ) ) ;
#7552 = FACE_OUTER_BOUND ( 'NONE', #5011, .T. ) ;
#7553 = AXIS2_PLACEMENT_3D ( 'NONE', #12, #8358, #1343 ) ;
#7554 = CARTESIAN_POINT ( 'NONE',  ( 305.9999999999999432, 21.38535836984637228, -100.0936894189878359 ) ) ;
#7555 = EDGE_CURVE ( 'NONE', #7105, #7167, #5155, .T. ) ;
#7556 = CARTESIAN_POINT ( 'NONE',  ( 301.0000000000001137, 44.01489729884281132, -102.5684159543082643 ) ) ;
#7557 = CARTESIAN_POINT ( 'NONE',  ( 306.0000000000000568, 27.75958707614083565, -110.8379870230677255 ) ) ;
#7558 = EDGE_CURVE ( 'NONE', #5576, #7797, #7598, .T. ) ;
#7559 = CARTESIAN_POINT ( 'NONE',  ( -43.91009281814903886, 38.00855790602751227, 174.9777359882190808 ) ) ;
#7560 = CARTESIAN_POINT ( 'NONE',  ( -13.05599911639579247, 42.35887724996950254, 179.3280553321611990 ) ) ;
#7561 = VECTOR ( 'NONE', #3738, 1000.000000000000000 ) ;
#7562 = ORIENTED_EDGE ( 'NONE', *, *, #7547, .T. ) ;
#7563 = DIRECTION ( 'NONE',  ( 1.000000000000000000, -0.000000000000000000, -0.000000000000000000 ) ) ;
#7564 = DIRECTION ( 'NONE',  ( -0.3535703364204391685, 0.6614332986792900160, 0.6614332986792927915 ) ) ;
#7565 = ORIENTED_EDGE ( 'NONE', *, *, #3876, .T. ) ;
#7566 = CARTESIAN_POINT ( 'NONE',  ( 3.139804347247497240, 43.30915294107577296, 173.2072632114019086 ) ) ;
#7567 = APPROVAL_PERSON_ORGANIZATION ( #7297, #4549, #862 ) ;
#7568 = CARTESIAN_POINT ( 'NONE',  ( 72.22621366891692674, 37.70333174608431648, 167.6014420164104592 ) ) ;
#7569 = ORIENTED_EDGE ( 'NONE', *, *, #6607, .T. ) ;
#7570 = DIRECTION ( 'NONE',  ( -0.000000000000000000, -0.7071067811865489050, 0.7071067811865460184 ) ) ;
#7571 = ORIENTED_EDGE ( 'NONE', *, *, #8328, .F. ) ;
#7572 = DIRECTION ( 'NONE',  ( -0.000000000000000000, -0.7071067811865489050, 0.7071067811865460184 ) ) ;
#7573 = VERTEX_POINT ( 'NONE', #1811 ) ;
#7574 = DIRECTION ( 'NONE',  ( -1.000000000000000000, 0.000000000000000000, 0.000000000000000000 ) ) ;
#7575 = CARTESIAN_POINT ( 'NONE',  ( 58.58038033558360524, 52.78459356357862475, 182.6827038339048102 ) ) ;
#7576 = FACE_OUTER_BOUND ( 'NONE', #2592, .T. ) ;
#7577 = CARTESIAN_POINT ( 'NONE',  ( 26.29708592164008252, 31.53553079020344185, 168.5047088723949571 ) ) ;
#7578 = DIRECTION ( 'NONE',  ( 0.000000000000000000, -1.000000000000000000, 0.000000000000000000 ) ) ;
#7579 = ADVANCED_FACE ( 'NONE', ( #8275 ), #7095, .T. ) ;
#7580 = CARTESIAN_POINT ( 'NONE',  ( -335.9999999999999432, 47.28212551604982394, -274.4730072434720682 ) ) ;
#7581 = EDGE_LOOP ( 'NONE', ( #2898, #5337, #3488, #5215, #6443, #8291, #3222, #6605, #8023, #8239 ) ) ;
#7582 = LINE ( 'NONE', #1796, #4728 ) ;
#7583 = ORIENTED_EDGE ( 'NONE', *, *, #6572, .F. ) ;
#7584 = CARTESIAN_POINT ( 'NONE',  ( -13.34259004041977548, 40.96419476236321344, 177.9333728445547251 ) ) ;
#7585 = CARTESIAN_POINT ( 'NONE',  ( 26.91371366891692674, 39.79334788318517724, 169.6914581535112916 ) ) ;
#7586 = DIRECTION ( 'NONE',  ( 0.000000000000000000, 0.000000000000000000, -1.000000000000000000 ) ) ;
#7587 = CARTESIAN_POINT ( 'NONE',  ( -60.86410139168603450, 35.72951449899937870, 165.6276247693255073 ) ) ;
#7588 = LINE ( 'NONE', #4385, #7231 ) ;
#7589 = ORIENTED_EDGE ( 'NONE', *, *, #5170, .T. ) ;
#7590 = EDGE_CURVE ( 'NONE', #7167, #7738, #620, .T. ) ;
#7591 = B_SPLINE_SURFACE_WITH_KNOTS ( 'NONE', 3, 1, ( 
 ( #3176, #2589 ),
 ( #2503, #8333 ),
 ( #1867, #7109 ),
 ( #3947, #5838 ),
 ( #6973, #5167 ),
 ( #6333, #5081 ),
 ( #1182, #1228 ),
 ( #8287, #3089 ),
 ( #3818, #1955 ),
 ( #4536, #1317 ),
 ( #4446, #2629 ),
 ( #7061, #3772 ),
 ( #536, #5211 ),
 ( #6509, #578 ),
 ( #7781, #2543 ),
 ( #670, #27 ),
 ( #5123, #5663 ),
 ( #5707, #3863 ),
 ( #8245, #7694 ) ),
 .UNSPECIFIED., .F., .F., .F.,
 ( 4, 1, 1, 1, 1, 1, 1, 1, 1, 1, 1, 1, 1, 1, 1, 1, 4 ),
 ( 2, 2 ),
 ( 0.000000000000000000, 0.04927615429502451433, 0.09644764200121436204, 0.1420438667843324232, 0.1876215160640750668, 0.2335666157269289667, 0.2815693718454783112, 0.3318395821697362469, 0.3862603830897459178, 0.4445949997588111713, 0.5075955869781597629, 0.5752425295218517309, 0.6484595343885413143, 0.7274819829374798985, 0.8124500795233927652, 0.9030890037962835404, 1.000000000000000000 ),
 ( 0.000000000000000000, 1.000000000000000000 ),
 .UNSPECIFIED. ) ;
#7592 = DIRECTION ( 'NONE',  ( -1.000000000000000000, 0.000000000000000000, 0.000000000000000000 ) ) ;
#7593 = B_SPLINE_CURVE_WITH_KNOTS ( 'NONE', 3,
 ( #4839, #1746, #4327, #292, #7453, #2341, #4244, #8124, #8085, #4286, #6851, #4921, #2886, #6771, #4164, #7495, #5464, #2930, #2214 ),
 .UNSPECIFIED., .F., .F.,
 ( 4, 1, 1, 1, 1, 1, 1, 1, 1, 1, 1, 1, 1, 1, 1, 1, 4 ),
 ( 0.000000000000000000, 0.06501058592752109733, 0.1269063816850627135, 0.1862632757837058284, 0.2434591209511640375, 0.2993398817954647795, 0.3544382161232979556, 0.4094348701046162664, 0.4650143262269604838, 0.5218400107969326518, 0.5807556311259033377, 0.6418804122351531305, 0.7060984919853782182, 0.7735215834716335781, 0.8447916836256789130, 0.9203919190896322489, 1.000000000000000000 ),
 .UNSPECIFIED. ) ;
#7594 = FACE_OUTER_BOUND ( 'NONE', #1098, .T. ) ;
#7595 = CARTESIAN_POINT ( 'NONE',  ( 3.001844056749675804, 39.54381497641200127, 169.4419252467381227 ) ) ;
#7596 = CARTESIAN_POINT ( 'NONE',  ( -8.515973831083066159, 46.00815357720748722, 182.9773316593992263 ) ) ;
#7597 = CARTESIAN_POINT ( 'NONE',  ( 300.9999999999999432, 41.88997838658689687, -101.6237316316986465 ) ) ;
#7598 = LINE ( 'NONE', #4521, #6617 ) ;
#7599 = CARTESIAN_POINT ( 'NONE',  ( 306.0000000000000000, 31.85827821820323535, -101.0701806620793235 ) ) ;
#7600 = CARTESIAN_POINT ( 'NONE',  ( -54.76834476451873712, 39.21968331595354584, 169.1177935862795891 ) ) ;
#7601 = CARTESIAN_POINT ( 'NONE',  ( 300.9999999999999432, 30.21389026105794073, -95.03289015614933533 ) ) ;
#7602 = ORIENTED_EDGE ( 'NONE', *, *, #6016, .F. ) ;
#7603 = DIRECTION ( 'NONE',  ( 0.000000000000000000, 1.000000000000000000, -0.000000000000000000 ) ) ;
#7604 = EDGE_CURVE ( 'NONE', #1914, #7105, #6263, .T. ) ;
#7605 = DIRECTION ( 'NONE',  ( -0.000000000000000000, 0.000000000000000000, 1.000000000000000000 ) ) ;
#7606 = ORIENTED_EDGE ( 'NONE', *, *, #838, .T. ) ;
#7607 = CARTESIAN_POINT ( 'NONE',  ( 301.0000000000000000, 50.79912469108536754, -103.7263575952775199 ) ) ;
#7608 = FACE_OUTER_BOUND ( 'NONE', #3869, .T. ) ;
#7609 = EDGE_LOOP ( 'NONE', ( #6253, #6645 ) ) ;
#7610 = DIRECTION ( 'NONE',  ( 0.000000000000000000, 0.000000000000000000, -1.000000000000000000 ) ) ;
#7611 = ORIENTED_EDGE ( 'NONE', *, *, #6670, .F. ) ;
#7612 = CARTESIAN_POINT ( 'NONE',  ( -33.32641476067176711, 45.98838318438067319, 182.9575612665723270 ) ) ;
#7613 = AXIS2_PLACEMENT_3D ( 'NONE', #4423, #7629, #6399 ) ;
#7614 = AXIS2_PLACEMENT_3D ( 'NONE', #1996, #3862, #624 ) ;
#7615 = ORIENTED_EDGE ( 'NONE', *, *, #3425, .F. ) ;
#7616 = DIRECTION ( 'NONE',  ( 0.000000000000000000, -0.9999998751799666907, 0.0004996399214373361186 ) ) ;
#7617 = LINE ( 'NONE', #7027, #1685 ) ;
#7618 = CARTESIAN_POINT ( 'NONE',  ( -306.0000000000000000, 47.28212551604982394, -274.4730072434720682 ) ) ;
#7619 = CARTESIAN_POINT ( 'NONE',  ( 306.0000000000000000, 80.00000000000000000, -373.0308219178082254 ) ) ;
#7620 = AXIS2_PLACEMENT_3D ( 'NONE', #4118, #6685, #3482 ) ;
#7621 = CARTESIAN_POINT ( 'NONE',  ( -35.76278159850590299, 35.53607599553043883, 165.4341862658565674 ) ) ;
#7622 = B_SPLINE_CURVE_WITH_KNOTS ( 'NONE', 3,
 ( #4001, #3960, #1413, #4548, #1328, #6480, #848, #3484, #7404, #4160, #1666 ),
 .UNSPECIFIED., .F., .F.,
 ( 4, 1, 1, 1, 1, 1, 1, 1, 4 ),
 ( 0.000000000000000000, 0.1561119339601439171, 0.2940733802529260643, 0.4201949345776979095, 0.5391157434192033193, 0.6541990201202758648, 0.7665110248274041860, 0.8806780188228205963, 1.000000000000000000 ),
 .UNSPECIFIED. ) ;
#7623 = CARTESIAN_POINT ( 'NONE',  ( 111.4970470022502411, 31.27676230248784606, 161.1748725728139391 ) ) ;
#7624 = VERTEX_POINT ( 'NONE', #5430 ) ;
#7625 = CARTESIAN_POINT ( 'NONE',  ( 306.0000000000001137, 45.13950878126412647, -109.1737851898855070 ) ) ;
#7626 = ORIENTED_EDGE ( 'NONE', *, *, #3248, .F. ) ;
#7627 = VECTOR ( 'NONE', #3030, 1000.000000000000000 ) ;
#7628 = CARTESIAN_POINT ( 'NONE',  ( -56.00795013764201968, 45.84839745322057780, 182.8175755354122600 ) ) ;
#7629 = DIRECTION ( 'NONE',  ( 0.000000000000000000, 0.7071067811865489050, -0.7071067811865461294 ) ) ;
#7630 = EDGE_CURVE ( 'NONE', #742, #3391, #3454, .T. ) ;
#7631 = CARTESIAN_POINT ( 'NONE',  ( -67.11973386710130285, 31.67746723470744286, 168.6466453168989972 ) ) ;
#7632 = CARTESIAN_POINT ( 'NONE',  ( 305.9999999999998863, 26.83971542900961538, -102.6157245694931532 ) ) ;
#7633 = LINE ( 'NONE', #3114, #1429 ) ;
#7634 = ORIENTED_EDGE ( 'NONE', *, *, #1820, .T. ) ;
#7635 = FACE_OUTER_BOUND ( 'NONE', #8207, .T. ) ;
#7636 = CARTESIAN_POINT ( 'NONE',  ( 305.9999999999999432, 28.77497223887772648, -95.34523441021852364 ) ) ;
#7637 = CARTESIAN_POINT ( 'NONE',  ( -3.365005425471399025, 31.67674630162414218, 161.5748565719502494 ) ) ;
#7638 = CARTESIAN_POINT ( 'NONE',  ( 301.0000000000000000, 25.21387978689617526, -170.0515392428203256 ) ) ;
#7639 = CARTESIAN_POINT ( 'NONE',  ( -49.02530399407967110, 38.09099045970982900, 175.0601685419013336 ) ) ;
#7640 = CARTESIAN_POINT ( 'NONE',  ( 301.0000000000000000, 31.04721312022951096, -105.8848725761536542 ) ) ;
#7641 = CARTESIAN_POINT ( 'NONE',  ( 305.9999999999999432, 34.19098369443111096, -100.8940454517578331 ) ) ;
#7642 = PLANE ( 'NONE',  #3861 ) ;
#7643 = EDGE_CURVE ( 'NONE', #6008, #7701, #3562, .T. ) ;
#7644 = CARTESIAN_POINT ( 'NONE',  ( 301.0000000000000000, 27.42711151986272000, -95.76511368351471276 ) ) ;
#7645 = ORIENTED_EDGE ( 'NONE', *, *, #393, .F. ) ;
#7646 = CARTESIAN_POINT ( 'NONE',  ( -16.87809775419372471, 30.25441578766228190, 167.2235938698538575 ) ) ;
#7647 = CARTESIAN_POINT ( 'NONE',  ( -46.84861522037673609, 34.29730050431842869, 171.2664785865100328 ) ) ;
#7648 = VERTEX_POINT ( 'NONE', #902 ) ;
#7649 = CARTESIAN_POINT ( 'NONE',  ( 301.0000000000000000, 45.65955459255329174, -115.8658560544601528 ) ) ;
#7650 = CARTESIAN_POINT ( 'NONE',  ( 305.9999999999995453, 35.61997289653990606, -94.64315775650379692 ) ) ;
#7651 = CARTESIAN_POINT ( 'NONE',  ( 306.0000000000000000, 38.13054645356284311, -157.9682059094869828 ) ) ;
#7652 = ADVANCED_FACE ( 'NONE', ( #3494 ), #638, .T. ) ;
#7653 = ORIENTED_EDGE ( 'NONE', *, *, #3401, .F. ) ;
#7654 = DIRECTION ( 'NONE',  ( 0.000000000000000000, 0.000000000000000000, -1.000000000000000000 ) ) ;
#7655 = VERTEX_POINT ( 'NONE', #8292 ) ;
#7656 = CARTESIAN_POINT ( 'NONE',  ( -34.90828500591509709, 49.06100573819183808, 178.9591160085179808 ) ) ;
#7657 = VERTEX_POINT ( 'NONE', #3584 ) ;
#7658 = CARTESIAN_POINT ( 'NONE',  ( 301.0000000000000000, 50.63054645356283601, -127.5515392428203114 ) ) ;
#7659 = EDGE_CURVE ( 'NONE', #248, #1555, #382, .T. ) ;
#7660 = LINE ( 'NONE', #4457, #8146 ) ;
#7661 = ADVANCED_FACE ( 'NONE', ( #3221 ), #6304, .T. ) ;
#7662 = CARTESIAN_POINT ( 'NONE',  ( -28.87422582518733805, 32.99978311915382534, 169.9689612013453370 ) ) ;
#7663 = CARTESIAN_POINT ( 'NONE',  ( 25.58738576336430270, 33.85358918984142917, 163.7516994601675719 ) ) ;
#7664 = B_SPLINE_SURFACE_WITH_KNOTS ( 'NONE', 3, 1, ( 
 ( #5956, #2027 ),
 ( #6033, #7855 ),
 ( #6541, #7223 ),
 ( #707, #751 ),
 ( #3465, #870 ),
 ( #788, #5361 ),
 ( #2745, #4062 ),
 ( #4021, #2786 ),
 ( #832, #3422 ),
 ( #3294, #5872 ),
 ( #2823, #5321 ),
 ( #7897, #102 ),
 ( #64, #7813 ),
 ( #2112, #4693 ),
 ( #5994, #1437 ),
 ( #188, #7939 ),
 ( #4610, #2148 ),
 ( #5912, #2705 ),
 ( #5280, #4733 ) ),
 .UNSPECIFIED., .F., .F., .F.,
 ( 4, 1, 1, 1, 1, 1, 1, 1, 1, 1, 1, 1, 1, 1, 1, 1, 4 ),
 ( 2, 2 ),
 ( 0.000000000000000000, 0.09056628813638716025, 0.1757428893000713699, 0.2557985558460045827, 0.3309420366305654837, 0.4014257387234108077, 0.4672737648869791371, 0.5294195705963440357, 0.5876371537853513072, 0.6427879843386355985, 0.6954920432625301130, 0.7464586807951198999, 0.7958549702955738381, 0.8450813666375269761, 0.8949838653245235642, 0.9463750829748660554, 1.000000000000000000 ),
 ( 0.000000000000000000, 1.000000000000000000 ),
 .UNSPECIFIED. ) ;
#7665 = LINE ( 'NONE', #503, #5474 ) ;
#7666 = DIRECTION ( 'NONE',  ( -1.000000000000000000, -0.000000000000000000, -0.000000000000000000 ) ) ;
#7667 = VERTEX_POINT ( 'NONE', #4541 ) ;
#7668 = CARTESIAN_POINT ( 'NONE',  ( 301.0000000000000000, 19.79721312022951096, -117.1348725761536542 ) ) ;
#7669 = ORIENTED_EDGE ( 'NONE', *, *, #5645, .T. ) ;
#7670 = DIRECTION ( 'NONE',  ( 0.000000000000000000, 0.000000000000000000, 1.000000000000000000 ) ) ;
#7671 = CARTESIAN_POINT ( 'NONE',  ( -28.64630664111141556, 52.61493918309359685, 182.5130494534197965 ) ) ;
#7672 = CARTESIAN_POINT ( 'NONE',  ( -58.62528198337204088, 27.45637343501495664, 164.4255515172065145 ) ) ;
#7673 = DIRECTION ( 'NONE',  ( 0.000000000000000000, 0.000000000000000000, 1.000000000000000000 ) ) ;
#7674 = CARTESIAN_POINT ( 'NONE',  ( -52.93654674774973046, 42.76724749676919402, 179.7364255789607910 ) ) ;
#7675 = AXIS2_PLACEMENT_3D ( 'NONE', #1222, #6420, #755 ) ;
#7676 = EDGE_LOOP ( 'NONE', ( #1705, #6627, #1501, #8152 ) ) ;
#7677 = DIRECTION ( 'NONE',  ( 1.000000000000000000, -0.000000000000000000, -0.000000000000000000 ) ) ;
#7678 = CARTESIAN_POINT ( 'NONE',  ( -12.32868584379843213, 47.59187966626119959, 177.4899899365873921 ) ) ;
#7679 = CARTESIAN_POINT ( 'NONE',  ( -30.95862875408157322, 49.25516068543675630, 179.1532709557629346 ) ) ;
#7680 = DIRECTION ( 'NONE',  ( 1.000000000000000000, -0.000000000000000000, -0.000000000000000000 ) ) ;
#7681 = VECTOR ( 'NONE', #4846, 1000.000000000000114 ) ;
#7682 = CARTESIAN_POINT ( 'NONE',  ( -57.56545299774973046, 53.07922138907299825, 182.9773316593991979 ) ) ;
#7683 = CARTESIAN_POINT ( 'NONE',  ( 301.0000000000000000, 20.21387978689617881, -149.2182059094869828 ) ) ;
#7684 = CARTESIAN_POINT ( 'NONE',  ( 8.169226870494105341, 34.45597232700625767, 164.3540825973323649 ) ) ;
#7685 = CARTESIAN_POINT ( 'NONE',  ( -53.26161870305781321, 34.39869109439547401, 171.3678691765870497 ) ) ;
#7686 = DIRECTION ( 'NONE',  ( -0.2217732514363836283, -0.6894985949758455357, -0.6894985949758487553 ) ) ;
#7687 = ORIENTED_EDGE ( 'NONE', *, *, #1827, .T. ) ;
#7688 = VECTOR ( 'NONE', #3860, 1000.000000000000000 ) ;
#7689 = DIRECTION ( 'NONE',  ( 1.000000000000000000, -0.000000000000000000, -0.000000000000000000 ) ) ;
#7690 = CARTESIAN_POINT ( 'NONE',  ( 24.82584382103918230, 33.12933072651200206, 163.0274409968380667 ) ) ;
#7691 = ORIENTED_EDGE ( 'NONE', *, *, #1820, .F. ) ;
#7692 = CARTESIAN_POINT ( 'NONE',  ( 306.0000000000000568, 46.51907096746055004, -115.3937048806477037 ) ) ;
#7693 = DIRECTION ( 'NONE',  ( -1.000000000000000000, 0.000000000000000000, 0.000000000000000000 ) ) ;
#7694 = CARTESIAN_POINT ( 'NONE',  ( 305.9999999999998863, 35.45476520356284311, -100.8848725761536542 ) ) ;
#7695 = ORIENTED_EDGE ( 'NONE', *, *, #4297, .T. ) ;
#7696 = CARTESIAN_POINT ( 'NONE',  ( 301.0000000000000000, 45.03158812022950741, -81.71820590948698282 ) ) ;
#7697 = ORIENTED_EDGE ( 'NONE', *, *, #1289, .T. ) ;
#7698 = CARTESIAN_POINT ( 'NONE',  ( -36.44987163653146922, 44.04982347777344387, 181.0190015599650906 ) ) ;
#7699 = EDGE_CURVE ( 'NONE', #8348, #6848, #1490, .T. ) ;
#7700 = AXIS2_PLACEMENT_3D ( 'NONE', #1364, #5799, #4623 ) ;
#7701 = VERTEX_POINT ( 'NONE', #161 ) ;
#7702 = CARTESIAN_POINT ( 'NONE',  ( 301.0000000000000000, 21.89107809117118464, -111.8881202126515575 ) ) ;
#7703 = EDGE_CURVE ( 'NONE', #1489, #5786, #844, .T. ) ;
#7704 = DIRECTION ( 'NONE',  ( 0.000000000000000000, 0.000000000000000000, -1.000000000000000000 ) ) ;
#7705 = CARTESIAN_POINT ( 'NONE',  ( -28.66883867114392004, 36.93838533683788228, 166.8364956071640677 ) ) ;
#7706 = CARTESIAN_POINT ( 'NONE',  ( 23.28805088758841180, 28.62521354203846613, 165.5943916242298997 ) ) ;
#7707 = DIRECTION ( 'NONE',  ( 1.000000000000000000, 0.000000000000000000, 0.000000000000000000 ) ) ;
#7708 = CARTESIAN_POINT ( 'NONE',  ( -58.90858926745168134, 45.30138438443708537, 175.1994946547631855 ) ) ;
#7709 = ORIENTED_EDGE ( 'NONE', *, *, #8169, .F. ) ;
#7710 = ADVANCED_FACE ( 'NONE', ( #3909 ), #7156, .F. ) ;
#7711 = CARTESIAN_POINT ( 'NONE',  ( 301.0000000000001137, 43.88826812472368033, -110.1757644505280638 ) ) ;
#7712 = VERTEX_POINT ( 'NONE', #2593 ) ;
#7713 = FACE_OUTER_BOUND ( 'NONE', #6784, .T. ) ;
#7714 = LINE ( 'NONE', #3397, #7487 ) ;
#7715 = CARTESIAN_POINT ( 'NONE',  ( 98.05954700225025533, 49.24905965764587989, 186.2182377398375195 ) ) ;
#7716 = CARTESIAN_POINT ( 'NONE',  ( 305.9999999999998863, 28.18211112548367581, -101.9276827632568825 ) ) ;
#7717 = CARTESIAN_POINT ( 'NONE',  ( -34.90998103102493388, 31.42641683451819645, 168.3955949167097401 ) ) ;
#7718 = ORIENTED_EDGE ( 'NONE', *, *, #1040, .F. ) ;
#7719 = CARTESIAN_POINT ( 'NONE',  ( 28.58038033558357682, 45.71352575171311372, 182.6827038339048102 ) ) ;
#7720 = LINE ( 'NONE', #4516, #6760 ) ;
#7721 = PLANE ( 'NONE',  #7553 ) ;
#7722 = CARTESIAN_POINT ( 'NONE',  ( 301.0000000000000000, 25.21387978689617526, -149.2182059094869828 ) ) ;
#7723 = CARTESIAN_POINT ( 'NONE',  ( -47.06741285169353972, 35.56211693873511592, 172.5312950209265637 ) ) ;
#7724 = CARTESIAN_POINT ( 'NONE',  ( 301.0000000000000000, 25.21387978689617526, -139.2182059094869828 ) ) ;
#7725 = CARTESIAN_POINT ( 'NONE',  ( -18.15969159825037238, 45.13004167414554502, 182.0992197563371917 ) ) ;
#7726 = DIRECTION ( 'NONE',  ( 1.000000000000000000, 0.000000000000000000, -0.000000000000000000 ) ) ;
#7727 = PLANE ( 'NONE',  #3728 ) ;
#7728 = ORIENTED_EDGE ( 'NONE', *, *, #606, .T. ) ;
#7729 = CARTESIAN_POINT ( 'NONE',  ( 301.0000000000000000, 20.21387978689617881, -151.7182059094869828 ) ) ;
#7730 = DIRECTION ( 'NONE',  ( -1.000000000000000000, -0.000000000000000000, -0.000000000000000000 ) ) ;
#7731 = CARTESIAN_POINT ( 'NONE',  ( -13.49079859609418008, 41.17713549774392590, 171.0752457680700900 ) ) ;
#7732 = ORIENTED_EDGE ( 'NONE', *, *, #5795, .T. ) ;
#7733 = CARTESIAN_POINT ( 'NONE',  ( 301.0000000000000568, 51.02426139315721088, -107.6191658043071442 ) ) ;
#7734 = B_SPLINE_SURFACE_WITH_KNOTS ( 'NONE', 3, 1, ( 
 ( #3142, #4333 ),
 ( #4416, #1920 ),
 ( #3018, #3186 ),
 ( #6984, #1238 ),
 ( #1195, #1790 ),
 ( #5633, #1751 ),
 ( #1067, #6856 ),
 ( #6303, #590 ),
 ( #3061, #5594 ),
 ( #5674, #7577 ),
 ( #6897, #4966 ),
 ( #7533, #1106 ),
 ( #7663, #3703 ),
 ( #546, #5717 ),
 ( #5762, #6941 ),
 ( #1154, #8299 ),
 ( #2513, #3829 ),
 ( #5135, #7706 ),
 ( #6388, #2727 ),
 ( #7792, #38 ),
 ( #166, #7874 ),
 ( #5893, #2049 ),
 ( #7835, #2763 ),
 ( #728, #1456 ),
 ( #5301, #2643 ),
 ( #2089, #5178 ),
 ( #7202, #3359 ) ),
 .UNSPECIFIED., .F., .F., .F.,
 ( 4, 1, 1, 1, 1, 1, 1, 1, 1, 1, 1, 1, 1, 1, 1, 1, 1, 1, 1, 1, 1, 1, 1, 1, 4 ),
 ( 2, 2 ),
 ( 0.000000000000000000, 0.05590784625908018501, 0.1083495384710666670, 0.1580270331407163109, 0.2046581972240887060, 0.2482233920554153817, 0.2888430493267900578, 0.3264715683707732352, 0.3613048020798571569, 0.3945729176601862065, 0.4274719911469874178, 0.4607694534002011455, 0.4944950031233131260, 0.5290378594948053070, 0.5646304238502892758, 0.6015117377593389714, 0.6396686735551306846, 0.6789295500384742166, 0.7194046743423679890, 0.7611260262203360938, 0.8045677350999579369, 0.8500859496549125760, 0.8974265021299865364, 0.9475687855323973174, 1.000000000000000000 ),
 ( 0.000000000000000000, 1.000000000000000000 ),
 .UNSPECIFIED. ) ;
#7735 = CARTESIAN_POINT ( 'NONE',  ( 306.0000000000000000, 25.21387978689617526, -157.9682059094869828 ) ) ;
#7736 = CARTESIAN_POINT ( 'NONE',  ( -8.276632978548770225, 46.00201150270693518, 182.9711895848985819 ) ) ;
#7737 = ADVANCED_FACE ( 'NONE', ( #2720 ), #2636, .F. ) ;
#7738 = VERTEX_POINT ( 'NONE', #5172 ) ;
#7739 = FACE_OUTER_BOUND ( 'NONE', #5567, .T. ) ;
#7740 = ORIENTED_EDGE ( 'NONE', *, *, #3851, .F. ) ;
#7741 = CARTESIAN_POINT ( 'NONE',  ( -37.66961966441640186, 38.21893044069948076, 175.1881085228911274 ) ) ;
#7742 = ORIENTED_EDGE ( 'NONE', *, *, #6863, .F. ) ;
#7743 = ORIENTED_EDGE ( 'NONE', *, *, #7043, .T. ) ;
#7744 = VECTOR ( 'NONE', #2305, 1000.000000000000000 ) ;
#7745 = CARTESIAN_POINT ( 'NONE',  ( 1.536394905606826233, 48.62795685585152228, 178.5260671261777361 ) ) ;
#7746 = CARTESIAN_POINT ( 'NONE',  ( 306.0000000000000000, 20.21387978689617881, -70.46820590948699703 ) ) ;
#7747 = DIRECTION ( 'NONE',  ( 0.000000000000000000, 0.000000000000000000, 1.000000000000000000 ) ) ;
#7748 = CARTESIAN_POINT ( 'NONE',  ( -18.15969159825037238, 48.66557558007829698, 178.5636858504044824 ) ) ;
#7749 = ADVANCED_FACE ( 'NONE', ( #6473 ), #680, .T. ) ;
#7750 = CARTESIAN_POINT ( 'NONE',  ( -58.62853716449716757, 40.45441900073846142, 170.3525292710645545 ) ) ;
#7751 = VECTOR ( 'NONE', #4941, 1000.000000000000000 ) ;
#7752 = CARTESIAN_POINT ( 'NONE',  ( -57.45005623804625827, 41.22793802879439795, 178.1971161109859736 ) ) ;
#7753 = ORIENTED_EDGE ( 'NONE', *, *, #1168, .T. ) ;
#7754 = CARTESIAN_POINT ( 'NONE',  ( 3.139377012508543618, 37.23055196955086643, 174.1997300517425060 ) ) ;
#7755 = ORIENTED_EDGE ( 'NONE', *, *, #6601, .F. ) ;
#7756 = VECTOR ( 'NONE', #5409, 1000.000000000000000 ) ;
#7757 = CARTESIAN_POINT ( 'NONE',  ( -66.81416208659558720, 44.02797086363313639, 180.9971489458247049 ) ) ;
#7758 = VECTOR ( 'NONE', #3558, 1000.000000000000000 ) ;
#7759 = CARTESIAN_POINT ( 'NONE',  ( 306.0000000000000000, 50.63054645356283601, -193.5346121594869828 ) ) ;
#7760 = DIRECTION ( 'NONE',  ( 0.000000000000000000, 0.000000000000000000, 1.000000000000000000 ) ) ;
#7761 = EDGE_CURVE ( 'NONE', #1521, #1973, #3353, .T. ) ;
#7762 = CARTESIAN_POINT ( 'NONE',  ( -32.73472383108308037, 30.98213447699340151, 167.9513125591850553 ) ) ;
#7763 = EDGE_LOOP ( 'NONE', ( #1620, #1064, #2755, #4285 ) ) ;
#7764 = VECTOR ( 'NONE', #4250, 1000.000000000000000 ) ;
#7765 = CARTESIAN_POINT ( 'NONE',  ( -23.43726198539398808, 35.17032092585728975, 165.0684311961834112 ) ) ;
#7766 = CARTESIAN_POINT ( 'NONE',  ( -11.23294268262909412, 48.78720521641155727, 178.6853154867377782 ) ) ;
#7767 = CARTESIAN_POINT ( 'NONE',  ( -28.02118216441640186, 38.93708576534209698, 168.8351960356682184 ) ) ;
#7768 = CARTESIAN_POINT ( 'NONE',  ( 301.0000000000000000, 27.71387978689617526, -78.05935174282031142 ) ) ;
#7769 = DIRECTION ( 'NONE',  ( -0.000000000000000000, -0.7071067811865489050, 0.7071067811865460184 ) ) ;
#7770 = CARTESIAN_POINT ( 'NONE',  ( 20.70130799965589219, 32.63216429304656430, 169.6013423752383744 ) ) ;
#7771 = LINE ( 'NONE', #3205, #5719 ) ;
#7772 = FACE_OUTER_BOUND ( 'NONE', #4919, .T. ) ;
#7773 = VECTOR ( 'NONE', #341, 1000.000000000000000 ) ;
#7774 = CARTESIAN_POINT ( 'NONE',  ( -61.99368478829348561, 37.95947901176219119, 174.9286570939538024 ) ) ;
#7775 = ORIENTED_EDGE ( 'NONE', *, *, #4621, .T. ) ;
#7776 = CARTESIAN_POINT ( 'NONE',  ( 306.0000000000000000, 0.000000000000000000, 0.000000000000000000 ) ) ;
#7777 = CARTESIAN_POINT ( 'NONE',  ( 335.9999999999999432, -73.76327744973373512, 115.6831564879060750 ) ) ;
#7778 = CARTESIAN_POINT ( 'NONE',  ( -53.24260971171827350, 49.01128626262795507, 185.9804643448195520 ) ) ;
#7779 = PLANE ( 'NONE',  #801 ) ;
#7780 = DIRECTION ( 'NONE',  ( -0.000000000000000000, -0.000000000000000000, 1.000000000000000000 ) ) ;
#7781 = CARTESIAN_POINT ( 'NONE',  ( 301.0000000000000568, 39.03010957675714110, -101.0605491835753327 ) ) ;
#7782 = ORIENTED_EDGE ( 'NONE', *, *, #5295, .T. ) ;
#7783 = CARTESIAN_POINT ( 'NONE',  ( -46.99744554719467970, 32.75149698759848604, 169.7206750697900759 ) ) ;
#7784 = VERTEX_POINT ( 'NONE', #5216 ) ;
#7785 = CARTESIAN_POINT ( 'NONE',  ( -57.60451549774973046, 27.44660057106070994, 164.4157786532522323 ) ) ;
#7786 = VERTEX_POINT ( 'NONE', #5842 ) ;
#7787 = ADVANCED_FACE ( 'NONE', ( #2082 ), #1936, .T. ) ;
#7788 = CARTESIAN_POINT ( 'NONE',  ( -37.65909294991750755, 42.67866023970410083, 172.5767705100302578 ) ) ;
#7789 = B_SPLINE_CURVE_WITH_KNOTS ( 'NONE', 3,
 ( #5973, #4000, #2762, #3398, #4039, #5932, #165, #768, #6560, #2681, #4671, #3317, #6599, #2128, #7201 ),
 .UNSPECIFIED., .F., .F.,
 ( 4, 1, 1, 1, 1, 1, 1, 1, 1, 1, 1, 1, 4 ),
 ( 0.000000000000000000, 0.1102269672499833347, 0.2103816558575524742, 0.3010803441087110954, 0.3827976210517506361, 0.4554136722215988975, 0.5194350311703060941, 0.5761976658153828978, 0.6261181379965865546, 0.7180774661156040795, 0.8098331188392255964, 0.9025871623566612545, 1.000000000000000000 ),
 .UNSPECIFIED. ) ;
#7790 = LINE ( 'NONE', #4190, #307 ) ;
#7791 = CARTESIAN_POINT ( 'NONE',  ( -29.58404221811859003, 35.56405036399917208, 165.4621606343253006 ) ) ;
#7792 = CARTESIAN_POINT ( 'NONE',  ( 21.99687372775854755, 31.63874540019629578, 161.5368556705224137 ) ) ;
#7793 = CC_DESIGN_PERSON_AND_ORGANIZATION_ASSIGNMENT ( #2816, #2185, ( #915 ) ) ;
#7794 = CARTESIAN_POINT ( 'NONE',  ( 301.0000000000001137, 19.82732292961429366, -107.0819616205202749 ) ) ;
#7795 = LINE ( 'NONE', #2806, #3918 ) ;
#7796 = ORIENTED_EDGE ( 'NONE', *, *, #5374, .F. ) ;
#7797 = VERTEX_POINT ( 'NONE', #4873 ) ;
#7798 = EDGE_CURVE ( 'NONE', #8133, #6884, #1704, .T. ) ;
#7799 = CARTESIAN_POINT ( 'NONE',  ( -32.28086933726429919, 49.53689001065415454, 186.5060680928458225 ) ) ;
#7800 = CARTESIAN_POINT ( 'NONE',  ( -66.21601105436711521, 30.47207596412600950, 167.4412540463176526 ) ) ;
#7801 = CARTESIAN_POINT ( 'NONE',  ( 301.0000000000000000, 50.63054645356283601, -185.7481538261536400 ) ) ;
#7802 = CARTESIAN_POINT ( 'NONE',  ( -56.78026359345349761, 45.98420370788652178, 182.9533817900781116 ) ) ;
#7803 = ORIENTED_EDGE ( 'NONE', *, *, #1758, .T. ) ;
#7804 = B_SPLINE_SURFACE_WITH_KNOTS ( 'NONE', 3, 1, ( 
 ( #1306, #1218 ),
 ( #2533, #17 ),
 ( #5030, #5112 ),
 ( #3206, #7685 ),
 ( #1900, #4482 ),
 ( #7053, #8236 ),
 ( #2620, #1259 ),
 ( #6965, #5201 ),
 ( #7600, #6416 ),
 ( #614, #5783 ),
 ( #8365, #4523 ),
 ( #4395, #1175 ),
 ( #7264, #3938 ),
 ( #5400, #7182 ),
 ( #1349, #1477 ) ),
 .UNSPECIFIED., .F., .F., .F.,
 ( 4, 1, 1, 1, 1, 1, 1, 1, 1, 1, 1, 1, 4 ),
 ( 2, 2 ),
 ( 0.000000000000000000, 0.08165259647068509596, 0.1638244950237422726, 0.2468420957727785192, 0.3350327490688830290, 0.3846220418720830425, 0.4423087160274381535, 0.5102989676562502686, 0.5875501513288813316, 0.6743333485776320524, 0.7725501577283161447, 0.8810307021354729651, 1.000000000000000000 ),
 ( 0.000000000000000000, 1.000000000000000000 ),
 .UNSPECIFIED. ) ;
#7805 = CARTESIAN_POINT ( 'NONE',  ( -46.83628633108306616, 34.03429460672442985, 171.0034726889160197 ) ) ;
#7806 = CARTESIAN_POINT ( 'NONE',  ( -13.49859503259212268, 42.32379455138354984, 172.2219048217096145 ) ) ;
#7807 = CARTESIAN_POINT ( 'NONE',  ( -28.26617887242004912, 45.92466533135573314, 175.8227756016819399 ) ) ;
#7808 = ADVANCED_FACE ( 'NONE', ( #1533 ), #8268, .T. ) ;
#7809 = CARTESIAN_POINT ( 'NONE',  ( -53.08628633108307326, 37.14630101350898173, 167.0444112838351316 ) ) ;
#7810 = LINE ( 'NONE', #7179, #7891 ) ;
#7811 = CARTESIAN_POINT ( 'NONE',  ( 20.80796341029799734, 32.94480347549582433, 169.9139815576875492 ) ) ;
#7812 = PLANE ( 'NONE',  #6249 ) ;
#7813 = CARTESIAN_POINT ( 'NONE',  ( -30.57745796624695345, 45.55082935320476167, 182.5200074353963373 ) ) ;
#7814 = DIRECTION ( 'NONE',  ( 0.000000000000000000, 0.8983483594854817511, -0.4392837636536816581 ) ) ;
#7815 = VERTEX_POINT ( 'NONE', #1016 ) ;
#7816 = DIRECTION ( 'NONE',  ( 0.000000000000000000, -0.9090818411859541426, -0.4166175776728049951 ) ) ;
#7817 = DIRECTION ( 'NONE',  ( 0.2582120903249846555, 0.000000000000000000, -0.9660882549798449626 ) ) ;
#7818 = CARTESIAN_POINT ( 'NONE',  ( 301.0000000000000000, 19.79721312022951096, -117.1348725761536542 ) ) ;
#7819 = EDGE_CURVE ( 'NONE', #742, #3182, #5498, .T. ) ;
#7820 = VECTOR ( 'NONE', #6160, 1000.000000000000114 ) ;
#7821 = EDGE_CURVE ( 'NONE', #8000, #8197, #6803, .T. ) ;
#7822 = CARTESIAN_POINT ( 'NONE',  ( 301.0000000000000000, 51.03943539124807671, -106.9116077641371447 ) ) ;
#7823 = CARTESIAN_POINT ( 'NONE',  ( -27.04381494683957854, 28.47918121616017473, 165.4483592983517610 ) ) ;
#7824 = CARTESIAN_POINT ( 'NONE',  ( -54.13443616552465443, 35.25567364697302253, 165.1537839172991085 ) ) ;
#7825 = AXIS2_PLACEMENT_3D ( 'NONE', #3659, #418, #3013 ) ;
#7826 = ORIENTED_EDGE ( 'NONE', *, *, #6309, .F. ) ;
#7827 = DIRECTION ( 'NONE',  ( -0.000000000000000000, 1.000000000000000000, -0.000000000000000000 ) ) ;
#7828 = ORIENTED_EDGE ( 'NONE', *, *, #3427, .F. ) ;
#7829 = DIRECTION ( 'NONE',  ( 0.000000000000000000, -0.7071067811865461294, -0.7071067811865490160 ) ) ;
#7830 = ORIENTED_EDGE ( 'NONE', *, *, #7445, .F. ) ;
#7831 = VECTOR ( 'NONE', #2404, 1000.000000000000114 ) ;
#7832 = CARTESIAN_POINT ( 'NONE',  ( -7.094999897626568242, 49.51833714225140426, 186.4875152244430296 ) ) ;
#7833 = CARTESIAN_POINT ( 'NONE',  ( -43.25674404788463079, 33.95389277075339862, 170.9230708529449601 ) ) ;
#7834 = CARTESIAN_POINT ( 'NONE',  ( 63.99704700225025533, 45.61224743669943393, 182.5814255188910522 ) ) ;
#7835 = CARTESIAN_POINT ( 'NONE',  ( 19.66524335594790074, 31.13789579331365331, 161.0360060636397463 ) ) ;
#7836 = CARTESIAN_POINT ( 'NONE',  ( -66.83628633108305905, 46.93346909165089187, 176.8315793619770488 ) ) ;
#7837 = AXIS2_PLACEMENT_3D ( 'NONE', #4538, #7111, #6916 ) ;
#7838 = FACE_OUTER_BOUND ( 'NONE', #541, .T. ) ;
#7839 = ORIENTED_EDGE ( 'NONE', *, *, #2881, .T. ) ;
#7840 = ORIENTED_EDGE ( 'NONE', *, *, #1323, .T. ) ;
#7841 = CARTESIAN_POINT ( 'NONE',  ( -3.252003306356050949, 39.56446335075336407, 169.4625736210794855 ) ) ;
#7842 = CC_DESIGN_APPROVAL ( #4330, ( #265 ) ) ;
#7843 = CARTESIAN_POINT ( 'NONE',  ( -60.23086136622386277, 35.24592620180064273, 165.1440364721267429 ) ) ;
#7844 = FACE_OUTER_BOUND ( 'NONE', #2228, .T. ) ;
#7845 = CARTESIAN_POINT ( 'NONE',  ( 335.9999999999999432, -53.52771198192617419, -301.2480616263205206 ) ) ;
#7846 = EDGE_CURVE ( 'NONE', #4914, #8200, #6092, .T. ) ;
#7847 = ORIENTED_EDGE ( 'NONE', *, *, #1127, .T. ) ;
#7848 = CARTESIAN_POINT ( 'NONE',  ( 13.58496109564283394, 35.57644604478876005, 172.5456241269803286 ) ) ;
#7849 = DIRECTION ( 'NONE',  ( 0.000000000000000000, 0.000000000000000000, -1.000000000000000000 ) ) ;
#7850 = CARTESIAN_POINT ( 'NONE',  ( -61.99368478829348561, 37.95947901176216988, 174.9286570939538308 ) ) ;
#7851 = CARTESIAN_POINT ( 'NONE',  ( -37.60097398455083351, 40.07761834553264890, 169.9757286158587988 ) ) ;
#7852 = CARTESIAN_POINT ( 'NONE',  ( -50.36071726009268446, 32.47664376685445120, 162.3747540371805655 ) ) ;
#7853 = CARTESIAN_POINT ( 'NONE',  ( 21.07830560290569011, 35.94324498310190563, 172.9124230652936944 ) ) ;
#7854 = CARTESIAN_POINT ( 'NONE',  ( -53.50264510066990198, 38.30908956357652784, 168.2071998339026493 ) ) ;
#7855 = CARTESIAN_POINT ( 'NONE',  ( -28.06928834800245554, 41.48456953160999916, 178.4537476138015961 ) ) ;
#7856 = LINE ( 'NONE', #7980, #3319 ) ;
#7857 = EDGE_CURVE ( 'NONE', #4961, #2622, #4472, .T. ) ;
#7858 = ORIENTED_EDGE ( 'NONE', *, *, #6971, .T. ) ;
#7859 = CARTESIAN_POINT ( 'NONE',  ( 15.94983471963793242, 34.62270579445884522, 164.5208160647849240 ) ) ;
#7860 = CARTESIAN_POINT ( 'NONE',  ( 301.0000000000000000, 50.63054645356283601, -151.7182059094869828 ) ) ;
#7861 = CARTESIAN_POINT ( 'NONE',  ( -11.66909379247886136, 35.62478914526788287, 165.5228994155939404 ) ) ;
#7862 = CARTESIAN_POINT ( 'NONE',  ( 14.96162213912369410, 31.45632070790814439, 168.4254987900998231 ) ) ;
#7863 = CARTESIAN_POINT ( 'NONE',  ( 26.91393940786788619, 36.01225653753392919, 172.9814346197255475 ) ) ;
#7864 = CARTESIAN_POINT ( 'NONE',  ( -9.726469301156956959, 49.43693134983224269, 179.3350416201583357 ) ) ;
#7865 = EDGE_CURVE ( 'NONE', #2, #4850, #4992, .T. ) ;
#7866 = ORIENTED_EDGE ( 'NONE', *, *, #5619, .T. ) ;
#7867 = LINE ( 'NONE', #4663, #7024 ) ;
#7868 = EDGE_LOOP ( 'NONE', ( #4217, #3586, #1322, #629 ) ) ;
#7869 = CARTESIAN_POINT ( 'NONE',  ( -63.05340428298052302, 31.86847617878481387, 161.7665864491109176 ) ) ;
#7870 = EDGE_LOOP ( 'NONE', ( #5159, #2539, #7909, #5588 ) ) ;
#7871 = CARTESIAN_POINT ( 'NONE',  ( 301.0000000000000568, 21.23144241009866917, -111.1818621196448191 ) ) ;
#7872 = CARTESIAN_POINT ( 'NONE',  ( -306.0000000000000000, 47.28212551604982394, -328.4730072434720682 ) ) ;
#7873 = PLANE ( 'NONE',  #2361 ) ;
#7874 = CARTESIAN_POINT ( 'NONE',  ( 21.26906302678430905, 27.90166216090421258, 164.8708402430956710 ) ) ;
#7875 = EDGE_CURVE ( 'NONE', #6792, #6210, #2374, .T. ) ;
#7876 = CARTESIAN_POINT ( 'NONE',  ( -6.512252211654024237, 34.77646600541850574, 164.6745762757446130 ) ) ;
#7877 = DIRECTION ( 'NONE',  ( 0.000000000000000000, 0.000000000000000000, -1.000000000000000000 ) ) ;
#7878 = ORIENTED_EDGE ( 'NONE', *, *, #6885, .T. ) ;
#7879 = ORIENTED_EDGE ( 'NONE', *, *, #3639, .T. ) ;
#7880 = CARTESIAN_POINT ( 'NONE',  ( -5.472212087741557873, 35.27131578228105724, 165.1694260526071218 ) ) ;
#7881 = CARTESIAN_POINT ( 'NONE',  ( -31.75670269636173160, 31.03833351218797532, 168.0075115943795083 ) ) ;
#7882 = CARTESIAN_POINT ( 'NONE',  ( -59.50373816972083318, 34.88414866587699947, 164.7822589362030783 ) ) ;
#7883 = VECTOR ( 'NONE', #750, 1000.000000000000114 ) ;
#7884 = PLANE ( 'NONE',  #873 ) ;
#7885 = CARTESIAN_POINT ( 'NONE',  ( -57.56545299774973046, 53.07922138907299825, 182.9773316593991979 ) ) ;
#7886 = CARTESIAN_POINT ( 'NONE',  ( 16.96305991833870053, 30.98862079837067895, 167.9577988805622795 ) ) ;
#7887 = MECHANICAL_CONTEXT ( 'NONE', #7142, 'mechanical' ) ;
#7888 = DIRECTION ( 'NONE',  ( 1.000000000000000000, -0.000000000000000000, -0.000000000000000000 ) ) ;
#7889 = ORIENTED_EDGE ( 'NONE', *, *, #3776, .F. ) ;
#7890 = VECTOR ( 'NONE', #3378, 1000.000000000000114 ) ;
#7891 = VECTOR ( 'NONE', #6538, 1000.000000000000114 ) ;
#7892 = CARTESIAN_POINT ( 'NONE',  ( 7.330380335583599916, 52.78459356357862475, 182.6827038339048102 ) ) ;
#7893 = EDGE_CURVE ( 'NONE', #2208, #6177, #6969, .T. ) ;
#7894 = CARTESIAN_POINT ( 'NONE',  ( -46.99744554719467970, 32.75149698759852157, 169.7206750697900475 ) ) ;
#7895 = CARTESIAN_POINT ( 'NONE',  ( 306.0000000000000000, 50.63054645356283601, -78.55414340948699703 ) ) ;
#7896 = CARTESIAN_POINT ( 'NONE',  ( -49.51580442163390217, 50.45090827456645854, 180.3490185448926297 ) ) ;
#7897 = CARTESIAN_POINT ( 'NONE',  ( -30.21781619669667762, 48.88339715154295817, 178.7815074218690938 ) ) ;
#7898 = CARTESIAN_POINT ( 'NONE',  ( 306.0000000000001137, 44.01489729884281132, -102.5684159543082643 ) ) ;
#7899 = VECTOR ( 'NONE', #3216, 1000.000000000000000 ) ;
#7900 = ORIENTED_EDGE ( 'NONE', *, *, #7558, .T. ) ;
#7901 = CARTESIAN_POINT ( 'NONE',  ( 28.58038033558359103, 49.24905965764588700, 179.1471699279720440 ) ) ;
#7902 = FACE_BOUND ( 'NONE', #5547, .T. ) ;
#7903 = DIRECTION ( 'NONE',  ( 1.000000000000000000, -0.000000000000000000, 0.000000000000000000 ) ) ;
#7904 = CARTESIAN_POINT ( 'NONE',  ( 14.25509178508080588, 35.61167149183658864, 165.5097817621627598 ) ) ;
#7905 = EDGE_CURVE ( 'NONE', #7299, #6903, #2316, .T. ) ;
#7906 = VECTOR ( 'NONE', #7141, 1000.000000000000114 ) ;
#7907 = LINE ( 'NONE', #197, #453 ) ;
#7908 = CARTESIAN_POINT ( 'NONE',  ( -53.09751464938256049, 36.96725703294252696, 166.8653673032686413 ) ) ;
#7909 = ORIENTED_EDGE ( 'NONE', *, *, #3324, .T. ) ;
#7910 = ORIENTED_EDGE ( 'NONE', *, *, #7294, .F. ) ;
#7911 = CARTESIAN_POINT ( 'NONE',  ( -36.98633901486557818, 42.94971218610644570, 179.9188902682980711 ) ) ;
#7912 = ORIENTED_EDGE ( 'NONE', *, *, #1770, .F. ) ;
#7913 = ADVANCED_FACE ( 'NONE', ( #8199 ), #490, .T. ) ;
#7915 = ADVANCED_FACE ( 'NONE', ( #4955 ), #5659, .T. ) ;
#7914 = CARTESIAN_POINT ( 'NONE',  ( -9.090710387053080765, 31.00003980733600883, 167.9692178895276413 ) ) ;
#7916 = CARTESIAN_POINT ( 'NONE',  ( 41.49704700225026244, 31.27676230248784606, 161.1748725728139391 ) ) ;
#7917 = EDGE_CURVE ( 'NONE', #7648, #8348, #8281, .T. ) ;
#7918 = FACE_OUTER_BOUND ( 'NONE', #5413, .T. ) ;
#7919 = CARTESIAN_POINT ( 'NONE',  ( 69.58298450225025533, 31.27676230248784606, 161.1748725728139391 ) ) ;
#7920 = CARTESIAN_POINT ( 'NONE',  ( -3.096718292046313881, 41.16781942742938583, 171.0659296977555641 ) ) ;
#7921 = CARTESIAN_POINT ( 'NONE',  ( -67.82242731949710901, 36.61686828866324106, 166.5149785589893838 ) ) ;
#7922 = ORIENTED_EDGE ( 'NONE', *, *, #5963, .F. ) ;
#7923 = ORIENTED_EDGE ( 'NONE', *, *, #7996, .T. ) ;
#7924 = EDGE_CURVE ( 'NONE', #7712, #632, #6678, .T. ) ;
#7925 = EDGE_CURVE ( 'NONE', #6514, #3269, #7013, .T. ) ;
#7926 = CARTESIAN_POINT ( 'NONE',  ( -7.762127090306396582, 34.53668664444812464, 164.4347969147742390 ) ) ;
#7927 = CARTESIAN_POINT ( 'NONE',  ( -30.17539828819698755, 31.56528212010354650, 168.5344602022951221 ) ) ;
#7928 = CARTESIAN_POINT ( 'NONE',  ( -58.68609571231911559, 31.10885976112664864, 168.0780378433182136 ) ) ;
#7929 = B_SPLINE_SURFACE_WITH_KNOTS ( 'NONE', 3, 1, ( 
 ( #2241, #194 ),
 ( #2118, #7434 ),
 ( #4698, #7269 ),
 ( #2791, #6669 ),
 ( #7349, #2199 ),
 ( #1568, #1610 ),
 ( #5367, #1653 ),
 ( #4105, #3470 ),
 ( #4187, #919 ),
 ( #6586, #8068 ),
 ( #6755, #6712 ),
 ( #7944, #2153 ),
 ( #3511, #6123 ),
 ( #4739, #7312 ),
 ( #1525, #877 ),
 ( #2914, #231 ),
 ( #3556, #2829 ),
 ( #5405, #965 ),
 ( #7986, #3602 ) ),
 .UNSPECIFIED., .F., .F., .F.,
 ( 4, 1, 1, 1, 1, 1, 1, 1, 1, 1, 1, 1, 1, 1, 1, 1, 4 ),
 ( 2, 2 ),
 ( 0.000000000000000000, 0.06550141546822060845, 0.1271347410815023560, 0.1855636666172975624, 0.2412882263504400882, 0.2953166271786772934, 0.3481693578045806925, 0.4016784276679011279, 0.4556637417312809912, 0.5115134368249635299, 0.5694223121318964242, 0.6307148987336913537, 0.6953220685368021181, 0.7645838915622417131, 0.8379075561357178792, 0.9165563449802962559, 1.000000000000000000 ),
 ( 0.000000000000000000, 1.000000000000000000 ),
 .UNSPECIFIED. ) ;
#7930 = CARTESIAN_POINT ( 'NONE',  ( -335.9999999999999432, -74.71787448395015474, -274.4730072434720682 ) ) ;
#7931 = CARTESIAN_POINT ( 'NONE',  ( -66.21113568839814434, 49.32639082392595498, 179.2245010942521333 ) ) ;
#7932 = CARTESIAN_POINT ( 'NONE',  ( -306.0000000000000000, 48.13302794031941545, 61.32442331500945443 ) ) ;
#7933 = CARTESIAN_POINT ( 'NONE',  ( -60.82919803323083840, 37.56810534573570948, 174.5372834279273491 ) ) ;
#7934 = EDGE_LOOP ( 'NONE', ( #8094, #8315, #754, #1748, #5013 ) ) ;
#7935 = CARTESIAN_POINT ( 'NONE',  ( -35.35236046893152206, 31.68820761935620922, 168.6573857015476392 ) ) ;
#7936 = FACE_OUTER_BOUND ( 'NONE', #6342, .T. ) ;
#7937 = CARTESIAN_POINT ( 'NONE',  ( 19.53878488449769790, 34.93827336111119308, 164.8363836314373714 ) ) ;
#7938 = CARTESIAN_POINT ( 'NONE',  ( -47.93126941668155183, 48.18010628536683981, 178.0782165556929613 ) ) ;
#7939 = CARTESIAN_POINT ( 'NONE',  ( -31.79940479570005607, 45.94141737614751264, 182.9105954583390883 ) ) ;
#7940 = CARTESIAN_POINT ( 'NONE',  ( -57.60451549774973046, 30.98213447699344769, 160.8802447473195230 ) ) ;
#7941 = ORIENTED_EDGE ( 'NONE', *, *, #3356, .T. ) ;
#7942 = PLANE ( 'NONE',  #8214 ) ;
#7943 = CARTESIAN_POINT ( 'NONE',  ( -55.40399466441639476, 40.62659220216148270, 177.5957702843531081 ) ) ;
#7944 = CARTESIAN_POINT ( 'NONE',  ( 301.0000000000000000, 27.24366205757614878, -110.6312619756829605 ) ) ;
#7945 = CARTESIAN_POINT ( 'NONE',  ( 13.64959397747703740, 34.21668287277825016, 171.1858609549698826 ) ) ;
#7946 = ADVANCED_FACE ( 'NONE', ( #573, #3345, #69, #1395, #7902, #2668, #5244 ), #6461, .F. ) ;
#7947 = LINE ( 'NONE', #4028, #4381 ) ;
#7948 = CARTESIAN_POINT ( 'NONE',  ( 306.0000000000001137, 44.75294451597446965, -109.5931439772713958 ) ) ;
#7949 = EDGE_LOOP ( 'NONE', ( #7828, #6813, #6172, #8187 ) ) ;
#7950 = VECTOR ( 'NONE', #6121, 1000.000000000000000 ) ;
#7951 = ORIENTED_EDGE ( 'NONE', *, *, #1142, .F. ) ;
#7952 = DIRECTION ( 'NONE',  ( -1.000000000000000000, -0.000000000000000000, -0.000000000000000000 ) ) ;
#7953 = EDGE_LOOP ( 'NONE', ( #7326, #6308, #2911, #4084 ) ) ;
#7954 = CARTESIAN_POINT ( 'NONE',  ( -11.25433105976195769, 35.28198249308118051, 165.1800927634073162 ) ) ;
#7955 = DIRECTION ( 'NONE',  ( 0.2450416351381770053, 0.6855489030874475365, 0.6855489030874500900 ) ) ;
#7956 = VECTOR ( 'NONE', #5262, 1000.000000000000114 ) ;
#7957 = DIRECTION ( 'NONE',  ( 0.000000000000000000, 0.000000000000000000, 1.000000000000000000 ) ) ;
#7958 = CARTESIAN_POINT ( 'NONE',  ( 301.0000000000000000, 40.21387978689617171, -111.4057059094869828 ) ) ;
#7959 = EDGE_CURVE ( 'NONE', #4203, #8373, #3984, .T. ) ;
#7960 = VECTOR ( 'NONE', #4849, 1000.000000000000114 ) ;
#7961 = CARTESIAN_POINT ( 'NONE',  ( 306.0000000000000000, 35.88445270356282890, -186.0476329928203256 ) ) ;
#7962 = ORIENTED_EDGE ( 'NONE', *, *, #2832, .F. ) ;
#7963 = CARTESIAN_POINT ( 'NONE',  ( -3.155618252304082105, 36.80455824691682665, 173.7737363291082602 ) ) ;
#7964 = CARTESIAN_POINT ( 'NONE',  ( -61.87367190705582232, 37.05041264763523401, 166.9485229179612986 ) ) ;
#7965 = CARTESIAN_POINT ( 'NONE',  ( 281.0000000000000000, 80.00000000000000000, -348.0308219178082254 ) ) ;
#7966 = AXIS2_PLACEMENT_3D ( 'NONE', #1406, #3953, #6556 ) ;
#7967 = CARTESIAN_POINT ( 'NONE',  ( -3.760705558856034969, 46.47293556760641309, 176.3710458379325416 ) ) ;
#7968 = ADVANCED_FACE ( 'NONE', ( #2625 ), #5917, .T. ) ;
#7969 = CARTESIAN_POINT ( 'NONE',  ( -62.92171354224083757, 52.08961123195279441, 181.9877215022789301 ) ) ;
#7970 = CARTESIAN_POINT ( 'NONE',  ( 301.0000000000000000, 31.04721312022951096, -105.8848725761536542 ) ) ;
#7971 = DATE_TIME_ROLE ( 'classification_date' ) ;
#7972 = CARTESIAN_POINT ( 'NONE',  ( -63.73348684329123159, 38.69324423814599356, 175.6624223203376687 ) ) ;
#7973 = ORIENTED_EDGE ( 'NONE', *, *, #6119, .T. ) ;
#7974 = VECTOR ( 'NONE', #5162, 1000.000000000000000 ) ;
#7975 = DIRECTION ( 'NONE',  ( 0.000000000000000000, 1.000000000000000000, -0.000000000000000000 ) ) ;
#7976 = CARTESIAN_POINT ( 'NONE',  ( -48.97398199879594927, 33.43667578748353009, 163.3347860578096515 ) ) ;
#7977 = CARTESIAN_POINT ( 'NONE',  ( 306.0000000000000000, 50.63054645356283601, -121.3015392428203256 ) ) ;
#7978 = CARTESIAN_POINT ( 'NONE',  ( 300.9999999999999432, 50.46700362515924354, -110.5483221688899960 ) ) ;
#7979 = LINE ( 'NONE', #4899, #7088 ) ;
#7980 = CARTESIAN_POINT ( 'NONE',  ( 96.49704700225025533, 27.74122839655510120, 164.7104064787466484 ) ) ;
#7981 = EDGE_CURVE ( 'NONE', #4784, #5724, #7146, .T. ) ;
#7982 = VECTOR ( 'NONE', #5105, 1000.000000000000000 ) ;
#7983 = ORIENTED_EDGE ( 'NONE', *, *, #6339, .T. ) ;
#7984 = CARTESIAN_POINT ( 'NONE',  ( -57.79331758108306616, 40.22608250188007162, 170.1241927722061860 ) ) ;
#7985 = CARTESIAN_POINT ( 'NONE',  ( 335.9999999999999432, 48.23670732222217339, 115.6222004174907170 ) ) ;
#7986 = CARTESIAN_POINT ( 'NONE',  ( 301.0000000000000000, 31.04721312022951096, -111.3015392428203256 ) ) ;
#7987 = CARTESIAN_POINT ( 'NONE',  ( 13.87206347525436989, 32.85652324052315976, 169.8257013227147922 ) ) ;
#7988 = CARTESIAN_POINT ( 'NONE',  ( 74.08819283558359814, 27.74122839655510120, 164.7104064787466484 ) ) ;
#7989 = CARTESIAN_POINT ( 'NONE',  ( 301.0000000000000000, 50.63054645356283601, -139.2182059094869828 ) ) ;
#7990 = CARTESIAN_POINT ( 'NONE',  ( 306.0000000000000000, 46.04721312022950741, -106.2689871594869828 ) ) ;
#7991 = ORIENTED_EDGE ( 'NONE', *, *, #4452, .F. ) ;
#7992 = VERTEX_POINT ( 'NONE', #5206 ) ;
#7993 = CARTESIAN_POINT ( 'NONE',  ( -60.57711189521745609, 43.89124023079820347, 180.8604183129897365 ) ) ;
#7994 = ORIENTED_EDGE ( 'NONE', *, *, #100, .F. ) ;
#7995 = CARTESIAN_POINT ( 'NONE',  ( -13.35074729680772698, 36.05195762315177177, 173.0211357053433403 ) ) ;
#7996 = EDGE_CURVE ( 'NONE', #4176, #6848, #4025, .T. ) ;
#7997 = DIRECTION ( 'NONE',  ( 0.000000000000000000, 0.9074075006366861817, 0.4202518623257752162 ) ) ;
#7998 = CARTESIAN_POINT ( 'NONE',  ( 301.0000000000001137, 22.95324823812467230, -98.32614032263030879 ) ) ;
#7999 = DIRECTION ( 'NONE',  ( 0.000000000000000000, -1.000000000000000000, -0.000000000000000000 ) ) ;
#8000 = VERTEX_POINT ( 'NONE', #7860 ) ;
#8001 = DIRECTION ( 'NONE',  ( 0.000000000000000000, 0.000000000000000000, 1.000000000000000000 ) ) ;
#8002 = ORIENTED_EDGE ( 'NONE', *, *, #1080, .F. ) ;
#8003 = EDGE_CURVE ( 'NONE', #6379, #3737, #6547, .T. ) ;
#8004 = CARTESIAN_POINT ( 'NONE',  ( -3.086286331083071488, 42.03067793303323185, 171.9287882033593462 ) ) ;
#8005 = LINE ( 'NONE', #254, #5331 ) ;
#8006 = DIRECTION ( 'NONE',  ( 1.000000000000000000, -0.000000000000000000, -0.000000000000000000 ) ) ;
#8007 = CARTESIAN_POINT ( 'NONE',  ( 8.432501187579562796, 34.00846530706331095, 163.9065755773894182 ) ) ;
#8008 = VECTOR ( 'NONE', #785, 1000.000000000000000 ) ;
#8009 = CARTESIAN_POINT ( 'NONE',  ( -37.48904445069673130, 48.84142332781399887, 185.8106014100057450 ) ) ;
#8010 = CARTESIAN_POINT ( 'NONE',  ( -51.54605328391982511, 42.93937588188747156, 172.8374861522135859 ) ) ;
#8011 = ORIENTED_EDGE ( 'NONE', *, *, #4152, .F. ) ;
#8012 = CARTESIAN_POINT ( 'NONE',  ( 0.000000000000000000, 0.000000000000000000, 0.000000000000000000 ) ) ;
#8013 = CARTESIAN_POINT ( 'NONE',  ( -64.44991887618559190, 42.70172607798914299, 172.5998363483152787 ) ) ;
#8014 = VERTEX_POINT ( 'NONE', #1993 ) ;
#8015 = CARTESIAN_POINT ( 'NONE',  ( -36.44919978352463374, 32.80030603411097445, 169.7694841163024080 ) ) ;
#8016 = VECTOR ( 'NONE', #4814, 1000.000000000000000 ) ;
#8017 = CARTESIAN_POINT ( 'NONE',  ( 335.9999999999999432, 48.23670732222217339, 115.6222004174907170 ) ) ;
#8018 = CARTESIAN_POINT ( 'NONE',  ( 306.0000000000000000, 19.79721312022951096, -113.3392996594869970 ) ) ;
#8019 = EDGE_CURVE ( 'NONE', #2758, #2052, #2117, .T. ) ;
#8020 = CARTESIAN_POINT ( 'NONE',  ( 301.0000000000001137, 50.72369512848610640, -109.6266824429176268 ) ) ;
#8021 = CARTESIAN_POINT ( 'NONE',  ( -56.36906211190795801, 36.27449221060884099, 173.2436702928004593 ) ) ;
#8022 = CARTESIAN_POINT ( 'NONE',  ( -19.58759703400943764, 41.01360686654108889, 177.9827849487327001 ) ) ;
#8023 = ORIENTED_EDGE ( 'NONE', *, *, #5635, .T. ) ;
#8024 = AXIS2_PLACEMENT_3D ( 'NONE', #6445, #646, #5186 ) ;
#8025 = DIRECTION ( 'NONE',  ( -1.000000000000000000, 0.000000000000000000, 0.000000000000000000 ) ) ;
#8026 = VECTOR ( 'NONE', #7314, 1000.000000000000114 ) ;
#8027 = CARTESIAN_POINT ( 'NONE',  ( -3.365005425471399025, 28.14121239569143285, 165.1103904778829587 ) ) ;
#8028 = DIRECTION ( 'NONE',  ( 0.000000000000000000, -1.000000000000000000, 0.000000000000000000 ) ) ;
#8029 = CARTESIAN_POINT ( 'NONE',  ( -5.018326394067506691, 44.89912011876888442, 181.8682982009605666 ) ) ;
#8030 = CARTESIAN_POINT ( 'NONE',  ( -8.450869664416403637, 30.98213447699344769, 160.8802447473195230 ) ) ;
#8031 = EDGE_CURVE ( 'NONE', #2094, #6765, #1355, .T. ) ;
#8032 = CARTESIAN_POINT ( 'NONE',  ( 306.0000000000000000, 25.21387978689617526, -149.2182059094869828 ) ) ;
#8033 = CARTESIAN_POINT ( 'NONE',  ( -53.24260971171827350, 52.54682016856069993, 182.4449304388868143 ) ) ;
#8034 = VECTOR ( 'NONE', #5146, 999.9999999999998863 ) ;
#8035 = ORIENTED_EDGE ( 'NONE', *, *, #4657, .F. ) ;
#8036 = EDGE_LOOP ( 'NONE', ( #3074, #4329, #5297, #4494 ) ) ;
#8037 = CARTESIAN_POINT ( 'NONE',  ( 26.91393940786788619, 39.54779044346667405, 169.4459007137928097 ) ) ;
#8038 = ORIENTED_EDGE ( 'NONE', *, *, #2631, .F. ) ;
#8039 = VECTOR ( 'NONE', #7224, 1000.000000000000000 ) ;
#8040 = CARTESIAN_POINT ( 'NONE',  ( -12.61914723325894805, 37.01144131231253454, 166.9095515826386134 ) ) ;
#8041 = DIRECTION ( 'NONE',  ( 0.000000000000000000, -0.7071067811865459074, -0.7071067811865491270 ) ) ;
#8042 = CARTESIAN_POINT ( 'NONE',  ( 98.05954700225025533, 49.24905965764587989, 186.2182377398375195 ) ) ;
#8043 = CIRCLE ( 'NONE', #381, 10.00000000000000888 ) ;
#8044 = PLANE ( 'NONE',  #4198 ) ;
#8045 = EDGE_LOOP ( 'NONE', ( #6433, #2225, #7496, #6057, #7430, #4243, #4094, #3920, #5700, #7653 ) ) ;
#8046 = LINE ( 'NONE', #7818, #1069 ) ;
#8047 = ORIENTED_EDGE ( 'NONE', *, *, #3170, .F. ) ;
#8048 = CARTESIAN_POINT ( 'NONE',  ( 96.49704700225025533, 48.04753055680156137, 177.9456408271277041 ) ) ;
#8049 = CARTESIAN_POINT ( 'NONE',  ( -32.73472383108307326, 34.51766838292617479, 164.4157786532522607 ) ) ;
#8050 = CARTESIAN_POINT ( 'NONE',  ( -335.9999999999999432, -53.90640872115755400, -301.0474397647021192 ) ) ;
#8051 = CARTESIAN_POINT ( 'NONE',  ( 301.0000000000000000, 24.95278762390408644, -105.1311945503581455 ) ) ;
#8052 = CARTESIAN_POINT ( 'NONE',  ( -63.63664174525955275, 51.72379818326228218, 181.6219084535885031 ) ) ;
#8053 = CARTESIAN_POINT ( 'NONE',  ( -41.72473817507441396, 49.41141026405013292, 179.3095205343763041 ) ) ;
#8054 = ORIENTED_EDGE ( 'NONE', *, *, #8212, .F. ) ;
#8055 = CARTESIAN_POINT ( 'NONE',  ( 300.9999999999999432, 40.07987475557928292, -95.02252769119097309 ) ) ;
#8056 = ORIENTED_EDGE ( 'NONE', *, *, #6832, .T. ) ;
#8057 = CARTESIAN_POINT ( 'NONE',  ( -60.58628633108306616, 47.26952895510542163, 177.1676392254315715 ) ) ;
#8058 = LINE ( 'NONE', #6950, #3705 ) ;
#8059 = CARTESIAN_POINT ( 'NONE',  ( -7.094999897626568242, 49.51833714225136873, 186.4875152244430581 ) ) ;
#8060 = CARTESIAN_POINT ( 'NONE',  ( -48.26952550244050855, 48.80979385214570243, 178.7079041224718594 ) ) ;
#8061 = CARTESIAN_POINT ( 'NONE',  ( 301.0000000000000000, 20.21387978689617881, -149.2182059094869828 ) ) ;
#8062 = CARTESIAN_POINT ( 'NONE',  ( -19.72974583932348835, 43.32146399188166441, 173.2195742622077717 ) ) ;
#8063 = ORIENTED_EDGE ( 'NONE', *, *, #6250, .T. ) ;
#8064 = ADVANCED_FACE ( 'NONE', ( #5286 ), #4616, .T. ) ;
#8065 = B_SPLINE_SURFACE_WITH_KNOTS ( 'NONE', 3, 1, ( 
 ( #2612, #8316 ),
 ( #8269, #5689 ),
 ( #518, #6999 ),
 ( #3802, #1252 ),
 ( #3888, #5193 ),
 ( #7765, #1383 ),
 ( #7089, #1341 ),
 ( #1893, #10 ),
 ( #6406, #6449 ),
 ( #3930, #1981 ),
 ( #3199, #6361 ),
 ( #3843, #5775 ),
 ( #4428, #6318 ),
 ( #2656, #2526 ),
 ( #8356, #1297 ),
 ( #651, #3116 ),
 ( #560, #4561 ),
 ( #2482, #2571 ),
 ( #5149, #5062 ) ),
 .UNSPECIFIED., .F., .F., .F.,
 ( 4, 1, 1, 1, 1, 1, 1, 1, 1, 1, 1, 1, 1, 1, 1, 1, 4 ),
 ( 2, 2 ),
 ( 0.000000000000000000, 0.07808658483457553423, 0.1517643730838153515, 0.2214932333121788222, 0.2878919840266424002, 0.3509793485620716358, 0.4114164532045888056, 0.4696476264603757222, 0.5263872862704576105, 0.5823090466579332602, 0.6374791568448715529, 0.6932295303169700995, 0.7504392124078099746, 0.8088437423414361893, 0.8698692018342296661, 0.9331702796346688089, 1.000000000000000000 ),
 ( 0.000000000000000000, 1.000000000000000000 ),
 .UNSPECIFIED. ) ;
#8066 = CARTESIAN_POINT ( 'NONE',  ( -10.78664380938163703, 31.46609131324570896, 168.4352693954372171 ) ) ;
#8067 = CARTESIAN_POINT ( 'NONE',  ( -4.506069628798258897, 27.82586436786059991, 164.7950424500520796 ) ) ;
#8068 = CARTESIAN_POINT ( 'NONE',  ( 306.0000000000000568, 26.35729035811510812, -110.0963443200974865 ) ) ;
#8069 = ADVANCED_FACE ( 'NONE', ( #8371 ), #150, .T. ) ;
#8070 = CARTESIAN_POINT ( 'NONE',  ( 306.0000000000000000, 48.23670732222217339, 61.96704619280065174 ) ) ;
#8071 = CARTESIAN_POINT ( 'NONE',  ( -11.02378355619045713, 31.13833423966070768, 161.0364445099868647 ) ) ;
#8072 = CARTESIAN_POINT ( 'NONE',  ( 281.0000000000000000, 80.00000000000000000, -373.0308219178082254 ) ) ;
#8073 = CARTESIAN_POINT ( 'NONE',  ( -57.56545299774973046, 53.07922138907299825, 182.9773316593991979 ) ) ;
#8074 = ORIENTED_EDGE ( 'NONE', *, *, #6832, .F. ) ;
#8075 = ORIENTED_EDGE ( 'NONE', *, *, #5160, .F. ) ;
#8076 = EDGE_CURVE ( 'NONE', #6945, #3696, #5834, .T. ) ;
#8077 = B_SPLINE_CURVE_WITH_KNOTS ( 'NONE', 3,
 ( #3006, #4321, #1058, #6332, #492, #533, #6886, #3131, #5581, #3692, #3817, #7823, #6508, #4579, #2671, #6426, #669, #716, #72 ),
 .UNSPECIFIED., .F., .F.,
 ( 4, 1, 1, 1, 1, 1, 1, 1, 1, 1, 1, 1, 1, 1, 1, 1, 4 ),
 ( 0.000000000000000000, 0.07808658483457553423, 0.1517643730838153515, 0.2214932333121788222, 0.2878919840266424002, 0.3509793485620716358, 0.4114164532045888056, 0.4696476264603757222, 0.5263872862704576105, 0.5823090466579332602, 0.6374791568448715529, 0.6932295303169700995, 0.7504392124078099746, 0.8088437423414361893, 0.8698692018342296661, 0.9331702796346688089, 1.000000000000000000 ),
 .UNSPECIFIED. ) ;
#8078 = CARTESIAN_POINT ( 'NONE',  ( -59.34147704293611980, 45.65565008875805830, 182.6248281709496268 ) ) ;
#8079 = ORIENTED_EDGE ( 'NONE', *, *, #535, .T. ) ;
#8080 = DIRECTION ( 'NONE',  ( 0.000000000000000000, 0.000000000000000000, 1.000000000000000000 ) ) ;
#8081 = CARTESIAN_POINT ( 'NONE',  ( -3.377879814831949545, 45.18432482833944164, 175.0824350986655134 ) ) ;
#8082 = CARTESIAN_POINT ( 'NONE',  ( -28.02118216441640186, 38.93708576534209698, 168.8351960356682184 ) ) ;
#8083 = CARTESIAN_POINT ( 'NONE',  ( 305.9999999999998863, 48.02632345128954228, -114.2977461031157702 ) ) ;
#8084 = ORIENTED_EDGE ( 'NONE', *, *, #2916, .T. ) ;
#8085 = CARTESIAN_POINT ( 'NONE',  ( -26.24989651518480116, 51.61381314675997345, 181.5119234170861375 ) ) ;
#8086 = ORIENTED_EDGE ( 'NONE', *, *, #535, .F. ) ;
#8087 = LINE ( 'NONE', #2424, #5990 ) ;
#8088 = CARTESIAN_POINT ( 'NONE',  ( 28.58038033558359103, 49.24905965764587989, 186.2182377398375195 ) ) ;
#8089 = LINE ( 'NONE', #296, #3179 ) ;
#8090 = CARTESIAN_POINT ( 'NONE',  ( 10.73481746199518128, 32.09896017212803798, 161.9970704424542021 ) ) ;
#8091 = VECTOR ( 'NONE', #8095, 1000.000000000000000 ) ;
#8092 = CARTESIAN_POINT ( 'NONE',  ( -36.98633901486557818, 46.48524609203921187, 176.3833563623653333 ) ) ;
#8093 = CARTESIAN_POINT ( 'NONE',  ( -42.81173712753892602, 47.65193227390598452, 177.5500425442321557 ) ) ;
#8094 = ORIENTED_EDGE ( 'NONE', *, *, #1449, .T. ) ;
#8095 = DIRECTION ( 'NONE',  ( 0.000000000000000000, 0.000000000000000000, -1.000000000000000000 ) ) ;
#8096 = ORIENTED_EDGE ( 'NONE', *, *, #4601, .T. ) ;
#8097 = CARTESIAN_POINT ( 'NONE',  ( -11.23294268262909412, 45.25167131047881242, 182.2208493926704875 ) ) ;
#8098 = CARTESIAN_POINT ( 'NONE',  ( 306.0000000000000000, 35.02507770356284311, -94.63487257615366843 ) ) ;
#8099 = EDGE_CURVE ( 'NONE', #2581, #7471, #1441, .T. ) ;
#8100 = CARTESIAN_POINT ( 'NONE',  ( 301.0000000000000000, 41.47690062022950741, -117.1348725761536542 ) ) ;
#8101 = LINE ( 'NONE', #2235, #3446 ) ;
#8102 = CARTESIAN_POINT ( 'NONE',  ( -47.66961966441640186, 47.51351762309296589, 177.4116278934191087 ) ) ;
#8103 = ORIENTED_EDGE ( 'NONE', *, *, #6058, .F. ) ;
#8104 = LINE ( 'NONE', #478, #4984 ) ;
#8105 = VECTOR ( 'NONE', #3162, 1000.000000000000000 ) ;
#8106 = CARTESIAN_POINT ( 'NONE',  ( -2.311216237749631919, 28.54469082601212904, 165.5138689082035910 ) ) ;
#8107 = CARTESIAN_POINT ( 'NONE',  ( -32.56530267498935416, 34.52189099081764567, 164.4200012611437671 ) ) ;
#8108 = CARTESIAN_POINT ( 'NONE',  ( 305.9999999999999432, 23.91571109875849643, -97.55082111208078288 ) ) ;
#8109 = CARTESIAN_POINT ( 'NONE',  ( 301.0000000000000000, 35.45476520356284311, -100.8848725761536542 ) ) ;
#8110 = DIRECTION ( 'NONE',  ( 0.000000000000000000, 0.000000000000000000, 1.000000000000000000 ) ) ;
#8111 = CARTESIAN_POINT ( 'NONE',  ( -50.02533933492895102, 47.37198398661360699, 184.3411620688053745 ) ) ;
#8112 = EDGE_CURVE ( 'NONE', #3709, #1534, #1227, .T. ) ;
#8113 = AXIS2_PLACEMENT_3D ( 'NONE', #8270, #1695, #1852 ) ;
#8114 = VERTEX_POINT ( 'NONE', #3858 ) ;
#8115 = DIRECTION ( 'NONE',  ( 0.000000000000000000, 0.2337879083682496972, 0.9722876189177762640 ) ) ;
#8116 = CARTESIAN_POINT ( 'NONE',  ( -67.11973386710130285, 35.21300114064018771, 165.1111114109662594 ) ) ;
#8117 = ORIENTED_EDGE ( 'NONE', *, *, #735, .T. ) ;
#8118 = CARTESIAN_POINT ( 'NONE',  ( 301.0000000000000568, 47.72894400902830370, -98.30077894106136682 ) ) ;
#8119 = CARTESIAN_POINT ( 'NONE',  ( -4.300222968073665442, 47.56166584150659560, 177.4597761118327810 ) ) ;
#8120 = EDGE_CURVE ( 'NONE', #5479, #7299, #6421, .T. ) ;
#8121 = VERTEX_POINT ( 'NONE', #1950 ) ;
#8122 = LINE ( 'NONE', #3485, #3795 ) ;
#8123 = VERTEX_POINT ( 'NONE', #4530 ) ;
#8124 = CARTESIAN_POINT ( 'NONE',  ( -26.98983251075688727, 52.00790241712834217, 181.9060126874545062 ) ) ;
#8125 = ORIENTED_EDGE ( 'NONE', *, *, #7010, .F. ) ;
#8126 = CARTESIAN_POINT ( 'NONE',  ( -56.36869445316828120, 31.00032726966743013, 160.8984375399935516 ) ) ;
#8127 = ADVANCED_FACE ( 'NONE', ( #7103 ), #1791, .T. ) ;
#8128 = CARTESIAN_POINT ( 'NONE',  ( -30.17539828819698755, 35.10081602603629136, 164.9989262963623844 ) ) ;
#8129 = DIRECTION ( 'NONE',  ( 0.000000000000000000, 0.000000000000000000, -1.000000000000000000 ) ) ;
#8130 = CARTESIAN_POINT ( 'NONE',  ( -7.811588334139966783, 49.52561122013063510, 179.4237214904568702 ) ) ;
#8131 = B_SPLINE_CURVE_WITH_KNOTS ( 'NONE', 3,
 ( #3680, #437, #4981, #397, #3721, #561, #3035, #4307, #1731, #3156, #2995, #5736, #5648, #6362, #5023, #6319, #5611, #8190, #6278 ),
 .UNSPECIFIED., .F., .F.,
 ( 4, 1, 1, 1, 1, 1, 1, 1, 1, 1, 1, 1, 1, 1, 1, 1, 4 ),
 ( 0.000000000000000000, 0.08354513117514386633, 0.1625557328271385049, 0.2372914089452630715, 0.3077071733264912790, 0.3742967137431865710, 0.4373328869094285087, 0.4978121525029931549, 0.5560341809668870594, 0.6121082938584401223, 0.6663330828909219683, 0.7195954610825444631, 0.7724616205444416739, 0.8260546906300043624, 0.8815802353559637483, 0.9392940242974037179, 1.000000000000000000 ),
 .UNSPECIFIED. ) ;
#8132 = CARTESIAN_POINT ( 'NONE',  ( -49.02530399407967110, 41.62652436564251701, 171.5246346359686811 ) ) ;
#8133 = VERTEX_POINT ( 'NONE', #7985 ) ;
#8134 = CARTESIAN_POINT ( 'NONE',  ( 301.0000000000000000, 25.21387978689617526, -139.2182059094869828 ) ) ;
#8135 = EDGE_LOOP ( 'NONE', ( #4056, #1110, #4735 ) ) ;
#8136 = CARTESIAN_POINT ( 'NONE',  ( -8.515973831083066159, 46.00815357720748722, 182.9773316593992263 ) ) ;
#8137 = CARTESIAN_POINT ( 'NONE',  ( -3.408350784690740820, 48.85040806543598535, 185.8195861476276889 ) ) ;
#8138 = LINE ( 'NONE', #5684, #3306 ) ;
#8139 = CARTESIAN_POINT ( 'NONE',  ( 20.70130799965589219, 36.16769819897938731, 166.0658084693055798 ) ) ;
#8140 = CARTESIAN_POINT ( 'NONE',  ( -19.74505738890820083, 42.47590767191257299, 172.3740179422386802 ) ) ;
#8141 = ORIENTED_EDGE ( 'NONE', *, *, #552, .T. ) ;
#8142 = LINE ( 'NONE', #8188, #927 ) ;
#8143 = EDGE_CURVE ( 'NONE', #6120, #7992, #836, .T. ) ;
#8144 = DIRECTION ( 'NONE',  ( 0.000000000000000000, 0.000000000000000000, 1.000000000000000000 ) ) ;
#8145 = CARTESIAN_POINT ( 'NONE',  ( -29.32905522485741301, 35.84922645908083183, 165.7473367294069817 ) ) ;
#8146 = VECTOR ( 'NONE', #8341, 1000.000000000000000 ) ;
#8147 = CARTESIAN_POINT ( 'NONE',  ( 306.0000000000000000, 47.27351010919175422, -274.3250455023379573 ) ) ;
#8148 = PLANE ( 'NONE',  #5056 ) ;
#8149 = CARTESIAN_POINT ( 'NONE',  ( -19.72974583932348835, 39.78593008594891955, 176.7551081681405094 ) ) ;
#8150 = CARTESIAN_POINT ( 'NONE',  ( -47.75800066534964827, 44.20314644967753992, 181.1723245318692364 ) ) ;
#8151 = VECTOR ( 'NONE', #5729, 1000.000000000000114 ) ;
#8152 = ORIENTED_EDGE ( 'NONE', *, *, #2962, .T. ) ;
#8153 = CARTESIAN_POINT ( 'NONE',  ( 335.9999999999999432, 0.000000000000000000, 0.000000000000000000 ) ) ;
#8154 = CARTESIAN_POINT ( 'NONE',  ( 17.21987271476669434, 30.98550040191144461, 160.8836106722375519 ) ) ;
#8155 = EDGE_CURVE ( 'NONE', #1842, #7712, #6722, .T. ) ;
#8156 = ORIENTED_EDGE ( 'NONE', *, *, #7590, .F. ) ;
#8157 = VECTOR ( 'NONE', #4782, 1000.000000000000000 ) ;
#8158 = CARTESIAN_POINT ( 'NONE',  ( 305.9999999999994884, 51.03696558601520650, -106.0575986256040864 ) ) ;
#8159 = VECTOR ( 'NONE', #799, 1000.000000000000114 ) ;
#8160 = DIRECTION ( 'NONE',  ( 0.000000000000000000, 0.000000000000000000, -1.000000000000000000 ) ) ;
#8161 = B_SPLINE_CURVE_WITH_KNOTS ( 'NONE', 3,
 ( #3192, #7799, #2013, #8349, #2564, #4596, #6061, #3366, #4716, #4757, #1544, #2771, #4680, #1378, #129, #4636, #5349, #3965, #4800 ),
 .UNSPECIFIED., .F., .F.,
 ( 4, 1, 1, 1, 1, 1, 1, 1, 1, 1, 1, 1, 1, 1, 1, 1, 4 ),
 ( 0.000000000000000000, 0.06501058592752109733, 0.1269063816850627135, 0.1862632757837058284, 0.2434591209511640375, 0.2993398817954647795, 0.3544382161232979556, 0.4094348701046162664, 0.4650143262269604838, 0.5218400107969326518, 0.5807556311259033377, 0.6418804122351531305, 0.7060984919853782182, 0.7735215834716335781, 0.8447916836256789130, 0.9203919190896322489, 1.000000000000000000 ),
 .UNSPECIFIED. ) ;
#8162 = ORIENTED_EDGE ( 'NONE', *, *, #6566, .F. ) ;
#8163 = CARTESIAN_POINT ( 'NONE',  ( -306.0000000000000000, 80.00000000000000000, 206.9691780821917462 ) ) ;
#8164 = AXIS2_PLACEMENT_3D ( 'NONE', #4436, #1945, #6285 ) ;
#8165 = ORIENTED_EDGE ( 'NONE', *, *, #6383, .F. ) ;
#8166 = EDGE_CURVE ( 'NONE', #364, #6677, #3411, .T. ) ;
#8167 = CARTESIAN_POINT ( 'NONE',  ( 301.0000000000000000, 33.13054645356284311, -167.1348725761536684 ) ) ;
#8168 = ORIENTED_EDGE ( 'NONE', *, *, #239, .F. ) ;
#8169 = EDGE_CURVE ( 'NONE', #7105, #3881, #8131, .T. ) ;
#8170 = AXIS2_PLACEMENT_3D ( 'NONE', #5418, #3444, #6725 ) ;
#8171 = CARTESIAN_POINT ( 'NONE',  ( -57.79331758108306616, 36.69054859594731965, 173.6597266781389237 ) ) ;
#8172 = CARTESIAN_POINT ( 'NONE',  ( -30.65478843751511562, 31.08553772087907063, 160.9836479912051175 ) ) ;
#8173 = LINE ( 'NONE', #424, #5602 ) ;
#8174 = CARTESIAN_POINT ( 'NONE',  ( 306.0000000000000000, 48.23670732222218049, 115.6222004174907028 ) ) ;
#8175 = ADVANCED_FACE ( 'NONE', ( #7594, #1806 ), #4389, .F. ) ;
#8176 = CARTESIAN_POINT ( 'NONE',  ( -43.91132010543729791, 42.37919494792180330, 172.2773052182479603 ) ) ;
#8177 = ORIENTED_EDGE ( 'NONE', *, *, #5539, .F. ) ;
#8178 = ADVANCED_FACE ( 'NONE', ( #3076 ), #1768, .T. ) ;
#8179 = B_SPLINE_CURVE_WITH_KNOTS ( 'NONE', 3,
 ( #441, #5651, #3038, #8233, #5614, #2998, #360, #6797, #7556, #3643, #2448, #7597, #523, #1810, #5694, #2958, #4392, #5533, #8109 ),
 .UNSPECIFIED., .F., .F.,
 ( 4, 1, 1, 1, 1, 1, 1, 1, 1, 1, 1, 1, 1, 1, 1, 1, 4 ),
 ( 0.000000000000000000, 0.04927615429502451433, 0.09644764200121436204, 0.1420438667843324232, 0.1876215160640750668, 0.2335666157269289667, 0.2815693718454783112, 0.3318395821697362469, 0.3862603830897459178, 0.4445949997588111713, 0.5075955869781597629, 0.5752425295218517309, 0.6484595343885413143, 0.7274819829374798985, 0.8124500795233927652, 0.9030890037962835404, 1.000000000000000000 ),
 .UNSPECIFIED. ) ;
#8180 = LINE ( 'NONE', #1111, #1353 ) ;
#8181 = ORIENTED_EDGE ( 'NONE', *, *, #6961, .F. ) ;
#8182 = CARTESIAN_POINT ( 'NONE',  ( 306.0000000000000000, 0.000000000000000000, -348.0308219178082254 ) ) ;
#8183 = CARTESIAN_POINT ( 'NONE',  ( -23.04994685652249231, 47.98931342528593547, 177.8874236956121138 ) ) ;
#8184 = CARTESIAN_POINT ( 'NONE',  ( -60.57711189521745609, 43.89124023079816794, 180.8604183129897649 ) ) ;
#8185 = CARTESIAN_POINT ( 'NONE',  ( 305.9999999999999432, 25.83201159972643524, -103.4884354857401974 ) ) ;
#8186 = CARTESIAN_POINT ( 'NONE',  ( -15.28111790843809814, 51.49571957626444174, 181.3938298465906485 ) ) ;
#8187 = ORIENTED_EDGE ( 'NONE', *, *, #4903, .T. ) ;
#8188 = CARTESIAN_POINT ( 'NONE',  ( 58.58038033558360524, 49.24905965764587989, 186.2182377398375195 ) ) ;
#8189 = EDGE_CURVE ( 'NONE', #5915, #8218, #6871, .T. ) ;
#8190 = CARTESIAN_POINT ( 'NONE',  ( -33.08688929467073336, 53.07026103236140813, 182.9683713026875864 ) ) ;
#8191 = CARTESIAN_POINT ( 'NONE',  ( 35.24704700225026244, 49.24905965764588700, 179.1471699279720440 ) ) ;
#8192 = CARTESIAN_POINT ( 'NONE',  ( 305.9999999999998863, 19.83188543067214837, -104.5279346829488816 ) ) ;
#8193 = DIRECTION ( 'NONE',  ( 0.000000000000000000, 0.000000000000000000, 1.000000000000000000 ) ) ;
#8194 = CARTESIAN_POINT ( 'NONE',  ( -32.57380128118223439, 46.00478802182431792, 182.9739661040159433 ) ) ;
#8195 = CARTESIAN_POINT ( 'NONE',  ( -43.89152324005807060, 37.22162927990009251, 174.1908073620916184 ) ) ;
#8196 = CARTESIAN_POINT ( 'NONE',  ( -54.84557083706345537, 49.35501291769736554, 186.3241909998891401 ) ) ;
#8197 = VERTEX_POINT ( 'NONE', #5570 ) ;
#8198 = CARTESIAN_POINT ( 'NONE',  ( 306.0000000000000000, 20.21387978689617881, -200.0515392428203256 ) ) ;
#8199 = FACE_OUTER_BOUND ( 'NONE', #7034, .T. ) ;
#8200 = VERTEX_POINT ( 'NONE', #6958 ) ;
#8201 = CARTESIAN_POINT ( 'NONE',  ( 2.779729254610590061, 45.66722826529839807, 175.5653385356245053 ) ) ;
#8202 = LINE ( 'NONE', #5503, #6675 ) ;
#8203 = ORIENTED_EDGE ( 'NONE', *, *, #4925, .T. ) ;
#8204 = CARTESIAN_POINT ( 'NONE',  ( -7.762127090306396582, 31.00115273851537978, 167.9703308207069767 ) ) ;
#8205 = ORIENTED_EDGE ( 'NONE', *, *, #4288, .T. ) ;
#8206 = CARTESIAN_POINT ( 'NONE',  ( -12.34981248704488088, 36.49160873469601540, 166.3897190050221582 ) ) ;
#8207 = EDGE_LOOP ( 'NONE', ( #2041, #1959, #8227, #1925 ) ) ;
#8208 = CARTESIAN_POINT ( 'NONE',  ( -34.90828500591509709, 49.06100573819183808, 178.9591160085179808 ) ) ;
#8209 = CARTESIAN_POINT ( 'NONE',  ( -46.86290219365923804, 36.92082630964264922, 166.8189365799688346 ) ) ;
#8210 = CARTESIAN_POINT ( 'NONE',  ( -335.9999999999999432, -52.40044383621697932, 89.70254495192531863 ) ) ;
#8211 = CARTESIAN_POINT ( 'NONE',  ( -306.0000000000000000, -73.86697205968057744, 115.3244233150094402 ) ) ;
#8212 = EDGE_CURVE ( 'NONE', #6311, #6175, #6912, .T. ) ;
#8213 = CARTESIAN_POINT ( 'NONE',  ( 301.0000000000000000, 31.04721312022951096, -111.3015392428203256 ) ) ;
#8214 = AXIS2_PLACEMENT_3D ( 'NONE', #3468, #2151, #4737 ) ;
#8215 = CARTESIAN_POINT ( 'NONE',  ( -37.48904445069673130, 48.84142332781397755, 185.8106014100057735 ) ) ;
#8216 = ORIENTED_EDGE ( 'NONE', *, *, #687, .F. ) ;
#8217 = DIRECTION ( 'NONE',  ( 0.000000000000000000, -0.7071067811865489050, 0.7071067811865460184 ) ) ;
#8218 = VERTEX_POINT ( 'NONE', #519 ) ;
#8219 = CARTESIAN_POINT ( 'NONE',  ( -10.77805143458749626, 45.53143703070155368, 182.5006151128931435 ) ) ;
#8220 = CARTESIAN_POINT ( 'NONE',  ( 306.0000000000000568, 49.37309462334822996, -100.1738633773504148 ) ) ;
#8221 = CARTESIAN_POINT ( 'NONE',  ( 335.9999999999999432, 47.27351010919175422, -328.0411557974455263 ) ) ;
#8222 = CARTESIAN_POINT ( 'NONE',  ( -61.14912393641174049, 36.01478643296087512, 165.9128967032869468 ) ) ;
#8223 = ADVANCED_FACE ( 'NONE', ( #3118 ), #5690, .F. ) ;
#8224 = AXIS2_PLACEMENT_3D ( 'NONE', #5896, #2010, #2686 ) ;
#8225 = EDGE_CURVE ( 'NONE', #7992, #4542, #6836, .T. ) ;
#8226 = LINE ( 'NONE', #5147, #6143 ) ;
#8227 = ORIENTED_EDGE ( 'NONE', *, *, #2544, .F. ) ;
#8228 = DIRECTION ( 'NONE',  ( 1.000000000000000000, -0.000000000000000000, -0.000000000000000000 ) ) ;
#8229 = DIRECTION ( 'NONE',  ( 0.000000000000000000, -1.000000000000000000, 0.000000000000000000 ) ) ;
#8230 = CARTESIAN_POINT ( 'NONE',  ( 106.0803803355835839, 37.67571038744421230, 167.5738206577703124 ) ) ;
#8231 = AXIS2_PLACEMENT_3D ( 'NONE', #2573, #6363, #3890 ) ;
#8232 = CARTESIAN_POINT ( 'NONE',  ( 7.330380335583599916, 52.78459356357862475, 182.6827038339048102 ) ) ;
#8233 = CARTESIAN_POINT ( 'NONE',  ( 300.9999999999998863, 45.90094623822440667, -105.0083592531593411 ) ) ;
#8234 = CARTESIAN_POINT ( 'NONE',  ( 306.0000000000000000, 31.04721312022951096, -111.3015392428203256 ) ) ;
#8235 = CARTESIAN_POINT ( 'NONE',  ( 306.0000000000000000, 32.29721312022951452, -79.07497674282032563 ) ) ;
#8236 = CARTESIAN_POINT ( 'NONE',  ( -53.77706701101720910, 35.07693010072691209, 172.0461081829184309 ) ) ;
#8237 = ADVANCED_FACE ( 'NONE', ( #3637 ), #5063, .T. ) ;
#8238 = CARTESIAN_POINT ( 'NONE',  ( 16.89418241891692318, 27.44660057106069928, 164.4157786532522323 ) ) ;
#8239 = ORIENTED_EDGE ( 'NONE', *, *, #2631, .T. ) ;
#8240 = CARTESIAN_POINT ( 'NONE',  ( -53.08628633108307326, 33.61076710757622976, 170.5799451897678409 ) ) ;
#8241 = DIRECTION ( 'NONE',  ( 0.1587818799992546104, 0.000000000000000000, 0.9873136860106326296 ) ) ;
#8242 = ORIENTED_EDGE ( 'NONE', *, *, #5983, .F. ) ;
#8243 = CARTESIAN_POINT ( 'NONE',  ( 300.9999999999999432, 43.00756178499811710, -95.75007751298967662 ) ) ;
#8244 = VECTOR ( 'NONE', #1179, 1000.000000000000000 ) ;
#8245 = CARTESIAN_POINT ( 'NONE',  ( 301.0000000000000000, 35.45476520356284311, -100.8848725761536542 ) ) ;
#8246 = ORIENTED_EDGE ( 'NONE', *, *, #5295, .F. ) ;
#8247 = DIRECTION ( 'NONE',  ( 0.000000000000000000, -1.000000000000000000, 0.000000000000000000 ) ) ;
#8248 = ORIENTED_EDGE ( 'NONE', *, *, #711, .T. ) ;
#8249 = CARTESIAN_POINT ( 'NONE',  ( -16.10678681925192635, 33.12722873831822312, 163.0253390086444369 ) ) ;
#8250 = EDGE_CURVE ( 'NONE', #3737, #6120, #7000, .T. ) ;
#8251 = ORIENTED_EDGE ( 'NONE', *, *, #7445, .T. ) ;
#8252 = LINE ( 'NONE', #956, #42 ) ;
#8253 = CARTESIAN_POINT ( 'NONE',  ( -335.9999999999999432, -74.71787448395015474, -328.4730072434720682 ) ) ;
#8254 = CARTESIAN_POINT ( 'NONE',  ( -28.02118216441640186, 38.93708576534209698, 168.8351960356682184 ) ) ;
#8255 = DIRECTION ( 'NONE',  ( 1.000000000000000000, -0.000000000000000000, -0.000000000000000000 ) ) ;
#8256 = CARTESIAN_POINT ( 'NONE',  ( 7.330380335583599916, 36.02763598858491179, 172.9968140707765656 ) ) ;
#8257 = CARTESIAN_POINT ( 'NONE',  ( -56.82318998386350017, 44.57650934974949308, 174.4746196200756003 ) ) ;
#8258 = VERTEX_POINT ( 'NONE', #137 ) ;
#8259 = CARTESIAN_POINT ( 'NONE',  ( 300.9999999999999432, 44.36149025942089708, -109.8882574321654317 ) ) ;
#8260 = ORIENTED_EDGE ( 'NONE', *, *, #7155, .F. ) ;
#8261 = ADVANCED_FACE ( 'NONE', ( #5151 ), #58, .T. ) ;
#8262 = CARTESIAN_POINT ( 'NONE',  ( 21.08038033558359814, 52.78459356357862475, 182.6827038339048102 ) ) ;
#8263 = CARTESIAN_POINT ( 'NONE',  ( 306.0000000000000568, 51.01709550563393236, -105.1048919000130724 ) ) ;
#8264 = DIRECTION ( 'NONE',  ( -0.3091658136193649042, 0.6724643112050902038, 0.6724643112050927574 ) ) ;
#8265 = CARTESIAN_POINT ( 'NONE',  ( -62.38967174774973046, 34.81229620842056960, 171.7814742906121239 ) ) ;
#8266 = CARTESIAN_POINT ( 'NONE',  ( -11.04768296213632084, 52.92341121784328806, 182.8215214881694806 ) ) ;
#8267 = VERTEX_POINT ( 'NONE', #4476 ) ;
#8268 = B_SPLINE_SURFACE_WITH_KNOTS ( 'NONE', 3, 1, ( 
 ( #6719, #6844 ),
 ( #7443, #1579 ),
 ( #4746, #973 ),
 ( #4155, #2251 ),
 ( #4114, #8078 ),
 ( #240, #7319 ),
 ( #6682, #1056 ),
 ( #886, #5414 ),
 ( #5540, #3479 ),
 ( #4235, #7993 ),
 ( #4831, #4786 ) ),
 .UNSPECIFIED., .F., .F., .F.,
 ( 4, 1, 1, 1, 1, 1, 1, 1, 4 ),
 ( 2, 2 ),
 ( 0.000000000000000000, 0.1305442956474595906, 0.2509933561331109120, 0.3697875653681558794, 0.4918546329088382407, 0.6152265009146742347, 0.7368748122725049532, 0.8642812210121737504, 1.000000000000000000 ),
 ( 0.000000000000000000, 1.000000000000000000 ),
 .UNSPECIFIED. ) ;
#8269 = CARTESIAN_POINT ( 'NONE',  ( -22.32009287591624513, 38.11555952150246895, 168.0136697918286188 ) ) ;
#8270 = CARTESIAN_POINT ( 'NONE',  ( -29.22244487520447365, 36.00134892933429143, 165.8994591996603845 ) ) ;
#8271 = CARTESIAN_POINT ( 'NONE',  ( -7.981445906165273385, 30.99082265457701624, 160.8889329249031448 ) ) ;
#8272 = EDGE_CURVE ( 'NONE', #4045, #4872, #3889, .T. ) ;
#8273 = LINE ( 'NONE', #7638, #2302 ) ;
#8274 = DIRECTION ( 'NONE',  ( 1.000000000000000000, -0.000000000000000000, -0.000000000000000000 ) ) ;
#8275 = FACE_OUTER_BOUND ( 'NONE', #1552, .T. ) ;
#8276 = CARTESIAN_POINT ( 'NONE',  ( -19.74505738890820083, 38.94037376597982814, 175.9095518481714180 ) ) ;
#8277 = FACE_OUTER_BOUND ( 'NONE', #1961, .T. ) ;
#8278 = CARTESIAN_POINT ( 'NONE',  ( 7.944992309994751700, 31.43408203834641768, 168.4032601205380217 ) ) ;
#8279 = EDGE_LOOP ( 'NONE', ( #4703, #2972, #1177, #283, #1095 ) ) ;
#8280 = PLANE ( 'NONE',  #4587 ) ;
#8281 = LINE ( 'NONE', #1094, #8244 ) ;
#8282 = EDGE_CURVE ( 'NONE', #8014, #1419, #6217, .T. ) ;
#8283 = EDGE_LOOP ( 'NONE', ( #8355, #7522, #2420, #2877 ) ) ;
#8284 = EDGE_CURVE ( 'NONE', #4193, #7358, #6575, .T. ) ;
#8285 = CARTESIAN_POINT ( 'NONE',  ( 306.0000000000001137, 44.71950280370884201, -116.2669382121033408 ) ) ;
#8286 = CARTESIAN_POINT ( 'NONE',  ( 305.9999999999996589, 38.47673643353520845, -94.79857834445539311 ) ) ;
#8287 = CARTESIAN_POINT ( 'NONE',  ( 300.9999999999998863, 44.55774588762201205, -102.9704865558559987 ) ) ;
#8288 = VECTOR ( 'NONE', #4413, 1000.000000000000114 ) ;
#8289 = EDGE_LOOP ( 'NONE', ( #6139, #2187, #8002, #5527 ) ) ;
#8290 = CARTESIAN_POINT ( 'NONE',  ( -3.386710525268084915, 35.30511566680065982, 172.2742937489921928 ) ) ;
#8291 = ORIENTED_EDGE ( 'NONE', *, *, #3427, .T. ) ;
#8292 = CARTESIAN_POINT ( 'NONE',  ( 306.0000000000000000, 25.21387978689617526, -139.2182059094869828 ) ) ;
#8293 = VECTOR ( 'NONE', #602, 1000.000000000000000 ) ;
#8294 = AXIS2_PLACEMENT_3D ( 'NONE', #2126, #2925, #8080 ) ;
#8295 = ORIENTED_EDGE ( 'NONE', *, *, #1576, .T. ) ;
#8296 = CARTESIAN_POINT ( 'NONE',  ( -60.36098182091014053, 46.32049740139228788, 176.2186076717185301 ) ) ;
#8297 = CARTESIAN_POINT ( 'NONE',  ( 306.0000000000000000, 41.26856728689617881, -189.4265392428203256 ) ) ;
#8298 = CARTESIAN_POINT ( 'NONE',  ( -29.09809786191231851, 32.63760564272017461, 169.6067837249117076 ) ) ;
#8299 = CARTESIAN_POINT ( 'NONE',  ( 24.36990850285939558, 29.25092974296526904, 166.2201078251567310 ) ) ;
#8300 = AXIS2_PLACEMENT_3D ( 'NONE', #819, #3407, #2652 ) ;
#8301 = CARTESIAN_POINT ( 'NONE',  ( 7.599090296971093395, 36.21572609665794573, 166.1138363669839748 ) ) ;
#8302 = B_SPLINE_CURVE_WITH_KNOTS ( 'NONE', 3,
 ( #4366, #621, #3212, #1311, #5789, #5207, #7778, #1994, #4575, #837, #5490, #6083, #6630, #151, #5962, #2282, #1482, #3387, #796 ),
 .UNSPECIFIED., .F., .F.,
 ( 4, 1, 1, 1, 1, 1, 1, 1, 1, 1, 1, 1, 1, 1, 1, 1, 4 ),
 ( 0.000000000000000000, 0.06941254106657468448, 0.1353414762920678305, 0.1991207205760013588, 0.2605883497725975384, 0.3201421186638009897, 0.3784162719999607516, 0.4361316809910258940, 0.4932419516963454931, 0.5510884096009999178, 0.6088423932581746856, 0.6683213223222764787, 0.7297110032428135717, 0.7930610477092870925, 0.8591856181874243381, 0.9281733381540206995, 1.000000000000000000 ),
 .UNSPECIFIED. ) ;
#8303 = DIRECTION ( 'NONE',  ( 0.000000000000000000, -1.000000000000000000, 0.000000000000000000 ) ) ;
#8304 = ORIENTED_EDGE ( 'NONE', *, *, #2297, .T. ) ;
#8305 = CARTESIAN_POINT ( 'NONE',  ( 301.0000000000000568, 42.67181405191326604, -110.7026623965913785 ) ) ;
#8306 = VERTEX_POINT ( 'NONE', #2020 ) ;
#8307 = EDGE_CURVE ( 'NONE', #3544, #1776, #1982, .T. ) ;
#8308 = VECTOR ( 'NONE', #8255, 1000.000000000000000 ) ;
#8309 = DIRECTION ( 'NONE',  ( -0.000000000000000000, -0.7071067811865489050, 0.7071067811865460184 ) ) ;
#8310 = CARTESIAN_POINT ( 'NONE',  ( -24.37921757280513546, 50.07258420995471937, 179.9706944802808835 ) ) ;
#8311 = CARTESIAN_POINT ( 'NONE',  ( 301.0000000000000000, 45.03158812022950741, -81.71820590948698282 ) ) ;
#8312 = CARTESIAN_POINT ( 'NONE',  ( -61.87367190705582232, 33.51487874170249626, 170.4840568238940364 ) ) ;
#8313 = CARTESIAN_POINT ( 'NONE',  ( 301.0000000000000000, 20.21387978689617881, -184.1075288261536684 ) ) ;
#8314 = EDGE_CURVE ( 'NONE', #2622, #580, #7720, .T. ) ;
#8315 = ORIENTED_EDGE ( 'NONE', *, *, #2078, .T. ) ;
#8316 = CARTESIAN_POINT ( 'NONE',  ( -22.25295299774973756, 34.88134960502080162, 171.8505276872124057 ) ) ;
#8317 = CARTESIAN_POINT ( 'NONE',  ( 301.0000000000000000, 25.21387978689617526, -157.9682059094869828 ) ) ;
#8318 = CARTESIAN_POINT ( 'NONE',  ( -28.81258453382977791, 47.30748812974036355, 177.2055984000665205 ) ) ;
#8319 = CARTESIAN_POINT ( 'NONE',  ( -306.0000000000000000, 48.13302794031941545, 115.3244233150094402 ) ) ;
#8320 = CARTESIAN_POINT ( 'NONE',  ( -46.84861522037673609, 34.29730050431849264, 171.2664785865099759 ) ) ;
#8321 = CARTESIAN_POINT ( 'NONE',  ( -28.13737108554640187, 41.85415732915647880, 178.8233354113480971 ) ) ;
#8322 = CARTESIAN_POINT ( 'NONE',  ( 10.73481746199518128, 32.09896017212803798, 161.9970704424542021 ) ) ;
#8323 = DIRECTION ( 'NONE',  ( 0.1544104495322849158, 0.000000000000000000, -0.9880067879702231215 ) ) ;
#8324 = CARTESIAN_POINT ( 'NONE',  ( 7.394668858566867620, 34.21925890098804501, 171.1884369831796562 ) ) ;
#8325 = EDGE_CURVE ( 'NONE', #3269, #6884, #3972, .T. ) ;
#8326 = EDGE_LOOP ( 'NONE', ( #7796, #992, #3687, #7409 ) ) ;
#8327 = DIRECTION ( 'NONE',  ( 1.000000000000000000, 0.000000000000000000, 0.000000000000000000 ) ) ;
#8328 = EDGE_CURVE ( 'NONE', #7655, #3733, #7091, .T. ) ;
#8329 = CARTESIAN_POINT ( 'NONE',  ( -52.66503728630577541, 39.80989703575265537, 176.7790751179443021 ) ) ;
#8330 = VERTEX_POINT ( 'NONE', #5864 ) ;
#8331 = CARTESIAN_POINT ( 'NONE',  ( 306.0000000000002274, 50.72369512848610640, -109.6266824429176268 ) ) ;
#8332 = DIRECTION ( 'NONE',  ( 1.000000000000000000, -0.000000000000000000, -0.000000000000000000 ) ) ;
#8333 = CARTESIAN_POINT ( 'NONE',  ( 305.9999999999999432, 46.04052676966755797, -106.0513679482107534 ) ) ;
#8334 = EDGE_CURVE ( 'NONE', #5898, #5630, #652, .T. ) ;
#8335 = VERTEX_POINT ( 'NONE', #6407 ) ;
#8336 = CARTESIAN_POINT ( 'NONE',  ( -306.0000000000000000, 0.000000000000000000, 206.9691780821917462 ) ) ;
#8337 = ORIENTED_EDGE ( 'NONE', *, *, #45, .T. ) ;
#8338 = CARTESIAN_POINT ( 'NONE',  ( -18.14631576937661706, 31.83472460989678154, 168.8039026920883146 ) ) ;
#8339 = VERTEX_POINT ( 'NONE', #5824 ) ;
#8340 = CARTESIAN_POINT ( 'NONE',  ( 2.449946289536896860, 43.19358128628873317, 180.1627593684803514 ) ) ;
#8341 = DIRECTION ( 'NONE',  ( 1.000000000000000000, -0.000000000000000000, -0.000000000000000000 ) ) ;
#8342 = CARTESIAN_POINT ( 'NONE',  ( -335.9999999999999432, -52.40044383621697932, 89.70254495192531863 ) ) ;
#8343 = FACE_OUTER_BOUND ( 'NONE', #5129, .T. ) ;
#8344 = CARTESIAN_POINT ( 'NONE',  ( -37.66604819970334006, 41.46285982484550203, 171.3609700951716377 ) ) ;
#8345 = CARTESIAN_POINT ( 'NONE',  ( 13.58038033558359103, 39.62761973134458060, 169.5257300016706949 ) ) ;
#8346 = ORIENTED_EDGE ( 'NONE', *, *, #2055, .T. ) ;
#8347 = CARTESIAN_POINT ( 'NONE',  ( 13.58038033558359103, 49.24905965764587989, 186.2182377398375195 ) ) ;
#8348 = VERTEX_POINT ( 'NONE', #7134 ) ;
#8349 = CARTESIAN_POINT ( 'NONE',  ( -30.53858307794780202, 49.43796632669489810, 186.4071444088865803 ) ) ;
#8350 = CARTESIAN_POINT ( 'NONE',  ( 306.0000000000000568, 45.56412544177894119, -96.84460442594590290 ) ) ;
#8351 = FACE_OUTER_BOUND ( 'NONE', #6717, .T. ) ;
#8352 = CARTESIAN_POINT ( 'NONE',  ( 305.9999999999998863, 26.29292081955613014, -103.0271979080478673 ) ) ;
#8353 = DIRECTION ( 'NONE',  ( 1.000000000000000000, -0.000000000000000000, -0.000000000000000000 ) ) ;
#8354 = AXIS2_PLACEMENT_3D ( 'NONE', #875, #6710, #5444 ) ;
#8355 = ORIENTED_EDGE ( 'NONE', *, *, #3281, .F. ) ;
#8356 = CARTESIAN_POINT ( 'NONE',  ( -29.66562321728425999, 31.23154349296568455, 161.1296537632917421 ) ) ;
#8357 = DIRECTION ( 'NONE',  ( 0.000000000000000000, 0.7071067811865460184, 0.7071067811865489050 ) ) ;
#8358 = DIRECTION ( 'NONE',  ( 0.000000000000000000, 0.7071067811865461294, 0.7071067811865490160 ) ) ;
#8359 = CARTESIAN_POINT ( 'NONE',  ( 306.0000000000000568, 20.00247433461891688, -108.2903885439798302 ) ) ;
#8360 = EDGE_CURVE ( 'NONE', #7648, #2581, #5947, .T. ) ;
#8361 = VECTOR ( 'NONE', #2303, 1000.000000000000000 ) ;
#8362 = CARTESIAN_POINT ( 'NONE',  ( 301.0000000000000000, 50.63054645356283601, -127.5515392428203114 ) ) ;
#8363 = CARTESIAN_POINT ( 'NONE',  ( 305.9999999999999432, 25.98929931853202291, -109.7663666299346517 ) ) ;
#8364 = CARTESIAN_POINT ( 'NONE',  ( 301.0000000000000000, 25.21387978689617526, -139.2182059094869828 ) ) ;
#8365 = CARTESIAN_POINT ( 'NONE',  ( -55.75672493148966424, 39.61230409036389233, 169.5104143606899640 ) ) ;
#8366 = EDGE_CURVE ( 'NONE', #293, #2780, #5116, .T. ) ;
#8367 = CARTESIAN_POINT ( 'NONE',  ( 7.599090296971093395, 32.68019219072519377, 169.6493702729167126 ) ) ;
#8368 = ORIENTED_EDGE ( 'NONE', *, *, #2009, .F. ) ;
#8369 = VECTOR ( 'NONE', #2419, 1000.000000000000000 ) ;
#8370 = PLANE ( 'NONE',  #649 ) ;
#8371 = FACE_OUTER_BOUND ( 'NONE', #3014, .T. ) ;
#8372 = CARTESIAN_POINT ( 'NONE',  ( -13.35074729680772698, 39.58749152908450952, 169.4856017994106026 ) ) ;
#8373 = VERTEX_POINT ( 'NONE', #6533 ) ;
#8374 = CARTESIAN_POINT ( 'NONE',  ( 301.0000000000000568, 48.66798638612777239, -113.6651313653071043 ) ) ;
#8375 = EDGE_CURVE ( 'NONE', #4411, #6565, #3335, .T. ) ;
#8376 = LINE ( 'NONE', #2587, #6676 ) ;
#8377 = DIRECTION ( 'NONE',  ( 0.000000000000000000, 1.000000000000000000, -0.000000000000000000 ) ) ;
#8378 = ORIENTED_EDGE ( 'NONE', *, *, #711, .F. ) ;
#8379 = DIRECTION ( 'NONE',  ( 0.000000000000000000, 0.7071067811865459074, 0.7071067811865491270 ) ) ;
#8380 = ORIENTED_EDGE ( 'NONE', *, *, #8019, .F. ) ;
#8381 = CARTESIAN_POINT ( 'NONE',  ( -9.763009438932160222, 31.00908699832559279, 160.9071972686516574 ) ) ;
#8382 = ORIENTED_EDGE ( 'NONE', *, *, #6369, .F. ) ;
#8383 = VECTOR ( 'NONE', #2737, 1000.000000000000000 ) ;
#8384 = ORIENTED_EDGE ( 'NONE', *, *, #6651, .T. ) ;
#8386 = EDGE_CURVE ( 'NONE', #6565, #2850, #4642, .T. ) ;
#8385 = CARTESIAN_POINT ( 'NONE',  ( -2.360572431585783004, 51.97521738159667848, 181.8733276519228355 ) ) ;
#8387 = DIRECTION ( 'NONE',  ( 1.000000000000000000, 0.000000000000000000, 0.000000000000000000 ) ) ;
#8388 = CARTESIAN_POINT ( 'NONE',  ( -28.02118216441640186, 35.40155185940938054, 172.3707299416008993 ) ) ;
#8389 = CARTESIAN_POINT ( 'NONE',  ( -8.470400914416400084, 53.07922138907299825, 182.9773316593991979 ) ) ;
#8390 = VECTOR ( 'NONE', #3497, 1000.000000000000000 ) ;
#8391 = CARTESIAN_POINT ( 'NONE',  ( -3.086286331083071488, 42.03067793303323185, 171.9287882033593462 ) ) ;
ENDSEC;
END-ISO-10303-21;
